rmcd (2),Age (Ma) (manual) (3),d13Cvpdb,d18Ovpdb,
61.89,18.952,1.098,1.779,
62.89,19.085,0.988,1.919,
63.39,19.151,1.140,1.540,
63.89,19.217,1.101,1.671,
64.39,19.284,1.028,1.581,
64.89,19.350,0.917,1.499,
64.97,19.361,1.120,1.860,
65.44,19.423,0.930,1.740,
65.91,19.486,1.092,1.784,
66.51,19.566,1.100,2.009,
66.51,19.566,0.818,1.768,
67.01,19.616,0.750,1.770,
67.51,19.651,0.813,1.733,
68.01,19.716,0.660,1.990,
70.01,20.175,0.820,1.990,
70.51,20.273,0.813,1.451,
71.01,20.357,0.840,1.670,
71.52,20.436,0.821,1.568,
71.54,20.439,0.854,1.906,
72.06,20.508,0.948,2.385,
73.04,20.636,1.054,2.364,
73.54,20.708,0.820,1.760,
74.04,20.797,0.587,1.936,
74.54,20.864,0.890,1.431,
74.91,20.909,1.101,2.479,
75.04,20.925,1.156,1.979,
75.41,20.970,0.990,1.950,
75.54,20.986,0.890,1.870,
75.91,21.031,1.120,1.870,
76.41,21.089,1.060,1.710,
76.50,21.096,1.083,1.722,
77.41,21.173,0.865,1.837,
77.91,21.216,0.500,1.590,
78.41,21.260,0.826,1.885,
78.91,21.304,0.872,2.029,
79.41,21.348,1.048,1.594,
79.91,21.392,1.230,1.940,
80.42,21.438,1.099,1.773,
81.74,21.554,0.618,1.023,
81.77,21.557,0.522,1.261,
81.84,21.563,0.658,1.167,
81.89,21.567,0.652,1.453,
81.94,21.572,0.701,1.363,
81.99,21.576,1.029,1.257,
82.04,21.581,0.497,1.251,
82.09,21.585,0.645,1.291,
82.14,21.589,0.289,0.827,
82.19,21.594,0.930,1.475,
82.24,21.598,0.769,1.260,
82.27,21.601,0.740,0.970,
82.29,21.603,0.833,1.250,
82.34,21.607,0.208,1.921,
82.39,21.611,0.339,0.757,
82.44,21.616,0.482,1.168,
82.49,21.620,0.780,1.698,
82.59,21.629,0.357,0.656,
82.64,21.633,0.662,2.239,
82.69,21.638,1.304,1.836,
82.74,21.642,0.832,1.715,
82.77,21.645,1.360,1.420,
82.77,21.645,1.360,1.420,
82.79,21.647,0.814,1.203,
82.84,21.651,0.644,1.321,
82.89,21.656,1.023,1.427,
82.94,21.660,1.116,1.375,
82.99,21.664,0.996,1.297,
83.04,21.669,1.018,1.479,
83.09,21.673,1.113,1.690,
83.16,21.679,0.668,1.474,
83.19,21.682,0.490,1.472,
83.24,21.686,0.883,1.485,
83.27,21.689,0.630,1.370,
83.29,21.691,0.708,1.108,
83.34,21.695,0.611,1.390,
83.39,21.700,0.901,1.472,
83.44,21.704,0.810,1.245,
83.49,21.709,0.996,1.597,
83.54,21.713,0.333,1.589,
83.58,21.717,1.035,1.638,
83.64,21.722,0.806,1.416,
83.69,21.726,0.850,1.243,
83.74,21.731,0.652,0.973,
83.79,21.735,1.564,2.026,
83.84,21.739,1.043,1.147,
83.89,21.744,0.881,1.413,
83.94,21.749,0.862,1.174,
83.99,21.753,0.692,1.389,
84.04,21.758,0.877,1.439,
84.09,21.763,1.120,1.454,
84.14,21.767,0.870,1.106,
84.19,21.772,1.217,1.659,
84.24,21.777,0.928,1.132,
84.27,21.779,1.100,1.450,
84.29,21.781,1.282,1.365,
84.34,21.786,1.222,1.849,
84.39,21.791,1.191,1.290,
84.44,21.797,1.145,1.436,
84.49,21.802,1.500,1.451,
84.54,21.807,1.231,1.237,
84.59,21.813,1.384,1.664,
84.64,21.818,1.343,1.343,
84.69,21.823,1.135,1.520,
84.74,21.828,1.365,1.387,
84.77,21.831,1.130,1.460,
84.84,21.839,1.232,1.571,
84.94,21.849,0.945,1.277,
84.99,21.855,1.200,1.397,
85.24,21.883,1.105,1.351,
85.27,21.886,1.330,1.560,
85.34,21.894,1.414,1.968,
85.44,21.906,1.150,1.484,
85.54,21.917,1.290,1.687,
85.64,21.929,1.330,1.714,
85.74,21.940,1.347,1.810,
85.77,21.944,0.920,1.470,
85.84,21.952,1.254,1.809,
85.94,21.963,1.480,1.843,
86.04,21.975,1.438,1.559,
86.14,21.986,1.171,1.922,
86.44,22.021,1.244,1.547,
86.54,22.033,1.200,1.651,
86.64,22.045,1.234,1.357,
86.74,22.056,1.161,1.660,
86.84,22.068,1.412,1.585,
86.94,22.079,0.857,1.609,
87.04,22.088,1.202,1.275,
87.14,22.098,1.275,1.419,
87.24,22.107,0.928,1.166,
87.31,22.114,1.482,1.254,
87.34,22.116,1.591,1.932,
87.36,22.118,1.398,1.875,
87.41,22.123,0.939,1.346,
87.43,22.125,1.299,1.767,
87.46,22.128,1.650,1.877,
87.50,22.131,1.509,2.080,
87.51,22.132,1.567,1.860,
87.56,22.137,1.522,1.962,
87.58,22.139,1.460,1.820,
87.61,22.142,1.335,1.846,
87.66,22.147,1.503,1.958,
87.71,22.151,1.279,2.001,
87.76,22.156,1.387,1.695,
87.81,22.161,0.749,2.165,
87.86,22.165,1.369,1.952,
87.91,22.170,1.438,1.898,
88.08,22.186,1.230,1.940,
88.56,22.231,1.275,1.894,
88.58,22.233,1.240,1.830,
88.66,22.241,1.121,0.808,
88.76,22.250,0.320,2.044,
88.86,22.260,1.185,1.795,
88.96,22.269,1.483,1.865,
89.01,22.274,1.374,1.788,
89.06,22.278,1.339,1.602,
89.08,22.280,1.240,1.730,
89.11,22.283,1.243,1.807,
89.16,22.288,1.451,1.742,
89.21,22.293,1.571,1.737,
89.26,22.297,1.429,1.625,
89.31,22.302,1.573,1.881,
89.36,22.307,1.411,1.482,
89.41,22.311,1.454,1.207,
89.51,22.321,1.240,1.598,
89.61,22.330,1.437,1.897,
89.71,22.340,1.353,1.793,
89.71,22.340,1.250,1.700,
89.81,22.349,1.392,1.848,
89.91,22.358,1.597,1.734,
90.01,22.367,1.474,1.830,
90.11,22.376,1.656,1.447,
90.21,22.385,1.388,1.732,
90.26,22.390,1.169,1.508,
90.36,22.399,1.237,1.908,
90.46,22.408,1.321,1.467,
90.51,22.413,1.408,1.393,
90.56,22.418,1.342,1.389,
90.66,22.427,1.459,1.963,
90.71,22.431,1.305,1.401,
90.71,22.431,1.130,1.680,
90.86,22.445,1.482,1.388,
90.91,22.450,0.405,2.161,
91.08,22.465,1.490,1.650,
91.22,22.478,1.440,2.040,
91.26,22.482,1.165,1.678,
91.36,22.491,1.122,1.444,
91.58,22.511,1.260,1.260,
91.72,22.524,1.210,1.670,
92.08,22.557,1.570,1.860,
92.22,22.570,1.650,1.490,
92.46,22.592,1.046,1.818,
92.46,22.592,1.548,1.600,
92.56,22.603,1.211,1.792,
92.56,22.603,1.062,1.816,
92.58,22.605,1.310,1.530,
92.61,22.608,1.522,1.486,
92.71,22.619,1.394,1.571,
92.76,22.624,1.179,1.519,
93.21,22.672,1.202,1.582,
93.21,22.672,1.310,1.670,
93.31,22.682,1.312,1.757,
93.46,22.698,1.184,1.787,
93.51,22.703,0.977,1.331,
93.55,22.708,1.497,1.833,
93.56,22.708,1.546,1.773,
93.58,22.711,1.140,1.520,
93.60,22.713,1.337,1.868,
93.65,22.718,1.495,2.012,
93.67,22.720,1.404,1.343,
93.70,22.723,1.405,1.877,
93.72,22.725,1.210,1.890,
93.75,22.728,1.327,1.722,
93.78,22.731,1.350,1.990,
93.80,22.734,1.179,2.154,
93.85,22.739,1.362,1.879,
93.90,22.744,1.119,1.525,
93.95,22.749,1.644,1.878,
93.98,22.752,1.340,1.613,
94.00,22.754,1.414,1.773,
94.05,22.760,1.438,1.747,
94.10,22.765,1.532,1.871,
94.15,22.770,0.910,1.986,
94.18,22.773,1.126,1.751,
94.20,22.775,1.008,1.372,
94.25,22.781,1.048,1.516,
94.30,22.786,0.945,1.467,
94.35,22.791,1.278,1.811,
94.38,22.794,1.110,1.570,
94.40,22.796,1.337,1.417,
94.45,22.801,1.224,1.043,
94.50,22.807,1.273,1.556,
94.55,22.812,0.992,1.711,
94.58,22.815,1.390,1.850,
94.60,22.817,1.383,1.307,
94.61,22.818,1.360,1.910,
94.70,22.828,1.516,1.974,
94.75,22.833,1.632,1.780,
94.76,22.834,1.530,1.830,
94.80,22.838,1.604,1.904,
94.85,22.845,1.187,1.969,
94.90,22.852,1.452,1.804,
94.95,22.858,1.587,1.670,
95.05,22.871,1.320,2.073,
95.10,22.878,1.765,1.958,
95.15,22.885,1.645,1.794,
95.20,22.891,1.551,1.480,
95.25,22.898,1.394,1.784,
95.30,22.905,1.388,1.719,
95.35,22.911,1.445,1.853,
95.38,22.915,1.510,1.790,
95.40,22.918,1.347,1.648,
95.58,22.942,1.410,1.880,
95.65,22.951,1.415,1.847,
95.70,22.958,1.586,1.920,
95.75,22.964,1.475,1.815,
95.75,22.964,1.360,1.650,
95.78,22.968,1.450,1.990,
95.85,22.978,1.494,1.938,
95.90,22.984,1.703,1.862,
95.95,22.991,1.466,2.274,
95.98,22.995,1.400,2.130,
96.00,22.997,1.475,2.147,
96.05,23.004,1.358,1.871,
96.10,23.011,1.320,2.114,
96.15,23.017,0.588,2.327,
96.20,23.024,1.378,2.131,
96.25,23.030,1.297,2.075,
96.30,23.034,1.747,1.172,
96.35,23.038,1.527,2.053,
96.45,23.046,1.489,2.286,
96.48,23.048,1.600,1.960,
96.60,23.058,1.488,1.991,
96.65,23.062,1.570,2.200,
96.67,23.063,1.470,2.180,
96.70,23.066,1.411,1.859,
96.75,23.070,1.562,2.222,
96.80,23.074,1.079,2.036,
96.82,23.075,1.290,2.200,
96.85,23.078,1.357,2.109,
96.95,23.085,1.551,2.216,
97.00,23.089,1.309,2.150,
97.02,23.091,1.390,1.930,
97.05,23.093,1.307,1.975,
97.10,23.097,1.534,2.105,
97.22,23.107,1.500,1.980,
97.30,23.113,1.498,1.713,
97.35,23.117,1.397,1.872,
97.40,23.121,1.379,1.783,
97.42,23.123,1.270,2.050,
97.45,23.125,1.427,1.983,
97.50,23.129,1.405,2.013,
97.55,23.133,0.976,1.764,
97.60,23.137,1.401,2.183,
97.65,23.141,1.375,1.715,
97.70,23.145,0.442,1.486,
97.82,23.155,1.100,1.580,
97.85,23.157,0.916,1.766,
97.90,23.161,1.086,1.507,
98.00,23.169,1.216,1.807,
98.02,23.171,1.140,1.770,
98.06,23.174,1.075,1.578,
98.15,23.181,1.455,1.808,
98.32,23.195,1.140,1.510,
98.52,23.211,0.900,1.800,
98.72,23.227,0.898,1.383,
99.12,23.257,0.860,1.610,
99.32,23.272,0.860,1.520,
99.47,23.283,0.870,1.590,
99.52,23.287,0.720,1.610,
99.67,23.299,0.820,1.510,
100.07,23.329,0.850,1.450,
100.27,23.345,0.780,1.460,
100.77,23.390,0.900,1.530,
100.97,23.408,1.040,1.360,
101.05,23.415,1.395,1.410,
101.37,23.444,0.990,1.370,
101.40,23.446,1.151,1.750,
101.50,23.455,1.219,1.351,
101.55,23.460,1.230,1.372,
101.57,23.462,0.990,1.290,
101.65,23.469,1.392,1.960,
101.77,23.480,1.170,1.680,
101.85,23.487,1.249,1.801,
101.90,23.491,1.446,1.383,
102.00,23.500,0.951,1.553,
102.10,23.509,1.215,1.673,
102.15,23.514,1.127,1.464,
102.20,23.518,1.198,1.923,
102.20,23.518,1.193,1.703,
102.22,23.520,1.170,1.730,
102.25,23.523,0.762,0.927,
102.27,23.525,1.210,1.630,
102.30,23.527,1.195,1.702,
102.35,23.532,1.351,1.556,
102.40,23.536,1.143,1.420,
102.42,23.538,1.230,1.630,
102.42,23.538,1.230,1.630,
102.45,23.541,1.488,1.672,
102.50,23.545,1.455,1.755,
102.55,23.550,1.152,1.569,
102.60,23.554,0.834,1.493,
102.63,23.557,1.200,1.410,
102.65,23.559,1.104,1.225,
102.67,23.561,0.990,1.540,
102.70,23.563,1.386,1.732,
102.75,23.568,1.167,1.576,
102.80,23.572,0.904,1.809,
102.82,23.574,0.750,1.590,
102.85,23.577,1.201,1.902,
102.87,23.579,0.950,1.720,
102.90,23.581,1.288,1.885,
102.95,23.586,0.918,1.470,
103.00,23.590,1.248,1.254,
103.02,23.592,1.260,1.680,
103.05,23.595,1.384,1.696,
103.07,23.597,1.110,1.430,
103.10,23.599,1.123,1.530,
103.20,23.608,1.346,1.683,
103.22,23.610,1.060,1.340,
103.25,23.613,1.171,1.846,
103.27,23.615,0.900,1.750,
103.30,23.617,1.156,1.670,
103.35,23.622,1.107,1.892,
103.40,23.626,0.939,2.145,
103.42,23.628,0.890,1.730,
103.45,23.631,0.958,1.600,
103.60,23.644,1.044,1.952,
103.65,23.649,1.135,1.826,
103.70,23.653,0.894,1.690,
103.72,23.655,1.056,1.377,
103.75,23.658,0.986,1.534,
103.77,23.660,1.085,1.332,
103.80,23.662,0.073,1.739,
103.85,23.667,0.780,1.543,
103.90,23.671,0.170,1.576,
103.92,23.673,0.790,1.560,
103.95,23.676,0.967,1.646,
103.97,23.678,1.237,1.728,
104.00,23.680,1.165,1.980,
104.05,23.685,0.990,1.206,
104.10,23.689,1.203,1.598,
104.12,23.691,0.780,1.490,
104.15,23.694,1.149,1.413,
104.17,23.696,0.566,1.152,
104.20,23.698,0.839,1.036,
104.25,23.703,0.829,1.377,
104.30,23.707,0.811,1.650,
104.32,23.709,0.874,1.929,
104.32,23.709,0.760,1.140,
104.35,23.712,0.725,1.160,
104.37,23.714,0.376,1.064,
104.37,23.714,0.962,1.286,
104.40,23.716,0.622,1.754,
104.43,23.719,0.625,1.190,
104.45,23.721,1.010,1.388,
104.48,23.723,0.490,1.115,
104.50,23.725,0.389,1.441,
104.52,23.727,0.610,1.460,
104.52,23.727,0.700,1.310,
104.53,23.728,0.450,1.717,
104.54,23.729,0.399,1.185,
104.56,23.731,0.530,1.168,
104.58,23.733,0.827,1.296,
104.58,23.733,0.519,1.197,
104.63,23.737,0.769,1.183,
104.63,23.737,0.883,1.621,
104.67,23.740,0.610,1.508,
104.68,23.742,0.686,1.154,
104.68,23.742,0.650,1.300,
104.73,23.746,0.424,1.048,
104.78,23.751,0.571,1.630,
104.83,23.755,0.594,1.697,
104.84,23.756,0.610,1.400,
104.88,23.760,0.548,1.096,
104.93,23.764,0.637,1.060,
104.98,23.769,0.479,1.384,
105.01,23.771,0.910,1.420,
105.03,23.773,1.023,1.488,
105.08,23.778,0.657,1.303,
105.13,23.782,0.779,1.237,
105.18,23.787,1.106,1.441,
105.23,23.791,0.764,1.156,
105.28,23.796,0.610,1.031,
105.30,23.798,0.700,1.430,
105.33,23.800,0.892,1.433,
105.38,23.805,0.912,1.527,
105.43,23.809,0.656,1.242,
105.46,23.812,0.960,1.410,
105.48,23.814,0.872,1.483,
105.53,23.818,0.891,1.326,
105.58,23.823,0.878,1.440,
105.63,23.827,1.010,1.415,
105.68,23.832,1.113,1.728,
105.73,23.836,0.922,1.240,
105.79,23.842,1.029,1.912,
105.80,23.843,0.980,1.470,
105.82,23.844,0.987,1.647,
105.87,23.849,0.715,1.532,
105.93,23.854,0.588,1.555,
105.98,23.859,0.918,1.423,
106.03,23.865,0.996,1.783,
106.05,23.867,0.730,1.410,
106.08,23.871,0.751,1.345,
106.13,23.876,0.705,1.148,
106.18,23.882,0.911,1.731,
106.23,23.888,0.829,1.649,
106.30,23.896,0.620,1.410,
106.33,23.899,0.762,1.452,
106.38,23.905,0.811,1.298,
106.43,23.911,0.527,1.175,
106.48,23.916,0.909,1.327,
106.50,23.919,0.760,1.420,
106.53,23.922,0.884,1.458,
106.58,23.928,0.524,1.401,
106.63,23.934,0.685,1.433,
106.68,23.939,0.530,1.390,
106.73,23.945,0.445,1.422,
106.78,23.951,0.930,1.365,
106.80,23.953,0.760,1.380,
106.83,23.957,0.987,1.626,
106.88,23.962,0.411,1.290,
106.93,23.968,0.357,1.204,
106.98,23.974,0.467,1.571,
107.01,23.977,0.480,1.510,
107.03,23.979,0.866,1.533,
107.08,23.985,0.685,1.389,
107.18,23.997,0.872,1.438,
107.20,23.999,0.540,1.100,
107.23,24.002,0.687,0.962,
107.28,24.008,0.681,1.584,
107.30,24.010,0.680,1.230,
107.33,24.014,0.735,1.395,
107.38,24.019,0.464,1.239,
107.43,24.025,0.503,1.412,
107.43,24.025,0.817,1.460,
107.48,24.031,0.399,1.694,
107.50,24.033,0.640,1.510,
107.53,24.037,0.960,1.628,
107.58,24.042,0.691,1.073,
107.63,24.048,0.436,1.416,
107.68,24.054,0.533,1.130,
107.73,24.059,0.316,1.263,
107.78,24.065,0.457,1.277,
107.78,24.065,0.767,1.436,
107.80,24.067,0.530,1.140,
107.83,24.071,0.539,1.237,
107.88,24.077,0.521,1.191,
107.93,24.082,0.297,1.224,
107.98,24.088,0.231,1.028,
107.99,24.089,0.512,1.384,
108.03,24.094,0.628,1.381,
108.08,24.099,0.470,1.354,
108.13,24.105,0.242,1.517,
108.18,24.111,0.878,1.431,
108.23,24.117,0.726,1.245,
108.28,24.122,0.517,1.159,
108.33,24.128,0.775,1.289,
108.38,24.134,0.579,1.133,
108.43,24.140,0.771,1.206,
108.48,24.145,0.775,1.140,
108.50,24.148,0.540,1.370,
108.53,24.151,0.640,1.084,
108.58,24.157,0.335,1.296,
108.63,24.162,0.573,1.609,
108.68,24.168,0.469,1.562,
108.73,24.174,0.746,1.337,
108.80,24.182,0.369,0.911,
108.82,24.184,0.590,1.410,
108.83,24.185,0.331,1.445,
108.88,24.191,0.685,1.191,
108.93,24.197,0.858,1.347,
108.98,24.202,0.828,1.333,
109.02,24.207,0.660,1.290,
109.03,24.208,0.581,1.129,
109.08,24.214,0.719,1.224,
109.13,24.220,0.507,1.220,
109.18,24.225,0.827,1.305,
109.19,24.226,1.000,1.460,
109.21,24.228,0.710,1.400,
109.23,24.231,0.570,1.400,
109.28,24.237,0.798,1.685,
109.33,24.242,0.852,1.411,
109.38,24.248,0.727,1.367,
109.39,24.250,0.830,1.400,
109.43,24.254,0.795,1.473,
109.48,24.260,0.924,1.528,
109.53,24.265,0.855,1.723,
109.58,24.271,0.704,1.519,
109.58,24.271,0.850,1.300,
109.63,24.277,0.768,1.256,
109.68,24.282,0.804,1.221,
109.73,24.288,0.819,1.476,
109.77,24.293,0.940,1.520,
109.78,24.294,0.776,1.551,
109.80,24.296,0.720,1.450,
109.83,24.300,1.026,1.806,
109.88,24.305,0.589,1.502,
109.93,24.311,0.997,1.411,
109.96,24.315,0.760,1.610,
109.98,24.317,0.948,1.557,
110.03,24.323,0.941,1.503,
110.13,24.334,0.878,1.603,
110.18,24.340,0.907,1.380,
110.23,24.345,0.547,1.820,
110.30,24.353,0.844,1.327,
110.33,24.357,0.726,1.711,
110.35,24.359,0.890,1.360,
110.38,24.363,0.839,1.385,
110.44,24.369,0.680,1.640,
110.48,24.374,0.899,1.578,
110.53,24.380,1.135,1.641,
110.58,24.385,0.478,1.505,
110.63,24.391,0.590,1.419,
110.68,24.395,0.576,0.974,
110.73,24.399,0.406,0.997,
110.80,24.404,0.779,1.422,
110.82,24.406,0.790,1.380,
110.83,24.407,0.559,1.280,
110.93,24.415,0.850,1.184,
110.98,24.419,0.957,1.227,
111.03,24.423,0.932,1.400,
111.08,24.427,0.796,1.374,
111.13,24.431,0.915,1.716,
111.18,24.435,0.889,1.630,
111.20,24.436,0.760,1.750,
111.23,24.439,0.692,1.573,
111.23,24.439,1.002,1.833,
111.27,24.443,0.966,1.769,
111.28,24.443,0.504,2.046,
111.29,24.444,0.760,1.750,
111.32,24.446,0.633,1.400,
111.33,24.447,0.766,1.960,
111.38,24.451,0.628,1.704,
111.39,24.452,0.864,1.406,
111.42,24.454,0.670,1.630,
111.43,24.455,0.652,1.495,
111.47,24.458,0.770,1.349,
111.48,24.459,0.805,1.469,
111.53,24.463,0.638,1.412,
111.54,24.464,0.601,1.385,
111.58,24.467,0.750,1.336,
111.62,24.470,0.789,1.530,
111.63,24.471,0.939,1.519,
111.68,24.475,0.678,1.682,
111.69,24.476,0.787,1.751,
111.73,24.479,0.567,1.257,
111.75,24.481,0.563,1.208,
111.80,24.485,0.514,1.309,
111.81,24.486,0.575,1.380,
111.82,24.487,0.480,1.380,
111.84,24.488,0.518,1.553,
111.85,24.489,0.634,1.488,
111.90,24.493,0.576,1.816,
111.90,24.493,0.455,1.254,
111.95,24.497,0.649,1.511,
111.95,24.497,0.872,1.563,
112.00,24.501,0.814,1.455,
112.01,24.502,0.671,1.569,
112.02,24.503,0.550,1.410,
112.05,24.505,0.642,1.317,
112.06,24.506,0.410,1.475,
112.10,24.509,0.453,1.117,
112.12,24.510,0.572,1.491,
112.15,24.513,0.583,1.129,
112.17,24.515,0.645,1.338,
112.20,24.517,0.601,1.383,
112.22,24.519,0.560,1.360,
112.23,24.519,0.546,1.165,
112.25,24.521,0.475,1.309,
112.28,24.524,0.822,1.630,
112.30,24.525,0.583,1.539,
112.34,24.528,0.224,1.367,
112.35,24.529,0.821,1.658,
112.39,24.533,0.506,1.951,
112.40,24.533,0.700,1.674,
112.45,24.537,0.764,1.389,
112.45,24.537,0.574,1.446,
112.50,24.541,0.825,1.534,
112.50,24.541,0.541,1.557,
112.55,24.545,0.644,1.279,
112.56,24.546,0.728,1.493,
112.60,24.549,0.623,1.531,
112.61,24.550,0.785,1.489,
112.65,24.553,0.595,1.457,
112.70,24.557,0.106,1.930,
112.75,24.561,0.731,1.408,
112.80,24.565,0.874,1.696,
112.82,24.567,0.634,1.547,
112.85,24.569,0.471,1.290,
112.90,24.573,0.700,1.573,
112.95,24.577,0.419,1.483,
113.00,24.581,0.546,1.304,
113.05,24.585,0.602,1.395,
113.10,24.589,0.413,1.052,
113.15,24.594,0.239,1.214,
113.20,24.597,0.640,1.207,
113.25,24.601,0.413,1.184,
113.30,24.605,0.595,1.139,
113.35,24.608,0.775,1.578,
113.40,24.612,0.522,1.177,
113.45,24.616,0.889,1.687,
113.50,24.619,0.678,1.623,
113.55,24.623,0.838,1.481,
113.60,24.627,0.915,1.518,
113.61,24.628,0.735,1.486,
113.65,24.630,0.669,1.378,
113.70,24.634,0.682,1.526,
113.75,24.638,0.723,1.314,
113.80,24.642,0.751,1.319,
113.85,24.645,0.896,1.602,
113.90,24.649,0.796,1.328,
113.95,24.653,0.671,1.329,
114.00,24.656,0.620,1.370,
114.05,24.660,0.581,1.251,
114.10,24.664,0.652,1.400,
114.12,24.665,0.448,1.524,
114.15,24.667,0.651,1.385,
114.20,24.671,0.520,1.453,
114.25,24.675,0.810,1.495,
114.30,24.679,0.657,1.398,
114.35,24.682,0.478,1.262,
114.40,24.686,0.809,1.289,
114.45,24.690,0.649,1.359,
114.50,24.693,0.692,1.463,
114.55,24.697,0.761,1.170,
114.60,24.701,0.609,1.574,
114.62,24.702,0.614,1.310,
114.65,24.704,0.612,1.554,
114.70,24.708,0.580,1.278,
114.75,24.712,0.632,1.428,
114.80,24.715,0.533,1.322,
114.85,24.719,0.748,1.408,
114.90,24.722,0.668,1.431,
114.95,24.725,0.690,1.374,
115.00,24.729,0.688,1.366,
115.05,24.732,0.681,1.591,
115.10,24.735,0.718,1.570,
115.15,24.739,0.669,1.461,
115.20,24.742,0.643,1.398,
115.25,24.746,0.726,1.494,
115.30,24.749,0.553,1.085,
115.35,24.752,0.547,1.514,
115.40,24.756,0.703,1.279,
115.45,24.759,0.657,1.161,
115.50,24.762,0.438,1.175,
115.55,24.766,0.436,1.248,
115.60,24.769,0.631,1.360,
115.65,24.772,0.642,1.468,
115.70,24.778,0.710,1.379,
115.75,24.783,0.480,1.358,
115.80,24.788,0.532,1.606,
115.85,24.793,0.407,1.565,
115.90,24.798,0.458,1.671,
115.95,24.803,0.816,1.750,
115.96,24.804,0.600,1.880,
116.00,24.809,0.788,1.502,
116.04,24.813,0.660,1.507,
116.05,24.814,0.643,1.579,
116.09,24.818,0.711,1.358,
116.14,24.823,0.759,1.368,
116.19,24.828,0.640,1.293,
116.24,24.833,0.423,1.472,
116.29,24.839,0.629,1.372,
116.34,24.844,0.642,1.525,
116.39,24.850,0.547,1.505,
116.44,24.855,0.550,1.536,
116.44,24.855,0.487,1.568,
116.49,24.860,0.602,1.432,
116.54,24.866,0.464,1.401,
116.59,24.871,0.506,1.322,
116.64,24.877,0.597,1.450,
116.69,24.882,0.545,1.261,
116.74,24.887,0.602,1.360,
116.79,24.893,0.537,1.286,
116.84,24.898,0.460,1.288,
116.89,24.904,0.441,1.415,
116.94,24.909,0.992,1.516,
116.99,24.914,0.420,1.355,
117.04,24.920,0.636,1.467,
117.09,24.925,0.268,1.226,
117.14,24.931,0.973,1.860,
117.19,24.934,0.820,1.529,
117.24,24.938,0.651,1.442,
117.29,24.941,0.660,1.298,
117.34,24.945,0.762,1.671,
117.39,24.948,0.729,1.649,
117.44,24.952,0.395,1.573,
117.49,24.956,0.376,1.802,
117.51,24.957,0.502,1.863,
117.54,24.959,0.630,1.817,
117.59,24.963,0.333,1.591,
117.64,24.966,0.336,1.547,
117.69,24.970,0.500,1.781,
117.74,24.974,0.337,1.446,
117.79,24.977,0.512,1.404,
117.84,24.981,0.310,1.260,
117.89,24.984,0.380,1.361,
117.94,24.988,0.241,1.312,
117.99,24.991,0.332,1.573,
118.04,24.995,0.494,1.451,
118.09,24.999,0.263,1.323,
118.14,25.002,0.447,1.427,
118.19,25.006,0.335,1.512,
118.24,25.009,0.517,1.406,
118.29,25.013,0.724,1.518,
118.34,25.017,0.444,1.536,
118.39,25.020,0.609,1.661,
118.44,25.024,0.567,1.578,
118.47,25.026,0.460,1.770,
118.49,25.027,0.676,1.576,
118.54,25.031,0.824,1.565,
118.59,25.035,0.668,1.520,
118.64,25.038,0.726,1.235,
118.69,25.042,1.017,1.686,
118.74,25.045,0.672,1.342,
118.79,25.049,0.609,1.443,
118.84,25.052,0.879,1.503,
118.89,25.056,0.394,1.416,
118.94,25.060,0.633,1.467,
118.99,25.063,0.491,1.601,
119.01,25.065,0.529,1.492,
119.04,25.067,0.364,1.433,
119.09,25.070,0.846,1.668,
119.14,25.074,0.343,1.512,
119.19,25.078,0.663,1.374,
119.24,25.081,0.679,1.602,
119.29,25.085,0.319,1.489,
119.34,25.088,0.508,1.555,
119.39,25.092,0.556,1.567,
119.44,25.096,0.654,1.564,
119.49,25.099,0.491,1.584,
119.54,25.103,0.478,1.467,
119.59,25.106,0.450,1.686,
119.64,25.110,0.774,1.890,
119.69,25.113,0.525,1.648,
119.74,25.117,0.619,1.686,
119.77,25.119,0.540,1.750,
119.84,25.124,0.861,1.679,
119.89,25.128,0.823,1.688,
119.94,25.131,0.426,1.746,
119.99,25.135,0.809,1.612,
120.04,25.139,0.757,1.631,
120.09,25.142,0.727,1.664,
120.14,25.146,0.515,1.690,
120.19,25.149,0.659,1.608,
120.24,25.153,0.246,1.369,
120.29,25.157,0.754,1.548,
120.34,25.160,0.417,1.557,
120.39,25.164,0.537,1.420,
120.44,25.167,0.592,1.621,
120.49,25.171,0.723,1.549,
120.54,25.174,0.408,1.172,
120.59,25.178,-0.128,1.701,
120.64,25.182,0.528,1.365,
120.69,25.185,0.443,1.403,
120.74,25.189,0.522,1.286,
120.79,25.192,0.792,1.613,
120.84,25.196,0.444,1.258,
120.89,25.200,0.474,1.229,
120.94,25.203,0.867,1.535,
120.99,25.207,0.402,1.325,
121.01,25.208,0.540,1.600,
121.04,25.210,0.737,1.525,
121.09,25.214,0.837,1.729,
121.14,25.218,0.512,1.413,
121.19,25.221,0.783,1.567,
121.24,25.225,0.591,1.239,
121.29,25.228,0.704,1.402,
121.39,25.235,0.772,1.607,
121.44,25.239,0.659,1.479,
121.46,25.240,0.510,1.500,
121.49,25.243,0.547,1.496,
121.54,25.246,0.576,1.580,
121.59,25.250,0.567,1.510,
121.59,25.250,0.669,1.800,
121.62,25.252,0.501,1.463,
121.67,25.256,0.554,1.486,
121.72,25.259,0.421,1.355,
121.77,25.263,0.415,1.343,
121.82,25.266,0.661,1.494,
121.87,25.270,0.617,1.408,
121.92,25.273,0.206,1.202,
121.97,25.277,0.559,1.333,
122.02,25.281,0.389,1.318,
122.07,25.284,0.098,0.873,
122.09,25.286,0.290,1.590,
122.12,25.288,0.500,1.517,
122.17,25.291,0.604,1.508,
122.22,25.295,0.582,1.484,
122.27,25.299,0.518,1.302,
122.32,25.302,0.483,1.326,
122.37,25.306,0.696,1.653,
122.42,25.309,0.285,1.425,
122.47,25.313,0.167,1.270,
122.52,25.317,0.541,1.384,
122.57,25.320,0.640,1.526,
122.62,25.324,0.697,1.465,
122.67,25.327,0.213,1.482,
122.69,25.329,0.600,1.750,
122.72,25.331,0.347,1.525,
122.77,25.334,0.569,1.404,
122.82,25.338,0.300,1.283,
122.87,25.342,0.628,1.483,
122.92,25.345,0.481,1.292,
122.97,25.349,0.298,1.259,
123.02,25.352,0.320,1.303,
123.07,25.356,0.291,1.261,
123.12,25.360,0.349,1.348,
123.17,25.363,0.509,1.544,
123.22,25.367,0.519,1.544,
123.27,25.370,0.382,1.367,
123.32,25.374,0.409,1.257,
123.37,25.378,0.544,1.352,
123.42,25.381,0.595,1.413,
123.47,25.385,0.584,1.471,
123.52,25.388,0.038,1.427,
123.57,25.392,0.802,1.540,
123.62,25.396,0.415,1.441,
123.63,25.397,0.450,1.540,
123.67,25.401,0.525,1.417,
123.72,25.405,0.777,1.518,
123.77,25.409,0.543,1.552,
123.82,25.413,0.544,1.294,
123.87,25.417,0.314,1.296,
123.92,25.421,0.795,1.482,
123.97,25.425,0.738,1.550,
124.02,25.429,0.685,1.565,
124.07,25.433,0.596,1.345,
124.12,25.437,0.529,1.608,
124.17,25.441,0.376,1.274,
124.19,25.443,0.662,1.499,
124.22,25.446,0.783,1.678,
124.27,25.450,0.687,1.908,
124.32,25.454,0.636,1.581,
124.37,25.458,0.919,1.724,
124.42,25.462,0.685,1.695,
124.47,25.466,0.983,1.531,
124.52,25.470,0.675,1.982,
124.57,25.474,0.728,1.535,
124.62,25.478,0.722,1.446,
124.62,25.478,0.803,1.685,
124.67,25.482,0.912,1.770,
124.67,25.482,0.682,1.893,
124.72,25.486,0.792,1.688,
124.72,25.486,0.912,1.714,
124.77,25.490,0.835,1.622,
124.77,25.490,0.692,1.647,
124.79,25.492,0.690,1.680,
124.83,25.495,0.789,1.710,
124.83,25.495,0.790,1.731,
124.89,25.500,0.895,1.844,
124.94,25.504,0.988,1.673,
124.99,25.508,0.380,1.724,
125.04,25.513,0.656,1.632,
125.09,25.517,0.908,1.734,
125.14,25.521,1.014,1.710,
125.19,25.525,0.982,1.540,
125.24,25.529,0.948,1.511,
125.29,25.533,0.914,1.696,
125.29,25.533,0.760,1.630,
125.34,25.537,0.983,1.865,
125.39,25.541,0.815,1.473,
125.44,25.545,0.963,1.786,
125.49,25.549,0.928,1.781,
125.54,25.553,0.578,1.763,
125.59,25.558,0.835,1.440,
125.64,25.562,0.563,1.603,
125.69,25.566,0.555,1.436,
125.74,25.570,0.623,1.487,
125.80,25.575,0.450,1.362,
125.84,25.578,0.659,1.493,
125.89,25.582,0.797,1.730,
125.99,25.590,0.848,1.661,
126.44,25.627,0.850,1.459,
126.49,25.631,0.554,1.552,
126.54,25.635,0.568,1.365,
126.59,25.639,0.495,1.436,
126.64,25.643,0.459,1.359,
126.69,25.647,0.425,1.403,
126.74,25.652,0.471,1.239,
126.79,25.656,0.870,1.840,
126.84,25.660,0.957,1.405,
126.89,25.663,0.188,1.428,
126.94,25.666,0.749,1.944,
126.99,25.669,0.645,1.811,
127.04,25.672,0.534,1.207,
127.09,25.675,0.397,1.581,
127.14,25.678,0.713,1.690,
127.19,25.681,0.324,1.589,
127.24,25.684,0.703,1.578,
127.28,25.687,0.382,1.261,
127.29,25.687,0.340,1.750,
127.34,25.690,0.741,1.783,
127.39,25.693,0.543,1.545,
127.44,25.697,0.524,1.326,
127.49,25.700,0.583,1.309,
127.54,25.703,0.617,1.300,
127.59,25.706,0.703,1.456,
127.64,25.709,0.452,1.527,
127.69,25.712,0.508,1.396,
127.74,25.715,0.417,1.282,
127.79,25.718,0.450,1.610,
127.81,25.719,-0.150,1.460,
127.84,25.721,0.319,1.813,
127.89,25.724,0.522,1.686,
127.94,25.727,0.749,1.622,
127.99,25.730,0.998,1.625,
128.04,25.733,0.697,1.642,
128.09,25.736,0.614,1.524,
128.14,25.739,0.983,1.367,
128.19,25.742,0.586,1.593,
128.24,25.745,0.377,1.459,
128.29,25.748,0.800,1.590,
128.31,25.750,0.694,1.807,
128.34,25.751,1.001,1.636,
128.39,25.755,0.375,1.461,
128.44,25.758,1.163,1.806,
128.49,25.761,0.369,1.348,
128.54,25.764,0.731,1.727,
128.59,25.767,0.489,1.554,
128.64,25.770,0.856,1.664,
128.69,25.773,0.777,1.566,
128.72,25.775,0.886,1.585,
128.72,25.775,0.886,1.585,
128.74,25.776,0.935,1.665,
128.79,25.780,0.549,1.505,
128.84,25.784,0.912,1.646,
128.89,25.788,0.596,1.650,
128.94,25.793,0.367,1.709,
128.99,25.797,0.444,1.641,
129.04,25.801,1.060,1.827,
129.09,25.806,0.817,1.725,
129.14,25.810,0.808,1.554,
129.19,25.814,0.775,1.868,
129.24,25.818,0.836,1.589,
129.29,25.823,0.789,1.684,
129.34,25.827,0.434,1.286,
129.39,25.831,0.545,1.469,
129.44,25.835,0.878,1.669,
129.47,25.838,0.820,1.830,
129.49,25.840,0.908,1.747,
129.54,25.844,0.341,1.700,
129.59,25.848,1.084,1.829,
129.64,25.853,0.878,1.926,
129.69,25.857,1.010,1.686,
129.74,25.861,1.101,1.749,
129.79,25.866,0.985,1.602,
129.84,25.870,0.823,1.671,
129.89,25.875,0.615,1.443,
129.94,25.879,0.734,1.612,
129.97,25.882,0.600,1.820,
129.98,25.883,0.640,1.680,
129.99,25.884,0.736,1.862,
130.04,25.888,0.938,1.889,
130.09,25.893,0.628,1.833,
130.14,25.898,0.898,1.706,
130.19,25.902,0.737,1.686,
130.21,25.904,0.977,1.518,
130.24,25.907,0.791,1.512,
130.29,25.911,0.740,1.791,
130.34,25.916,1.013,1.991,
130.39,25.921,1.070,1.734,
130.44,25.925,0.792,1.830,
130.47,25.928,0.713,2.336,
130.49,25.930,1.077,1.877,
130.54,25.934,1.141,1.712,
130.59,25.938,0.877,1.627,
130.64,25.942,0.669,1.955,
130.69,25.946,0.619,1.552,
130.72,25.948,0.890,1.695,
130.74,25.950,0.859,1.989,
130.79,25.954,0.558,1.665,
130.84,25.957,0.550,1.765,
130.89,25.961,1.019,1.975,
130.94,25.965,0.618,1.851,
130.97,25.967,0.595,2.054,
130.99,25.969,0.998,1.884,
131.04,25.973,1.069,1.770,
131.09,25.976,0.860,1.597,
131.14,25.979,0.426,1.335,
131.19,25.982,0.587,1.339,
131.22,25.984,0.775,1.770,
131.24,25.986,0.762,1.397,
131.29,25.989,0.309,1.523,
131.34,25.992,0.463,1.710,
131.39,25.995,0.307,1.628,
131.44,25.998,0.832,1.398,
131.47,26.000,0.765,1.434,
131.49,26.001,0.738,1.409,
131.54,26.005,0.603,1.566,
131.59,26.008,0.384,1.371,
131.64,26.011,0.507,1.355,
131.69,26.014,0.811,1.609,
131.72,26.016,0.671,1.843,
131.74,26.017,0.763,1.940,
131.79,26.020,0.667,1.273,
131.82,26.022,0.504,1.673,
131.84,26.023,0.721,1.349,
131.91,26.028,0.761,1.606,
131.91,26.028,0.516,1.613,
131.96,26.031,0.525,1.626,
131.96,26.031,0.733,1.741,
131.97,26.032,0.660,1.940,
132.01,26.034,0.705,1.565,
132.01,26.034,0.549,1.670,
132.06,26.037,0.409,1.362,
132.11,26.040,0.241,1.560,
132.11,26.040,0.512,1.784,
132.16,26.044,0.490,1.545,
132.16,26.044,0.673,1.588,
132.21,26.047,0.533,1.722,
132.21,26.047,0.567,1.490,
132.26,26.050,0.614,1.506,
132.26,26.050,0.519,1.691,
132.31,26.053,0.710,1.581,
132.31,26.053,0.455,1.368,
132.36,26.056,0.528,1.529,
132.41,26.059,0.570,1.681,
132.46,26.063,0.473,1.488,
132.51,26.066,0.269,1.297,
132.53,26.067,0.280,1.600,
132.56,26.069,0.468,1.437,
132.61,26.072,0.396,1.565,
132.66,26.075,0.118,1.425,
132.71,26.078,-0.034,1.436,
132.76,26.081,0.555,1.366,
132.81,26.085,0.618,1.343,
132.86,26.088,0.608,1.351,
132.91,26.093,0.672,1.354,
132.96,26.097,0.612,1.314,
133.01,26.102,0.166,1.409,
133.03,26.104,0.400,1.660,
133.06,26.107,0.232,1.483,
133.11,26.112,0.113,1.400,
133.16,26.116,0.286,1.630,
133.21,26.121,0.027,1.652,
133.26,26.126,0.370,1.797,
133.31,26.131,0.913,1.557,
133.41,26.137,0.524,1.572,
133.46,26.141,0.803,1.638,
133.51,26.144,0.934,1.714,
133.53,26.146,0.860,1.910,
133.56,26.148,0.617,1.555,
133.61,26.151,0.735,1.815,
133.66,26.155,0.690,1.730,
133.71,26.158,0.701,1.885,
133.76,26.161,0.462,1.470,
133.81,26.165,0.666,1.825,
133.86,26.168,0.590,1.654,
133.91,26.172,0.628,1.560,
133.96,26.175,0.689,1.516,
134.01,26.178,0.784,1.695,
134.03,26.179,0.700,1.697,
134.06,26.181,0.488,1.454,
134.11,26.184,0.794,1.588,
134.16,26.187,0.518,1.383,
134.21,26.189,0.488,1.594,
134.26,26.192,0.840,1.727,
134.31,26.195,0.481,1.446,
134.36,26.198,0.543,1.877,
134.41,26.201,0.575,1.858,
134.46,26.204,0.502,1.630,
134.51,26.207,0.824,1.465,
134.53,26.208,0.904,2.143,
134.56,26.210,0.722,1.493,
134.61,26.212,0.813,1.681,
134.66,26.215,0.727,1.543,
134.71,26.218,0.972,1.781,
134.76,26.221,0.686,1.776,
134.81,26.224,0.883,1.791,
134.86,26.227,0.988,1.575,
134.91,26.230,0.715,1.159,
134.96,26.233,0.966,1.450,
135.01,26.235,0.877,1.678,
135.03,26.237,0.780,1.700,
135.06,26.238,0.860,1.622,
135.11,26.241,0.777,1.660,
135.16,26.244,0.840,1.667,
135.21,26.247,0.554,1.735,
135.26,26.250,0.650,1.452,
135.31,26.253,0.663,1.833,
135.36,26.255,1.046,1.971,
135.41,26.258,0.485,1.746,
135.46,26.261,0.930,1.617,
135.51,26.264,0.770,1.801,
135.56,26.267,0.656,1.813,
135.61,26.270,0.547,1.730,
135.66,26.273,0.670,1.940,
135.68,26.274,0.616,1.938,
135.71,26.276,0.388,1.635,
135.76,26.279,0.806,1.950,
135.81,26.283,1.021,1.753,
135.91,26.289,0.744,1.949,
135.96,26.293,1.085,1.820,
136.01,26.296,0.619,2.004,
136.06,26.300,1.196,1.535,
136.11,26.303,0.753,1.581,
136.16,26.306,0.752,1.469,
136.16,26.306,0.660,1.930,
136.21,26.310,0.553,2.110,
136.26,26.313,0.435,1.735,
136.31,26.316,0.776,1.664,
136.36,26.320,0.404,1.825,
136.41,26.323,0.749,1.788,
136.46,26.326,0.366,1.605,
136.51,26.330,0.699,1.663,
136.56,26.333,1.119,1.625,
136.61,26.337,0.586,2.019,
136.68,26.341,0.586,1.976,
136.71,26.343,0.545,1.862,
136.76,26.347,0.555,1.919,
136.81,26.350,0.295,1.712,
136.86,26.354,0.473,1.916,
136.91,26.357,0.834,1.853,
136.96,26.360,0.685,1.718,
137.01,26.364,0.719,1.463,
137.06,26.367,0.958,1.765,
137.11,26.372,0.364,1.270,
137.16,26.376,0.695,1.865,
137.16,26.376,0.170,1.990,
137.21,26.381,0.620,1.535,
137.26,26.385,0.777,1.917,
137.31,26.390,0.518,1.730,
137.36,26.394,0.354,1.198,
137.41,26.399,0.467,1.516,
137.46,26.403,0.754,1.338,
137.51,26.408,0.960,1.423,
137.56,26.411,0.717,1.330,
137.61,26.415,0.293,1.593,
137.66,26.418,0.350,2.040,
137.68,26.419,-0.003,1.487,
137.71,26.421,0.436,1.615,
137.76,26.425,0.655,1.579,
137.81,26.428,0.273,1.383,
137.81,26.428,0.452,1.250,
137.86,26.431,0.875,1.915,
137.91,26.434,0.351,1.885,
137.91,26.434,0.499,1.951,
137.96,26.438,0.923,2.208,
138.00,26.440,0.718,1.957,
138.06,26.444,0.560,1.694,
138.09,26.446,0.820,1.952,
138.09,26.446,0.729,2.014,
138.11,26.448,1.143,2.093,
138.16,26.451,0.650,1.780,
138.18,26.452,0.801,1.899,
138.18,26.452,0.630,1.863,
138.26,26.458,0.922,1.942,
138.28,26.459,0.868,2.056,
138.28,26.459,0.550,2.151,
138.31,26.461,0.571,1.629,
138.36,26.464,0.908,1.866,
138.37,26.465,0.481,1.873,
138.37,26.465,0.758,1.751,
138.46,26.471,0.460,2.031,
138.55,26.477,0.609,2.280,
138.61,26.481,0.800,1.670,
138.65,26.483,0.630,2.015,
138.71,26.487,0.378,1.618,
138.74,26.489,0.305,1.795,
138.76,26.490,0.646,1.628,
138.83,26.495,0.801,1.850,
138.83,26.495,0.643,1.976,
138.86,26.497,0.543,1.303,
138.91,26.500,0.213,1.246,
138.92,26.501,0.663,2.115,
138.96,26.504,0.228,1.374,
139.01,26.507,0.479,1.624,
139.01,26.507,0.461,2.061,
139.06,26.510,0.213,1.965,
139.11,26.515,0.540,2.256,
139.11,26.515,0.196,2.205,
139.11,26.515,0.445,1.948,
139.18,26.521,0.971,2.095,
139.20,26.523,0.701,2.239,
139.20,26.523,0.861,2.194,
139.21,26.524,0.722,1.833,
139.29,26.531,0.931,2.327,
139.29,26.531,0.636,2.151,
139.31,26.533,0.941,2.000,
139.36,26.538,0.808,1.844,
139.38,26.540,0.420,2.054,
139.41,26.542,0.787,1.781,
139.46,26.547,0.752,1.564,
139.47,26.548,0.852,1.985,
139.47,26.548,0.834,1.891,
139.51,26.552,0.607,1.578,
139.51,26.552,0.711,1.665,
139.56,26.556,0.775,1.754,
139.57,26.557,0.797,2.013,
139.57,26.557,0.579,2.215,
139.62,26.561,0.742,1.549,
139.67,26.566,0.680,1.721,
139.67,26.566,0.580,1.775,
139.67,26.566,0.891,2.380,
139.67,26.566,0.589,1.916,
139.72,26.571,0.570,1.750,
139.72,26.571,0.832,1.565,
139.72,26.571,0.760,1.848,
139.77,26.576,0.712,1.874,
139.77,26.576,0.623,2.150,
139.77,26.576,0.580,1.673,
139.83,26.581,0.490,1.443,
139.87,26.585,0.916,1.731,
139.88,26.586,0.545,1.517,
139.93,26.590,0.736,1.631,
139.93,26.590,0.615,1.599,
139.97,26.594,0.641,1.996,
139.97,26.594,0.541,2.126,
139.97,26.594,0.622,1.861,
139.98,26.595,0.768,1.545,
139.98,26.595,0.708,1.743,
140.04,26.600,0.538,1.495,
140.04,26.600,0.619,1.772,
140.07,26.603,0.427,1.769,
140.07,26.603,0.770,1.825,
140.09,26.605,1.011,1.576,
140.09,26.605,0.381,1.909,
140.14,26.610,0.979,1.630,
140.20,26.615,0.940,1.715,
140.20,26.615,0.899,1.836,
140.25,26.619,0.896,1.542,
140.27,26.622,0.634,1.552,
140.27,26.622,0.590,1.420,
140.30,26.624,0.802,1.470,
140.35,26.629,0.607,1.499,
140.35,26.629,0.620,1.251,
140.37,26.630,0.694,1.798,
140.55,26.645,1.162,2.079,
140.55,26.645,1.162,2.079,
140.57,26.647,0.874,1.710,
140.57,26.647,0.835,1.935,
140.67,26.655,0.825,1.874,
140.67,26.655,1.064,2.084,
140.77,26.664,0.876,2.004,
140.77,26.664,0.650,2.047,
140.77,26.664,0.649,1.906,
140.87,26.672,0.588,1.797,
140.97,26.681,0.826,2.028,
141.07,26.689,0.714,2.329,
141.17,26.697,0.777,1.958,
141.27,26.705,0.909,1.993,
141.37,26.713,1.080,2.163,
141.37,26.713,0.908,2.053,
141.47,26.721,1.076,2.165,
141.55,26.727,0.815,2.082,
141.57,26.729,0.812,2.130,
141.57,26.729,0.746,2.248,
141.67,26.737,0.906,2.134,
141.77,26.745,0.998,2.041,
141.87,26.753,0.620,2.190,
141.97,26.761,0.576,2.460,
142.05,26.768,1.072,2.034,
142.07,26.769,0.731,2.328,
142.17,26.777,0.878,2.107,
142.27,26.785,1.072,1.992,
142.37,26.793,0.664,2.151,
142.47,26.801,0.655,1.950,
142.47,26.801,0.434,2.090,
142.57,26.809,0.899,2.055,
142.57,26.809,0.997,2.272,
142.67,26.815,0.806,2.099,
142.77,26.821,0.800,1.970,
142.77,26.821,0.718,2.011,
142.87,26.827,0.508,1.845,
142.87,26.827,0.505,2.111,
142.97,26.833,0.794,1.903,
142.97,26.833,0.794,2.011,
143.05,26.838,0.800,1.560,
143.07,26.839,0.880,1.854,
143.17,26.845,0.678,1.597,
143.17,26.845,0.717,1.828,
143.27,26.850,0.703,2.303,
143.37,26.856,0.947,2.150,
143.55,26.869,0.388,1.674,
143.57,26.871,0.668,1.842,
143.67,26.878,0.640,1.877,
143.67,26.878,0.544,1.948,
143.77,26.885,0.795,2.043,
143.77,26.885,0.953,2.198,
143.87,26.893,1.018,2.252,
143.97,26.900,1.020,2.226,
143.97,26.900,0.836,2.362,
144.07,26.907,0.849,2.270,
144.17,26.914,1.002,2.144,
144.27,26.921,0.816,2.139,
144.37,26.927,0.878,1.588,
144.47,26.934,0.743,1.881,
144.55,26.939,0.460,1.880,
144.57,26.941,0.550,1.621,
144.57,26.941,0.613,1.826,
144.67,26.947,0.597,1.720,
144.77,26.954,0.769,1.814,
144.87,26.961,0.893,1.874,
144.97,26.969,0.815,1.809,
145.07,26.976,0.983,1.709,
145.17,26.983,0.983,1.847,
145.27,26.990,0.941,1.697,
145.37,26.998,0.280,1.405,
145.47,27.005,0.959,1.619,
145.55,27.011,0.511,1.945,
145.57,27.012,0.716,1.807,
145.60,27.015,0.350,1.660,
145.67,27.020,0.764,1.944,
145.69,27.021,0.525,1.828,
145.69,27.021,0.799,1.904,
145.77,27.027,0.871,2.070,
145.81,27.030,0.583,2.075,
145.81,27.030,0.643,2.098,
145.87,27.034,0.847,2.117,
145.93,27.039,0.858,1.705,
145.97,27.041,0.678,2.284,
146.05,27.047,0.491,2.050,
146.05,27.047,0.666,2.280,
146.05,27.047,0.666,2.280,
146.05,27.047,0.666,2.280,
146.05,27.047,0.666,2.280,
146.05,27.047,0.666,2.280,
146.07,27.049,0.870,2.032,
146.17,27.056,0.887,2.169,
146.17,27.056,0.810,2.041,
146.20,27.058,0.550,1.980,
146.27,27.063,0.644,1.994,
146.27,27.063,0.732,1.983,
146.37,27.071,0.577,1.861,
146.47,27.078,0.587,1.756,
146.57,27.085,0.629,1.713,
146.67,27.093,0.596,2.012,
146.70,27.095,0.593,2.108,
146.77,27.100,0.772,1.961,
146.87,27.105,0.449,2.071,
146.97,27.110,0.670,2.033,
147.07,27.115,0.821,1.901,
147.20,27.122,0.510,2.000,
147.27,27.126,0.967,2.277,
147.47,27.136,1.095,2.044,
147.57,27.144,0.796,1.967,
147.67,27.152,0.468,1.715,
147.77,27.160,0.580,2.163,
147.87,27.167,0.493,2.006,
147.97,27.175,0.644,1.829,
148.07,27.183,0.930,1.682,
148.17,27.191,0.530,1.630,
148.20,27.193,0.537,1.901,
148.23,27.195,0.421,1.905,
148.27,27.198,0.450,2.087,
148.27,27.198,0.541,2.062,
148.37,27.206,0.523,1.956,
148.42,27.210,0.614,1.910,
148.47,27.214,0.843,1.865,
148.57,27.220,0.658,2.077,
148.67,27.225,0.752,1.765,
148.70,27.227,0.610,1.680,
148.77,27.231,0.258,1.771,
148.97,27.242,0.010,1.686,
149.07,27.249,0.339,1.853,
149.17,27.255,0.456,1.382,
149.20,27.257,0.594,1.463,
149.27,27.262,0.392,1.475,
149.37,27.269,0.574,1.513,
149.47,27.276,0.685,2.044,
149.57,27.282,0.649,1.984,
149.67,27.289,0.579,1.421,
149.70,27.291,0.417,1.306,
149.77,27.296,0.613,1.920,
149.87,27.302,0.566,1.929,
149.87,27.302,0.546,1.789,
149.97,27.309,0.374,2.023,
150.02,27.312,0.380,1.440,
150.07,27.316,0.320,1.987,
150.17,27.323,0.404,2.098,
150.28,27.330,0.434,1.993,
150.39,27.337,0.447,1.779,
150.49,27.344,0.431,1.686,
150.60,27.351,0.348,1.579,
150.81,27.366,0.448,2.044,
150.92,27.373,0.232,1.515,
151.02,27.380,0.334,1.733,
151.10,27.385,0.370,1.350,
151.13,27.387,0.217,1.365,
151.23,27.394,0.260,1.823,
151.34,27.402,0.575,2.160,
151.45,27.412,0.804,1.876,
151.55,27.421,0.978,1.790,
151.60,27.425,0.510,1.730,
151.66,27.430,0.711,1.905,
151.76,27.439,0.530,1.844,
151.80,27.442,0.510,1.830,
151.87,27.448,0.655,1.851,
151.87,27.448,0.505,1.751,
151.98,27.458,0.746,1.831,
152.08,27.462,0.683,1.900,
152.08,27.462,0.548,2.061,
152.10,27.463,0.670,1.700,
152.19,27.468,0.428,1.354,
152.29,27.473,0.588,1.621,
152.33,27.474,0.708,1.595,
152.40,27.478,0.737,1.807,
152.51,27.483,0.598,1.475,
152.60,27.487,0.603,1.521,
152.61,27.488,0.467,1.340,
152.61,27.488,0.602,1.346,
152.72,27.493,0.598,1.728,
152.83,27.498,0.921,2.041,
152.83,27.498,0.640,2.136,
152.93,27.503,0.796,1.919,
152.93,27.503,0.733,1.929,
153.04,27.508,0.867,1.913,
153.04,27.508,0.753,1.691,
153.10,27.511,0.680,1.610,
153.14,27.513,0.778,2.187,
153.14,27.513,0.754,1.900,
153.14,27.513,0.804,1.910,
153.25,27.519,0.443,2.044,
153.36,27.527,0.587,1.766,
153.36,27.527,0.635,1.785,
153.36,27.527,0.543,1.747,
153.39,27.529,0.680,1.470,
153.46,27.534,0.658,1.765,
153.46,27.534,0.705,2.079,
153.57,27.543,0.763,1.991,
153.57,27.543,0.737,1.620,
153.60,27.545,0.630,1.470,
153.66,27.549,0.785,1.868,
153.66,27.549,0.900,1.830,
153.69,27.552,0.671,1.840,
153.69,27.552,0.550,1.551,
153.75,27.556,0.637,1.402,
153.75,27.556,0.761,2.152,
153.78,27.558,0.631,1.921,
153.84,27.563,0.617,2.046,
153.84,27.563,0.628,2.215,
153.87,27.565,0.770,2.010,
153.89,27.566,0.788,2.106,
153.92,27.569,0.600,2.013,
153.93,27.569,0.807,1.737,
153.93,27.569,0.829,1.739,
153.93,27.569,0.837,2.147,
153.98,27.573,0.738,1.649,
154.02,27.576,0.468,1.543,
154.02,27.576,0.440,1.882,
154.08,27.581,0.423,1.728,
154.08,27.581,0.558,2.138,
154.11,27.583,0.401,1.538,
154.11,27.583,0.733,1.937,
154.11,27.583,0.637,1.967,
154.17,27.587,0.557,1.959,
154.20,27.590,0.530,1.816,
154.20,27.590,0.317,1.746,
154.26,27.594,0.392,1.618,
154.31,27.598,0.210,1.770,
154.36,27.601,0.292,1.805,
154.36,27.601,0.405,2.014,
154.45,27.606,0.490,1.730,
154.46,27.606,0.455,2.097,
154.55,27.612,0.658,1.882,
154.66,27.618,0.644,2.069,
154.76,27.624,0.510,1.810,
154.76,27.624,0.657,1.651,
154.89,27.631,0.464,1.583,
154.98,27.636,0.298,1.886,
155.09,27.645,0.558,2.187,
155.09,27.645,0.276,2.233,
155.20,27.654,0.477,1.961,
155.20,27.654,0.505,1.936,
155.32,27.664,0.521,1.728,
155.42,27.673,0.430,1.710,
155.42,27.673,0.609,1.724,
155.54,27.683,0.483,1.748,
155.64,27.691,0.480,1.923,
155.76,27.701,0.421,2.291,
155.86,27.709,0.276,1.993,
155.86,27.709,0.411,2.312,
155.95,27.717,0.439,1.919,
155.97,27.718,0.261,2.300,
156.07,27.726,0.317,1.662,
156.07,27.726,0.581,2.331,
156.17,27.735,0.139,1.393,
156.17,27.735,0.041,1.086,
156.18,27.736,0.457,1.775,
156.27,27.743,0.252,1.256,
156.29,27.745,0.466,1.849,
156.37,27.751,0.449,1.483,
156.40,27.754,0.027,1.594,
156.47,27.760,0.114,1.565,
156.51,27.763,0.292,1.577,
156.57,27.768,0.176,1.535,
156.67,27.776,0.184,1.682,
156.77,27.785,0.396,1.482,
156.77,27.785,0.823,1.717,
156.87,27.793,0.518,1.386,
156.87,27.793,0.656,1.657,
156.92,27.797,0.546,2.035,
156.97,27.801,0.363,1.396,
157.07,27.807,0.574,2.114,
157.07,27.807,0.485,2.186,
157.17,27.814,0.699,1.842,
157.27,27.820,0.556,2.033,
157.27,27.820,0.714,1.821,
157.37,27.826,0.592,2.057,
157.40,27.828,0.640,1.810,
157.47,27.833,0.353,1.581,
157.87,27.858,0.991,1.784,
157.87,27.858,0.680,2.000,
157.92,27.861,0.670,1.830,
157.97,27.864,0.277,2.223,
158.07,27.873,0.586,1.948,
158.17,27.881,0.593,2.180,
158.27,27.890,0.552,1.999,
158.27,27.890,0.454,1.831,
158.37,27.898,0.799,2.119,
158.42,27.902,0.717,2.017,
158.47,27.907,0.890,2.264,
158.47,27.907,0.560,2.008,
158.57,27.915,0.729,2.162,
158.67,27.924,0.793,2.253,
158.77,27.932,0.891,1.850,
158.77,27.932,0.570,1.850,
158.87,27.941,0.763,1.783,
158.97,27.949,0.674,1.868,
159.07,27.958,0.278,1.489,
159.17,27.964,0.258,1.790,
159.27,27.970,0.436,1.598,
159.37,27.976,0.399,1.614,
159.40,27.977,0.294,1.728,
159.42,27.979,0.802,1.814,
159.47,27.982,0.622,1.768,
159.57,27.987,0.481,1.780,
159.67,27.993,0.427,1.820,
159.77,27.999,0.357,1.785,
159.87,28.005,0.165,1.774,
159.92,28.008,0.368,2.194,
159.97,28.011,0.134,1.750,
160.17,28.023,0.825,1.905,
160.27,28.028,0.266,1.605,
160.42,28.037,0.110,1.650,
160.47,28.040,0.053,1.679,
160.47,28.040,0.010,1.578,
160.57,28.046,0.267,2.012,
160.57,28.046,0.008,2.044,
160.67,28.052,0.466,1.852,
160.77,28.057,0.549,1.455,
160.87,28.063,0.148,1.503,
160.91,28.065,0.180,1.470,
160.92,28.066,0.442,1.685,
160.97,28.069,0.405,1.355,
161.17,28.080,0.136,1.475,
161.37,28.092,0.136,1.842,
161.42,28.095,0.270,1.820,
161.47,28.098,0.302,1.772,
161.57,28.103,0.429,1.442,
161.57,28.103,0.259,1.578,
161.67,28.109,0.368,1.324,
161.67,28.109,0.220,1.298,
161.77,28.115,0.338,2.069,
161.87,28.121,0.072,1.731,
161.92,28.124,0.210,1.660,
161.97,28.126,-0.008,1.543,
162.07,28.134,0.143,1.456,
162.17,28.141,0.316,1.462,
162.27,28.148,0.573,2.008,
162.37,28.156,0.565,1.861,
162.37,28.156,0.401,1.627,
162.42,28.159,0.330,1.650,
162.47,28.163,0.367,1.815,
162.57,28.170,0.426,1.495,
162.67,28.178,0.335,1.145,
162.77,28.185,0.154,1.430,
162.77,28.185,0.301,1.463,
162.87,28.192,0.427,2.057,
162.92,28.196,0.340,1.647,
162.97,28.200,0.070,1.792,
163.07,28.207,0.182,1.500,
163.07,28.207,0.338,1.233,
163.09,28.208,0.783,1.667,
163.19,28.215,0.376,1.819,
163.27,28.221,0.378,1.769,
163.27,28.221,0.078,1.758,
163.29,28.222,0.499,1.770,
163.36,28.227,0.331,1.896,
163.39,28.229,0.380,1.430,
163.41,28.231,0.750,1.970,
163.49,28.236,0.424,1.461,
163.54,28.240,0.636,1.982,
163.58,28.243,0.384,1.421,
163.63,28.246,0.451,1.881,
163.67,28.249,0.490,1.963,
163.77,28.256,0.461,2.147,
163.82,28.260,0.650,1.690,
163.86,28.263,0.963,2.045,
163.95,28.269,0.565,2.035,
164.04,28.275,0.544,1.918,
164.14,28.282,0.445,1.838,
164.23,28.289,0.470,2.030,
164.32,28.295,0.375,2.050,
164.32,28.295,0.300,1.930,
164.41,28.301,0.781,1.855,
164.51,28.308,0.596,1.819,
164.60,28.314,0.347,1.919,
164.69,28.320,0.325,1.634,
164.79,28.327,0.316,1.875,
164.88,28.333,0.377,1.803,
164.97,28.339,0.538,1.446,
165.06,28.345,0.403,1.171,
165.16,28.352,0.480,1.409,
165.25,28.358,0.520,1.537,
165.32,28.363,0.400,1.980,
165.34,28.364,0.494,1.592,
165.43,28.370,0.364,1.609,
165.53,28.377,0.727,1.947,
165.62,28.382,0.639,1.683,
165.71,28.386,0.622,1.537,
165.81,28.391,0.641,1.528,
165.82,28.392,0.500,1.670,
165.90,28.396,0.242,1.408,
165.99,28.401,0.225,1.857,
166.27,28.415,0.445,1.705,
166.32,28.418,0.500,1.530,
166.36,28.420,0.359,2.027,
166.46,28.425,0.354,1.543,
166.55,28.430,0.412,1.326,
166.64,28.435,0.056,1.563,
166.73,28.439,0.267,1.796,
166.74,28.440,0.460,1.760,
166.83,28.445,0.149,1.685,
166.92,28.449,0.170,1.894,
167.01,28.454,0.421,1.554,
167.10,28.459,0.426,1.743,
167.18,28.463,0.649,1.543,
167.18,28.463,0.649,1.543,
167.18,28.463,0.649,1.543,
167.18,28.463,0.649,1.543,
167.20,28.464,0.275,1.669,
167.29,28.468,0.353,1.605,
167.38,28.473,-0.025,1.814,
167.48,28.479,0.120,1.599,
167.57,28.487,-0.003,1.474,
167.66,28.496,0.264,1.792,
167.68,28.497,0.420,1.480,
167.75,28.504,0.283,1.670,
167.94,28.522,0.057,1.372,
167.94,28.522,0.070,1.283,
168.04,28.531,0.272,2.062,
168.14,28.541,0.083,1.831,
168.18,28.545,0.150,1.770,
168.23,28.549,-0.138,1.878,
168.33,28.557,0.041,1.186,
168.42,28.564,0.227,1.485,
168.52,28.572,0.072,1.451,
168.62,28.579,0.195,1.504,
168.71,28.586,0.070,1.812,
168.81,28.594,-0.183,1.992,
168.83,28.596,0.102,1.814,
168.90,28.604,0.062,1.684,
168.93,28.607,0.414,1.433,
168.99,28.613,0.602,1.665,
169.10,28.625,0.375,1.694,
169.13,28.628,0.267,1.666,
169.18,28.633,0.100,1.740,
169.19,28.634,0.006,1.734,
169.23,28.639,0.177,1.658,
169.29,28.642,0.261,1.598,
169.29,28.642,-0.062,1.724,
169.33,28.644,0.095,1.774,
169.33,28.644,0.101,1.929,
169.38,28.647,0.233,2.129,
169.38,28.647,0.444,1.832,
169.43,28.650,0.474,1.289,
169.53,28.656,0.259,1.523,
169.53,28.656,0.274,1.612,
169.63,28.661,0.322,1.924,
169.73,28.667,0.311,1.925,
169.83,28.672,0.231,1.994,
169.93,28.678,0.603,1.842,
170.03,28.684,0.283,1.737,
170.13,28.689,0.366,1.788,
170.18,28.692,0.487,1.918,
170.20,28.693,0.464,2.138,
170.23,28.695,0.029,1.869,
170.33,28.701,0.139,1.683,
170.43,28.706,0.167,1.613,
170.53,28.712,0.171,1.628,
170.63,28.717,0.200,1.498,
170.68,28.720,0.450,1.800,
170.73,28.723,0.467,1.635,
170.73,28.723,0.453,1.836,
170.83,28.729,0.521,1.603,
170.93,28.734,0.674,1.743,
171.03,28.741,0.201,1.931,
171.13,28.747,0.576,2.036,
171.18,28.751,0.620,1.770,
171.23,28.754,0.312,1.726,
171.33,28.761,0.594,1.896,
171.43,28.767,0.428,1.761,
171.53,28.774,0.253,1.755,
171.53,28.774,0.409,1.990,
171.63,28.780,0.468,1.863,
171.68,28.783,0.550,1.620,
171.73,28.787,0.388,1.688,
171.83,28.793,0.471,1.713,
171.93,28.800,0.072,1.717,
171.93,28.800,0.176,1.799,
172.03,28.806,0.598,1.954,
172.13,28.813,0.411,1.626,
172.18,28.816,0.575,1.614,
172.23,28.819,0.401,1.801,
172.23,28.819,0.255,1.912,
172.33,28.826,0.482,1.692,
172.43,28.832,0.409,1.902,
172.53,28.839,0.109,1.634,
172.63,28.845,0.591,2.001,
172.68,28.848,0.256,1.850,
172.73,28.851,0.207,1.798,
172.83,28.857,0.253,1.588,
172.93,28.863,0.115,1.873,
173.03,28.869,0.404,2.009,
173.13,28.875,0.152,1.828,
173.18,28.878,0.340,1.860,
173.23,28.881,0.277,1.886,
173.33,28.887,0.678,2.327,
173.43,28.893,0.697,1.966,
173.53,28.899,0.682,2.400,
173.63,28.906,0.299,1.969,
173.67,28.908,0.266,1.714,
173.68,28.909,0.476,1.900,
173.73,28.912,0.229,1.836,
173.77,28.914,0.149,1.736,
173.83,28.918,0.591,2.011,
173.87,28.921,0.232,1.876,
173.93,28.924,0.772,1.713,
173.97,28.927,0.368,1.751,
173.97,28.927,0.192,1.518,
173.98,28.927,0.563,1.443,
173.98,28.927,0.513,1.550,
174.03,28.931,0.555,1.755,
174.07,28.933,0.415,1.792,
174.12,28.936,0.574,1.670,
174.27,28.946,0.063,1.385,
174.37,28.953,0.378,1.614,
174.47,28.960,0.486,2.048,
174.57,28.967,0.317,1.607,
174.62,28.970,0.450,1.590,
174.67,28.974,0.454,1.644,
174.77,28.981,0.542,2.034,
174.87,28.988,0.512,2.189,
174.87,28.988,0.435,1.742,
174.97,28.995,0.511,2.031,
175.07,29.002,0.568,1.723,
175.12,29.005,0.730,1.672,
175.27,29.015,0.528,2.057,
175.37,29.022,0.509,1.757,
175.47,29.028,0.364,1.169,
175.57,29.035,0.269,1.378,
175.62,29.038,0.570,1.620,
175.67,29.041,0.679,2.051,
175.77,29.047,0.522,2.092,
175.87,29.054,0.266,1.843,
175.87,29.054,0.211,1.868,
175.97,29.060,0.291,1.762,
176.07,29.067,0.364,1.786,
176.17,29.073,0.397,1.900,
176.27,29.080,0.465,1.658,
176.37,29.086,0.393,1.942,
176.57,29.099,0.426,1.440,
176.62,29.103,0.676,1.583,
176.67,29.105,0.412,1.471,
176.77,29.109,0.236,1.810,
176.87,29.114,0.482,2.065,
176.97,29.118,0.471,2.081,
177.07,29.122,0.102,2.099,
177.12,29.125,0.550,1.870,
177.17,29.127,0.637,1.984,
177.27,29.131,0.389,1.973,
177.37,29.135,0.463,1.958,
177.47,29.140,0.428,1.908,
177.57,29.144,0.350,1.654,
177.62,29.146,0.450,1.610,
177.64,29.147,0.450,1.610,
177.77,29.153,0.100,1.761,
177.87,29.158,0.570,2.289,
177.97,29.162,0.340,1.648,
178.07,29.166,0.358,1.743,
178.17,29.171,0.477,1.745,
178.27,29.175,0.393,2.032,
178.37,29.180,0.226,1.959,
178.47,29.184,0.501,2.284,
178.57,29.188,0.487,2.121,
178.62,29.191,0.559,1.483,
178.77,29.197,0.566,1.982,
178.87,29.202,0.364,2.059,
178.97,29.206,0.498,1.948,
179.07,29.210,0.193,1.353,
179.12,29.213,0.390,1.620,
179.12,29.213,0.390,1.620,
179.17,29.215,0.272,1.472,
179.20,29.216,0.530,1.450,
179.28,29.220,0.484,1.692,
179.39,29.225,0.268,1.522,
179.51,29.230,0.250,1.287,
179.62,29.235,0.349,1.413,
179.70,29.238,0.270,1.690,
179.73,29.240,0.152,1.851,
179.85,29.245,-0.007,1.567,
179.96,29.250,0.418,1.915,
180.07,29.255,0.383,1.743,
180.07,29.255,0.516,1.908,
180.19,29.260,0.458,1.564,
180.20,29.260,0.608,1.686,
180.20,29.260,0.608,1.686,
180.20,29.260,0.608,1.686,
180.20,29.260,0.608,1.686,
180.20,29.260,0.608,1.686,
180.41,29.269,0.154,1.946,
180.52,29.274,0.459,2.036,
180.64,29.280,0.297,1.691,
180.70,29.282,0.440,1.780,
180.70,29.282,0.450,1.790,
180.75,29.284,0.335,1.759,
180.86,29.289,0.304,1.705,
180.97,29.294,0.231,1.774,
180.98,29.294,0.232,1.610,
181.07,29.298,-0.065,1.617,
181.09,29.299,0.234,1.860,
181.17,29.303,-0.123,1.224,
181.17,29.303,0.222,1.580,
181.20,29.304,0.290,1.630,
181.20,29.304,0.155,1.365,
181.20,29.304,-0.029,1.425,
181.27,29.307,0.210,1.799,
181.32,29.309,-0.008,1.634,
181.37,29.312,0.157,1.586,
181.37,29.312,0.137,1.628,
181.43,29.314,0.123,1.568,
181.43,29.314,0.019,1.539,
181.47,29.316,0.158,1.623,
181.57,29.320,0.075,1.422,
181.57,29.320,0.053,1.125,
181.67,29.325,-0.085,1.009,
181.70,29.326,0.239,1.301,
181.77,29.329,0.367,1.542,
181.87,29.333,0.156,1.532,
181.97,29.338,0.323,1.302,
182.07,29.342,0.232,1.157,
182.17,29.347,-0.084,0.953,
182.20,29.348,0.370,1.110,
182.27,29.351,-0.050,1.102,
182.37,29.355,0.210,1.714,
182.47,29.360,0.265,1.894,
182.52,29.362,0.330,1.540,
182.57,29.364,0.167,1.668,
182.57,29.364,0.378,1.827,
182.67,29.369,0.515,1.825,
182.70,29.370,0.710,1.544,
182.72,29.371,0.520,1.790,
182.77,29.373,0.718,1.861,
182.87,29.379,0.473,1.671,
182.97,29.386,0.384,1.868,
183.07,29.392,0.305,1.441,
183.17,29.399,0.128,1.862,
183.17,29.399,0.072,1.747,
183.20,29.401,0.520,1.600,
183.21,29.401,0.680,1.800,
183.28,29.406,0.307,1.572,
183.28,29.406,0.276,1.746,
183.40,29.414,0.336,1.732,
183.52,29.422,0.439,2.117,
183.64,29.429,0.145,1.752,
183.76,29.436,0.351,1.637,
183.81,29.440,0.477,1.701,
183.88,29.444,0.027,1.351,
184.00,29.451,0.123,1.384,
184.00,29.451,0.405,1.502,
184.11,29.458,0.243,1.172,
184.12,29.459,0.409,1.530,
184.21,29.464,0.047,1.589,
184.21,29.464,0.436,1.356,
184.24,29.466,0.296,1.068,
184.28,29.469,0.426,1.444,
184.28,29.469,0.426,1.444,
184.31,29.471,0.705,1.724,
184.35,29.473,0.179,1.354,
184.41,29.477,0.162,1.631,
184.47,29.481,0.648,1.587,
184.51,29.484,0.325,1.399,
184.59,29.490,0.602,1.529,
184.61,29.491,0.445,1.576,
184.71,29.499,0.446,1.834,
184.79,29.504,0.308,1.817,
184.79,29.504,0.308,1.817,
184.81,29.506,0.796,1.690,
184.81,29.506,0.385,1.189,
184.91,29.513,0.431,1.956,
185.01,29.520,0.506,1.427,
185.11,29.528,0.332,1.371,
185.28,29.540,0.610,1.710,
185.31,29.542,0.375,1.559,
185.41,29.550,0.728,1.538,
185.51,29.557,0.739,1.648,
185.61,29.564,0.708,1.750,
185.61,29.564,0.424,1.647,
185.71,29.571,0.767,1.702,
185.78,29.577,0.654,1.792,
185.81,29.579,0.936,1.781,
185.91,29.586,0.621,1.490,
186.01,29.593,0.352,1.576,
186.11,29.601,0.144,1.658,
186.20,29.608,0.618,1.585,
186.21,29.609,0.295,1.558,
186.24,29.612,0.389,1.408,
186.28,29.615,0.351,1.843,
186.29,29.616,0.650,1.560,
186.29,29.616,0.650,1.560,
186.33,29.620,0.477,1.126,
186.37,29.623,0.382,1.258,
186.41,29.626,0.177,1.767,
186.45,29.630,0.127,1.670,
186.45,29.630,0.295,1.818,
186.50,29.634,0.122,1.675,
186.54,29.638,0.572,1.505,
186.58,29.641,0.443,1.418,
186.58,29.641,0.245,1.489,
186.62,29.644,0.176,1.215,
186.66,29.648,0.263,2.033,
186.66,29.648,0.158,2.075,
186.71,29.652,0.409,1.731,
186.72,29.653,0.422,1.597,
186.72,29.653,0.422,1.597,
186.75,29.656,0.305,0.865,
186.83,29.663,0.190,1.951,
186.93,29.671,0.295,1.446,
187.03,29.680,0.369,1.818,
187.13,29.688,0.314,1.792,
187.23,29.697,0.544,1.667,
187.26,29.699,0.340,1.550,
187.33,29.706,0.265,1.703,
187.43,29.714,-0.034,1.362,
187.53,29.721,0.159,1.545,
187.53,29.721,0.163,1.517,
187.73,29.735,0.163,1.537,
187.73,29.735,-0.028,1.252,
187.78,29.738,0.230,1.279,
187.83,29.741,0.000,0.992,
187.93,29.748,0.224,1.347,
188.03,29.753,0.090,1.248,
188.03,29.753,0.068,1.304,
188.13,29.758,0.473,1.976,
188.23,29.763,-0.119,1.760,
188.23,29.763,0.062,1.547,
188.28,29.765,0.480,1.730,
188.33,29.767,0.683,1.714,
188.43,29.772,0.626,1.570,
188.53,29.777,0.411,1.721,
188.53,29.777,0.487,1.526,
188.63,29.782,0.423,1.573,
188.73,29.787,0.457,1.658,
188.78,29.789,0.310,1.182,
188.93,29.796,0.255,1.389,
189.03,29.801,0.264,1.933,
189.13,29.806,0.167,1.490,
189.23,29.811,0.344,1.392,
189.28,29.813,0.360,1.500,
189.33,29.816,0.298,1.206,
189.33,29.816,0.216,1.382,
189.43,29.820,0.523,1.576,
189.53,29.825,0.175,1.332,
189.63,29.830,-0.031,1.184,
189.73,29.838,0.180,1.333,
189.78,29.842,0.340,1.540,
189.83,29.846,0.217,1.953,
189.85,29.848,0.491,1.287,
189.90,29.852,0.827,1.581,
189.93,29.855,0.478,1.612,
189.93,29.855,0.449,1.512,
189.94,29.856,0.746,1.742,
189.99,29.859,0.664,1.583,
190.03,29.863,0.205,1.513,
190.13,29.871,0.028,1.757,
190.23,29.880,0.475,1.750,
190.28,29.884,0.617,1.638,
190.28,29.884,0.501,1.568,
190.33,29.889,0.243,1.602,
190.33,29.889,0.589,1.986,
190.38,29.893,0.446,1.545,
190.43,29.897,0.591,1.816,
190.43,29.897,0.626,1.918,
190.53,29.906,0.781,1.826,
190.53,29.906,0.440,1.871,
190.58,29.911,0.671,1.942,
190.63,29.915,0.098,1.500,
190.63,29.915,0.681,1.793,
190.68,29.918,0.738,2.094,
190.73,29.922,0.596,1.549,
190.73,29.922,0.443,1.778,
190.78,29.925,0.580,1.780,
190.78,29.925,0.662,1.809,
190.83,29.929,0.395,1.944,
190.83,29.929,0.788,1.670,
190.88,29.932,0.618,1.650,
190.93,29.936,0.924,1.533,
190.93,29.936,0.367,1.621,
190.98,29.939,0.797,1.574,
191.03,29.943,0.903,1.858,
191.03,29.943,0.534,1.879,
191.03,29.943,0.438,2.032,
191.05,29.944,0.694,1.650,
191.08,29.946,0.819,1.623,
191.13,29.950,0.810,2.086,
191.13,29.950,0.771,2.239,
191.13,29.950,0.750,1.591,
191.18,29.953,0.510,1.489,
191.23,29.957,0.535,1.467,
191.23,29.957,0.384,1.941,
191.28,29.960,0.240,1.327,
191.33,29.964,0.411,1.590,
191.33,29.964,0.428,1.515,
191.38,29.967,0.443,1.426,
191.43,29.970,0.380,1.674,
191.43,29.970,0.613,1.582,
191.48,29.974,0.556,1.864,
191.53,29.977,0.508,1.884,
191.58,29.981,0.387,1.541,
191.63,29.984,0.665,1.654,
191.63,29.984,0.446,1.871,
191.68,29.988,0.648,1.563,
191.73,29.991,0.580,1.755,
191.73,29.991,0.446,1.671,
191.73,29.991,0.668,1.780,
191.78,29.995,0.593,1.573,
191.83,29.998,0.965,1.928,
191.88,30.002,0.868,1.695,
191.93,30.005,0.818,1.841,
191.98,30.009,0.547,1.780,
192.03,30.012,0.592,1.712,
192.06,30.014,0.720,1.600,
192.06,30.014,0.720,1.600,
192.08,30.016,0.667,1.580,
192.13,30.019,0.535,1.462,
192.18,30.023,0.634,1.707,
192.23,30.026,0.664,1.746,
192.28,30.029,0.638,1.712,
192.33,30.033,0.690,1.745,
192.38,30.036,0.590,1.581,
192.43,30.040,0.671,1.679,
192.48,30.043,0.671,1.771,
192.53,30.047,0.672,2.042,
192.58,30.051,0.587,1.877,
192.63,30.054,0.638,1.858,
192.68,30.058,0.875,2.038,
192.73,30.062,0.680,1.897,
192.78,30.066,0.636,1.746,
192.83,30.069,0.607,1.765,
192.88,30.073,0.777,1.994,
192.93,30.077,0.579,1.815,
192.98,30.080,0.785,1.630,
193.03,30.084,0.614,2.074,
193.05,30.086,0.730,1.750,
193.08,30.088,0.341,1.827,
193.13,30.092,0.637,1.819,
193.18,30.095,0.772,1.732,
193.23,30.099,0.646,1.894,
193.28,30.103,0.583,1.855,
193.33,30.107,0.693,2.020,
193.38,30.111,0.569,1.670,
193.43,30.114,0.796,1.831,
193.48,30.118,0.607,1.878,
193.53,30.122,0.513,1.698,
193.56,30.124,0.410,1.640,
193.58,30.125,0.458,1.859,
193.63,30.129,0.557,1.787,
193.68,30.133,0.365,1.709,
193.73,30.137,0.642,1.792,
193.78,30.140,0.661,2.022,
193.83,30.144,0.450,1.643,
193.88,30.148,0.668,1.825,
193.93,30.152,0.478,1.769,
193.98,30.155,0.368,1.782,
194.03,30.159,0.414,1.633,
194.05,30.161,0.290,1.380,
194.08,30.163,0.554,1.586,
194.13,30.167,0.462,1.517,
194.18,30.170,0.674,1.591,
194.23,30.174,0.434,1.668,
194.28,30.178,0.617,1.649,
194.33,30.182,0.525,1.681,
194.38,30.185,0.596,1.480,
194.43,30.189,0.619,1.536,
194.48,30.193,0.485,1.395,
194.53,30.197,0.409,1.272,
194.55,30.198,0.248,1.420,
194.58,30.201,0.576,1.566,
194.63,30.204,0.493,1.701,
194.68,30.208,0.137,1.345,
194.73,30.212,0.297,1.713,
194.78,30.215,0.434,1.728,
194.83,30.218,0.437,1.689,
194.88,30.221,0.721,1.623,
194.93,30.223,0.615,1.396,
194.98,30.226,0.562,1.806,
195.03,30.229,0.771,1.687,
195.06,30.231,0.490,1.780,
195.08,30.232,0.521,1.454,
195.13,30.235,0.671,1.715,
195.18,30.238,0.643,1.580,
195.23,30.241,0.431,1.641,
195.28,30.244,0.888,1.857,
195.33,30.246,0.760,2.000,
195.38,30.249,0.630,1.797,
195.43,30.252,0.539,1.522,
195.48,30.255,0.473,1.641,
195.53,30.258,0.613,1.614,
195.55,30.259,0.438,1.471,
195.58,30.261,0.548,1.850,
195.58,30.261,0.516,1.898,
195.63,30.264,0.552,1.949,
195.68,30.267,0.574,2.019,
195.73,30.269,0.742,1.808,
195.78,30.272,0.758,1.769,
195.83,30.275,0.732,1.670,
195.88,30.278,0.561,1.569,
195.93,30.281,0.779,1.542,
195.98,30.284,0.627,1.516,
196.03,30.288,0.541,1.693,
196.05,30.290,0.334,1.696,
196.08,30.292,0.479,1.709,
196.13,30.297,0.620,1.809,
196.18,30.302,0.649,1.554,
196.23,30.306,0.564,1.556,
196.28,30.311,0.454,1.671,
196.33,30.315,0.608,1.665,
196.38,30.320,0.623,1.483,
196.43,30.325,0.732,1.677,
196.48,30.329,0.642,1.338,
196.53,30.333,0.585,1.738,
196.55,30.335,0.500,1.420,
196.58,30.337,0.599,1.876,
196.63,30.341,0.765,1.888,
196.68,30.345,0.691,1.888,
196.73,30.350,0.802,2.011,
196.78,30.354,0.765,1.768,
196.83,30.358,0.730,1.589,
196.88,30.362,0.766,2.041,
196.93,30.366,0.655,1.499,
196.98,30.370,0.827,1.515,
197.03,30.374,0.810,1.775,
197.05,30.376,0.940,1.593,
197.05,30.376,0.940,1.593,
197.05,30.376,0.940,1.593,
197.05,30.376,0.940,1.593,
197.08,30.378,0.751,1.950,
197.08,30.378,0.728,1.683,
197.13,30.382,0.839,1.833,
197.18,30.386,0.797,1.650,
197.23,30.390,0.775,1.877,
197.28,30.394,0.792,1.772,
197.33,30.398,0.594,1.640,
197.38,30.403,0.459,1.695,
197.43,30.407,0.704,1.643,
197.48,30.411,0.475,1.587,
197.53,30.415,0.744,1.587,
197.55,30.416,0.460,1.680,
197.58,30.419,0.458,1.745,
197.63,30.423,0.661,1.798,
197.68,30.427,0.786,1.965,
197.73,30.431,0.551,1.565,
197.78,30.435,0.669,1.578,
197.83,30.439,1.042,1.746,
197.88,30.443,0.652,1.417,
197.93,30.448,0.506,1.635,
197.98,30.452,0.499,1.317,
198.03,30.457,0.718,1.816,
198.05,30.459,0.570,1.690,
198.08,30.462,0.555,1.654,
198.13,30.466,0.601,1.660,
198.18,30.471,0.727,1.682,
198.23,30.476,0.710,2.113,
198.28,30.480,0.795,1.746,
198.33,30.485,0.849,1.918,
198.36,30.487,0.824,1.912,
198.38,30.490,0.641,1.397,
198.40,30.492,0.719,1.811,
198.43,30.494,0.654,1.735,
198.45,30.496,0.649,1.920,
198.47,30.498,0.944,1.650,
198.49,30.500,0.887,1.769,
198.52,30.502,0.853,1.733,
198.55,30.505,1.020,1.877,
198.55,30.505,0.390,1.620,
198.60,30.510,0.466,1.681,
198.65,30.514,0.750,1.888,
198.70,30.519,0.517,1.253,
198.75,30.524,0.431,1.688,
198.80,30.528,0.662,1.742,
198.85,30.533,0.549,1.641,
198.90,30.538,0.309,1.571,
198.95,30.542,0.560,1.406,
199.00,30.547,0.533,1.372,
199.05,30.552,0.494,1.291,
199.10,30.556,0.696,1.715,
199.15,30.561,0.396,1.398,
199.20,30.565,0.429,1.581,
199.25,30.570,0.459,1.554,
199.30,30.575,0.522,1.678,
199.35,30.579,0.364,1.892,
199.40,30.584,0.451,1.584,
199.45,30.589,0.785,1.636,
199.50,30.593,0.815,1.810,
199.55,30.598,0.540,1.800,
199.56,30.599,0.234,1.760,
199.60,30.602,0.939,1.835,
199.65,30.607,0.940,1.442,
199.70,30.612,0.730,1.505,
199.75,30.616,0.835,1.786,
199.80,30.621,0.792,1.447,
199.85,30.626,0.875,1.290,
199.90,30.630,0.938,1.478,
199.95,30.635,0.690,1.577,
200.00,30.640,0.691,1.393,
200.05,30.644,0.706,1.014,
200.10,30.649,0.560,1.284,
200.15,30.653,0.942,1.481,
200.20,30.658,0.696,1.483,
200.25,30.663,0.836,1.726,
200.30,30.667,0.790,1.812,
200.35,30.672,0.523,1.590,
200.40,30.677,0.851,1.752,
200.45,30.681,0.747,1.995,
200.50,30.686,0.759,1.740,
200.55,30.690,0.690,1.580,
200.60,30.695,0.857,1.301,
200.65,30.700,0.848,1.729,
200.70,30.704,0.944,1.463,
200.75,30.709,0.772,1.475,
200.80,30.714,0.971,1.535,
200.85,30.718,0.749,1.657,
200.90,30.723,0.898,1.762,
200.95,30.728,0.939,1.628,
201.00,30.732,0.880,1.747,
201.05,30.737,0.700,1.860,
201.10,30.741,0.842,1.717,
201.15,30.746,0.710,1.734,
201.20,30.751,0.800,1.649,
201.25,30.755,0.898,1.876,
201.30,30.760,0.857,1.561,
201.35,30.765,0.816,1.665,
201.40,30.769,0.810,1.676,
201.45,30.774,0.802,1.588,
201.50,30.778,0.660,1.556,
201.55,30.783,0.810,1.530,
201.60,30.788,0.662,1.659,
201.65,30.792,0.707,1.981,
201.70,30.797,0.829,1.864,
201.75,30.802,0.869,1.527,
201.80,30.806,0.800,1.350,
201.85,30.811,1.021,1.849,
201.90,30.816,0.582,1.426,
201.95,30.820,0.647,1.732,
202.10,30.834,0.939,1.494,
202.15,30.839,0.838,1.462,
202.20,30.843,0.973,1.604,
202.25,30.848,0.691,1.386,
202.30,30.853,0.533,1.502,
202.35,30.857,0.765,1.847,
202.40,30.862,0.898,1.557,
202.45,30.866,0.965,1.857,
202.48,30.869,0.805,1.411,
202.48,30.869,0.805,1.410,
202.50,30.871,0.723,1.628,
202.60,30.880,0.865,1.778,
202.65,30.885,1.134,1.873,
202.70,30.890,0.974,1.481,
202.75,30.894,1.006,1.906,
202.80,30.899,0.834,1.864,
202.85,30.903,1.207,2.032,
202.90,30.908,0.996,1.620,
202.95,30.913,1.060,2.193,
202.98,30.916,1.130,1.590,
203.00,30.917,0.932,1.902,
203.03,30.920,0.940,1.600,
203.08,30.925,0.920,1.720,
203.13,30.929,0.880,1.780,
203.17,30.933,1.177,1.811,
203.18,30.934,0.890,1.800,
203.24,30.939,0.970,1.860,
203.24,30.940,0.970,1.860,
203.25,30.941,0.998,1.862,
203.29,30.944,0.890,1.720,
203.33,30.948,0.952,1.812,
203.35,30.950,0.620,1.880,
203.40,30.954,0.620,1.660,
203.42,30.956,0.769,1.928,
203.46,30.960,0.530,1.770,
203.51,30.964,0.730,1.700,
203.55,30.967,1.060,1.680,
203.58,30.969,0.810,1.440,
203.60,30.971,0.830,1.630,
203.65,30.974,0.890,1.700,
203.70,30.978,0.730,1.540,
203.76,30.982,0.750,1.410,
203.76,30.983,0.750,1.410,
203.80,30.986,0.710,1.690,
203.85,30.989,0.840,1.810,
203.96,30.998,1.020,1.780,
203.98,30.999,1.113,2.370,
204.01,31.001,1.170,1.570,
204.05,31.004,0.710,1.600,
204.10,31.008,0.870,1.560,
204.16,31.013,0.910,1.630,
204.21,31.017,0.820,1.720,
204.26,31.020,1.050,1.570,
204.26,31.020,1.050,1.570,
204.30,31.023,0.870,1.570,
204.35,31.027,1.140,1.660,
204.40,31.031,1.100,1.520,
204.46,31.035,0.990,1.600,
204.49,31.038,1.040,1.400,
204.54,31.041,0.980,1.370,
204.60,31.046,0.860,1.340,
204.65,31.050,0.790,1.690,
204.69,31.053,0.550,1.520,
204.74,31.057,0.660,1.700,
204.75,31.057,0.660,1.700,
204.79,31.060,0.640,1.710,
204.85,31.065,1.120,1.570,
204.90,31.069,0.880,1.420,
204.94,31.072,0.870,1.320,
204.98,31.075,0.666,1.440,
204.99,31.075,1.030,1.310,
205.04,31.079,1.010,1.370,
205.10,31.084,0.930,1.330,
205.15,31.087,0.920,1.690,
205.19,31.090,0.810,1.300,
205.24,31.094,0.970,1.480,
205.25,31.095,0.970,1.480,
205.29,31.098,0.720,1.500,
205.35,31.103,0.800,1.530,
205.40,31.106,0.870,1.400,
205.44,31.109,0.760,1.450,
205.49,31.113,0.690,1.620,
205.54,31.117,0.710,1.580,
205.60,31.121,0.930,1.690,
205.65,31.125,0.620,1.670,
205.69,31.128,0.640,1.600,
205.74,31.132,0.830,1.460,
205.79,31.136,1.030,1.600,
205.85,31.140,0.750,1.420,
205.90,31.144,0.870,1.380,
205.94,31.147,0.830,1.520,
206.01,31.152,0.780,1.370,
206.06,31.156,1.210,1.470,
206.11,31.160,0.830,1.380,
206.16,31.164,0.900,1.670,
206.21,31.167,1.160,1.500,
206.26,31.171,1.120,1.540,
206.26,31.171,1.120,1.540,
206.31,31.175,1.030,1.540,
206.36,31.179,0.990,1.520,
206.41,31.183,0.900,1.450,
206.46,31.186,0.810,1.480,
206.51,31.190,1.030,1.690,
206.56,31.194,0.790,1.840,
206.61,31.198,0.720,1.630,
206.66,31.201,1.020,1.500,
206.71,31.205,1.080,1.480,
206.76,31.209,0.940,1.620,
206.76,31.209,0.940,1.620,
206.81,31.213,1.250,1.560,
206.86,31.216,0.940,1.770,
206.91,31.220,1.210,1.830,
206.96,31.224,0.870,1.590,
207.01,31.228,0.990,1.630,
207.06,31.232,0.980,1.500,
207.11,31.235,0.880,1.320,
207.16,31.239,0.690,1.380,
207.21,31.243,1.000,1.530,
207.26,31.247,0.950,1.770,
207.26,31.247,0.950,1.770,
207.31,31.250,1.050,1.620,
207.36,31.254,1.120,1.620,
207.41,31.258,1.140,1.500,
207.46,31.262,0.850,1.650,
207.48,31.263,1.210,1.830,
207.53,31.267,1.000,1.690,
207.58,31.271,0.800,1.850,
207.63,31.275,0.770,1.870,
207.68,31.278,0.750,1.680,
207.73,31.282,0.690,1.740,
207.73,31.282,0.690,1.740,
207.78,31.286,0.920,1.590,
207.83,31.290,1.020,1.600,
207.88,31.293,0.900,1.720,
207.93,31.297,0.960,1.720,
207.98,31.301,0.600,1.720,
208.03,31.305,0.730,1.620,
208.08,31.308,0.650,1.660,
208.13,31.312,0.490,1.640,
208.18,31.316,0.420,1.490,
208.23,31.319,0.480,1.610,
208.23,31.319,0.480,1.610,
208.28,31.322,0.650,1.550,
208.33,31.325,0.720,1.460,
208.38,31.328,0.520,1.340,
208.43,31.331,0.530,1.330,
208.48,31.334,0.640,1.440,
208.53,31.337,0.510,1.110,
208.58,31.340,0.450,1.240,
208.63,31.342,0.470,1.290,
208.68,31.345,0.570,1.330,
208.73,31.348,0.460,1.450,
208.73,31.348,0.460,1.450,
208.78,31.351,0.580,1.300,
208.78,31.351,0.515,1.560,
208.83,31.354,0.500,1.360,
208.88,31.357,0.770,1.660,
208.93,31.360,0.650,1.460,
208.98,31.363,0.830,1.580,
209.03,31.366,0.890,1.350,
209.08,31.369,0.610,1.320,
209.13,31.372,0.520,1.630,
209.18,31.375,0.530,1.540,
209.23,31.378,0.730,1.700,
209.23,31.378,0.730,1.700,
209.28,31.381,0.600,1.740,
209.33,31.384,0.700,1.750,
209.38,31.387,0.600,1.730,
209.43,31.390,0.660,1.620,
209.48,31.392,0.690,1.550,
209.53,31.395,0.850,1.520,
209.58,31.398,0.690,1.560,
209.63,31.401,0.690,1.330,
209.68,31.404,0.620,1.520,
209.73,31.407,0.730,1.360,
209.73,31.407,0.730,1.360,
209.78,31.410,0.520,1.460,
209.80,31.411,0.740,1.560,
209.83,31.413,0.390,1.290,
209.88,31.416,0.470,1.490,
209.90,31.417,0.760,1.300,
209.93,31.419,0.620,1.430,
209.95,31.420,0.620,1.340,
209.98,31.422,0.600,1.360,
209.98,31.422,0.736,1.890,
210.00,31.423,0.780,1.420,
210.03,31.425,0.720,1.280,
210.05,31.426,0.620,1.430,
210.08,31.428,0.420,1.430,
210.10,31.429,0.510,1.390,
210.13,31.431,0.550,1.290,
210.15,31.432,0.750,1.620,
210.18,31.434,0.620,1.240,
210.20,31.435,0.470,1.500,
210.23,31.437,0.710,1.220,
210.23,31.437,0.710,1.220,
210.25,31.438,0.660,1.360,
210.28,31.440,0.940,1.480,
210.32,31.442,0.840,1.300,
210.33,31.442,0.820,1.360,
210.37,31.445,0.590,1.220,
210.38,31.445,0.770,1.340,
210.42,31.448,0.690,1.310,
210.43,31.448,0.710,1.230,
210.47,31.451,0.500,1.220,
210.52,31.454,0.970,1.410,
210.57,31.457,0.760,1.270,
210.62,31.460,0.740,1.410,
210.67,31.462,0.690,1.430,
210.72,31.465,0.700,1.210,
210.75,31.467,1.182,1.500,
210.77,31.468,0.767,1.540,
210.77,31.468,0.767,1.544,
210.82,31.471,0.790,1.290,
210.87,31.474,0.840,1.350,
210.92,31.477,1.000,1.390,
210.97,31.480,0.850,1.360,
211.02,31.483,1.050,1.290,
211.07,31.486,1.130,1.300,
211.12,31.489,0.950,1.380,
211.17,31.492,0.850,1.540,
211.22,31.495,0.910,1.590,
211.27,31.498,0.840,1.660,
211.27,31.498,0.840,1.660,
211.32,31.501,1.030,1.540,
211.37,31.504,0.990,1.570,
211.42,31.507,0.900,1.640,
211.47,31.509,1.000,1.470,
211.52,31.512,0.930,1.420,
211.57,31.515,1.050,1.330,
211.62,31.518,0.780,1.500,
211.67,31.521,0.870,1.380,
211.72,31.524,0.915,1.410,
211.77,31.527,0.810,1.520,
211.77,31.527,0.810,1.520,
211.82,31.530,0.770,1.200,
211.87,31.533,0.980,1.560,
211.92,31.536,0.800,1.600,
211.97,31.539,0.700,1.610,
212.02,31.542,0.768,1.730,
212.07,31.545,1.070,1.480,
212.12,31.548,0.750,1.270,
212.17,31.551,0.760,1.360,
212.22,31.554,0.720,1.280,
212.27,31.557,0.942,1.510,
212.27,31.557,0.942,1.514,
212.32,31.559,1.220,1.570,
212.37,31.562,0.800,1.340,
212.42,31.565,0.880,1.490,
212.47,31.568,0.750,1.280,
212.52,31.571,0.884,1.550,
212.57,31.574,0.880,1.400,
212.62,31.577,0.790,1.330,
212.67,31.580,0.930,1.510,
212.72,31.583,0.910,1.540,
212.77,31.586,0.935,1.560,
212.82,31.589,1.110,1.490,
212.82,31.589,1.110,1.490,
212.87,31.592,0.870,1.380,
212.92,31.595,0.895,1.560,
212.97,31.598,0.840,1.330,
213.02,31.601,0.890,1.530,
213.07,31.604,1.190,1.680,
213.12,31.607,0.850,1.740,
213.17,31.609,0.740,1.490,
213.22,31.612,0.790,1.570,
213.27,31.615,0.830,1.580,
213.27,31.615,0.830,1.580,
213.32,31.618,0.900,1.570,
213.37,31.621,0.810,1.550,
213.42,31.624,0.880,1.630,
213.47,31.627,0.800,1.480,
213.52,31.630,0.720,1.550,
213.57,31.633,0.820,1.430,
213.62,31.638,0.820,1.540,
213.67,31.642,0.750,1.780,
213.72,31.647,0.650,1.750,
213.77,31.652,0.650,1.830,
213.82,31.656,0.810,1.610,
213.87,31.661,0.820,1.730,
213.92,31.666,0.750,1.800,
213.97,31.670,0.850,1.770,
214.02,31.675,0.670,1.590,
214.07,31.680,0.670,1.540,
214.12,31.684,0.650,1.540,
214.17,31.689,0.780,1.480,
214.22,31.694,0.800,1.490,
214.27,31.698,0.690,1.370,
214.27,31.698,0.690,1.370,
214.32,31.703,0.460,1.540,
214.37,31.706,0.620,1.570,
214.42,31.710,0.430,1.550,
214.47,31.713,0.710,1.460,
214.52,31.717,1.006,1.280,
214.57,31.720,0.303,1.490,
214.62,31.724,0.650,1.560,
214.67,31.727,0.620,1.460,
214.72,31.731,0.670,1.500,
214.77,31.734,0.820,1.470,
214.77,31.734,0.820,1.470,
214.82,31.738,0.600,1.420,
214.87,31.741,0.840,1.510,
214.92,31.745,0.720,1.640,
214.97,31.748,0.618,1.390,
215.02,31.752,0.730,1.420,
215.07,31.755,0.980,1.550,
215.12,31.759,0.610,1.620,
215.17,31.762,0.860,1.560,
215.22,31.766,0.880,1.530,
215.27,31.769,0.846,1.570,
215.30,31.771,0.764,1.420,
215.32,31.773,0.960,1.510,
215.32,31.773,0.960,1.510,
215.37,31.776,0.763,1.710,
215.38,31.777,0.808,1.580,
215.42,31.780,0.790,1.410,
215.46,31.783,0.610,1.540,
215.47,31.783,0.766,1.510,
215.51,31.786,0.768,1.380,
215.52,31.787,0.563,1.670,
215.54,31.788,0.680,1.340,
215.57,31.790,0.600,1.610,
215.57,31.790,0.566,1.770,
215.62,31.794,0.665,1.754,
215.62,31.794,0.665,1.750,
215.67,31.797,0.510,1.830,
215.72,31.801,0.698,1.610,
215.77,31.804,0.665,1.540,
215.82,31.808,0.590,1.540,
215.87,31.811,0.555,1.510,
215.92,31.815,0.770,1.540,
215.97,31.818,0.646,1.440,
216.02,31.822,0.870,1.600,
216.07,31.825,0.500,1.420,
216.12,31.829,0.476,1.392,
216.12,31.829,0.476,1.390,
216.17,31.832,0.387,1.200,
216.22,31.836,0.494,1.380,
216.27,31.839,0.550,1.560,
216.32,31.842,0.544,1.580,
216.37,31.845,0.752,1.610,
216.37,31.845,0.752,1.610,
216.42,31.848,0.677,1.430,
216.47,31.851,0.750,1.600,
216.52,31.854,0.721,1.580,
216.57,31.858,0.739,1.350,
216.62,31.861,0.725,1.040,
216.67,31.864,0.860,1.480,
216.72,31.867,0.881,1.400,
216.77,31.870,0.845,1.360,
216.82,31.873,0.743,1.380,
216.87,31.876,0.630,1.510,
216.87,31.876,0.630,1.510,
216.92,31.880,0.600,1.410,
216.97,31.883,0.758,1.690,
217.02,31.886,0.743,1.620,
217.07,31.889,0.810,1.670,
217.12,31.892,0.866,1.810,
217.17,31.895,0.543,1.750,
217.27,31.902,0.780,1.460,
217.32,31.905,0.911,1.370,
217.37,31.908,0.750,1.389,
217.37,31.908,0.750,1.390,
217.42,31.910,0.697,1.390,
217.47,31.913,0.700,1.480,
217.52,31.915,0.681,1.570,
217.57,31.918,0.630,1.790,
217.62,31.920,0.621,1.650,
217.67,31.923,0.710,1.680,
217.72,31.925,0.716,1.550,
217.77,31.928,0.721,1.610,
217.82,31.931,0.866,1.480,
217.87,31.933,0.860,1.560,
217.87,31.933,0.860,1.560,
217.92,31.936,0.772,1.400,
217.97,31.938,0.729,1.540,
218.02,31.941,0.745,1.430,
218.07,31.943,0.685,1.380,
218.12,31.946,0.824,1.280,
218.17,31.949,0.688,1.390,
218.22,31.953,0.804,1.390,
218.27,31.956,0.798,1.650,
218.27,31.956,0.990,1.430,
218.32,31.960,0.770,1.600,
218.32,31.960,0.920,1.320,
218.37,31.964,0.850,1.690,
218.37,31.964,1.035,1.590,
218.42,31.967,1.090,1.400,
218.43,31.968,0.738,1.510,
218.47,31.971,1.020,1.300,
218.49,31.972,1.005,1.500,
218.52,31.974,1.015,1.490,
218.55,31.977,0.896,1.490,
218.57,31.978,0.960,1.410,
218.62,31.982,0.920,1.250,
218.72,31.990,0.817,1.350,
218.77,31.994,0.920,1.420,
218.77,31.994,0.920,1.420,
218.82,31.998,0.790,1.470,
218.87,32.002,0.750,1.420,
218.92,32.006,0.900,1.590,
218.97,32.010,0.816,1.600,
219.02,32.014,0.770,1.470,
219.02,32.014,0.770,1.470,
219.07,32.018,0.810,1.280,
219.12,32.022,0.619,1.430,
219.17,32.026,0.770,1.370,
219.22,32.030,0.910,1.430,
219.27,32.034,0.870,1.220,
219.32,32.038,0.740,1.420,
219.37,32.042,0.840,1.300,
219.42,32.047,0.570,1.210,
219.47,32.051,0.640,1.240,
219.52,32.055,0.470,1.210,
219.57,32.059,0.780,1.430,
219.62,32.063,0.850,1.300,
219.67,32.067,0.810,1.550,
219.72,32.071,0.750,1.270,
219.77,32.075,0.650,1.140,
219.82,32.079,0.780,1.220,
219.87,32.084,0.660,1.400,
219.92,32.088,0.780,1.280,
219.97,32.092,0.854,1.560,
220.02,32.097,0.910,1.350,
220.02,32.097,0.910,1.350,
220.06,32.100,0.876,1.500,
220.07,32.101,0.780,1.430,
220.12,32.105,0.730,1.390,
220.17,32.110,0.920,1.500,
220.22,32.114,0.560,1.420,
220.27,32.118,0.850,1.570,
220.32,32.123,0.770,1.600,
220.37,32.127,0.730,1.510,
220.42,32.131,0.830,1.600,
220.47,32.136,0.870,1.350,
220.52,32.140,0.760,1.220,
220.52,32.140,0.760,1.220,
220.57,32.144,0.750,1.320,
220.62,32.148,0.760,1.570,
220.67,32.152,0.710,1.590,
220.72,32.156,0.510,1.310,
220.77,32.160,0.623,1.650,
220.82,32.165,0.600,1.460,
220.87,32.169,0.590,1.530,
220.92,32.173,0.780,1.460,
220.97,32.177,0.730,1.380,
221.02,32.181,0.700,1.350,
221.02,32.181,0.700,1.350,
221.07,32.185,0.650,1.500,
221.12,32.189,0.300,1.110,
221.17,32.192,0.570,1.280,
221.22,32.194,0.500,1.180,
221.27,32.197,0.420,1.250,
221.32,32.200,0.290,1.190,
221.37,32.203,0.780,1.430,
221.42,32.206,0.480,1.540,
221.47,32.208,0.630,1.500,
221.52,32.211,0.370,1.190,
221.57,32.215,0.820,1.420,
221.62,32.219,0.600,1.380,
221.67,32.223,0.840,1.540,
221.72,32.227,0.830,1.340,
221.77,32.231,0.790,1.440,
221.82,32.235,0.800,1.420,
221.87,32.238,0.748,1.640,
221.95,32.245,0.850,1.890,
222.00,32.249,0.856,1.740,
222.05,32.253,0.721,1.590,
222.05,32.253,0.721,1.593,
222.16,32.261,0.890,1.470,
222.22,32.266,0.800,1.360,
222.27,32.270,0.960,1.730,
222.32,32.273,0.763,1.380,
222.37,32.277,0.765,1.630,
222.42,32.281,0.846,1.620,
222.47,32.285,0.620,1.570,
222.52,32.289,0.680,1.730,
222.58,32.293,0.663,1.560,
222.64,32.298,0.740,1.720,
222.64,32.298,0.740,1.720,
222.69,32.302,0.871,1.570,
222.74,32.306,0.655,1.310,
222.79,32.310,0.768,1.210,
222.84,32.314,0.586,1.420,
222.91,32.319,0.580,1.260,
222.97,32.324,0.430,1.840,
223.02,32.328,0.542,1.440,
223.07,32.331,0.870,1.600,
223.12,32.335,0.922,1.590,
223.12,32.335,0.922,1.590,
223.17,32.339,0.887,1.610,
223.22,32.343,0.884,1.430,
223.27,32.346,0.816,1.570,
223.32,32.350,0.800,1.630,
223.38,32.354,0.710,1.880,
223.42,32.357,0.738,1.700,
223.47,32.360,0.960,1.730,
223.52,32.364,0.987,1.650,
223.57,32.367,0.909,1.600,
223.62,32.371,1.065,1.700,
223.62,32.371,1.065,1.700,
223.67,32.374,0.941,1.640,
223.72,32.378,0.980,1.620,
223.77,32.381,0.850,1.890,
223.82,32.385,0.846,1.460,
223.87,32.388,0.650,1.630,
223.92,32.390,0.784,1.720,
223.97,32.393,0.871,1.670,
224.01,32.394,0.858,1.820,
224.02,32.395,0.764,1.800,
224.07,32.397,1.020,1.760,
224.12,32.399,0.980,1.630,
224.12,32.399,0.980,1.630,
224.17,32.402,0.920,1.670,
224.22,32.404,0.827,1.480,
224.27,32.406,0.969,1.460,
224.32,32.408,0.833,1.630,
224.37,32.411,0.856,1.600,
224.42,32.413,0.840,1.710,
224.47,32.415,0.800,1.710,
224.52,32.417,0.810,1.520,
224.57,32.420,0.949,1.640,
224.62,32.422,0.967,1.610,
224.67,32.424,0.939,1.647,
224.67,32.424,0.939,1.650,
224.72,32.426,0.777,1.520,
224.77,32.429,0.893,1.450,
224.82,32.431,0.975,1.690,
224.88,32.434,0.900,1.570,
224.91,32.435,0.849,1.740,
224.93,32.436,0.689,1.650,
224.98,32.438,0.917,1.900,
225.03,32.440,0.909,1.520,
225.08,32.443,0.967,1.560,
225.13,32.445,0.888,1.630,
225.13,32.445,0.888,1.628,
225.18,32.447,0.914,1.620,
225.23,32.449,0.738,1.610,
225.28,32.452,0.901,1.690,
225.33,32.454,0.851,1.650,
225.38,32.456,0.861,1.700,
225.43,32.458,0.836,1.720,
225.48,32.461,0.914,1.760,
225.53,32.463,0.929,1.660,
225.63,32.467,0.765,1.440,
225.68,32.470,0.760,1.430,
225.68,32.470,0.883,1.500,
225.73,32.472,0.700,1.540,
225.78,32.474,0.763,1.550,
225.83,32.476,0.831,1.720,
225.88,32.479,0.718,1.710,
225.93,32.481,0.552,1.680,
225.98,32.485,0.812,1.850,
226.03,32.489,0.771,1.610,
226.04,32.490,1.022,1.770,
226.05,32.490,0.917,1.530,
226.10,32.494,0.772,1.740,
226.10,32.494,0.772,1.738,
226.15,32.498,0.859,1.520,
226.17,32.500,0.731,1.500,
226.20,32.502,0.742,1.540,
226.25,32.506,0.688,1.310,
226.26,32.507,0.914,1.700,
226.31,32.511,0.793,1.650,
226.32,32.511,0.704,1.370,
226.36,32.514,0.918,1.740,
226.38,32.516,0.946,1.780,
226.41,32.518,0.930,1.610,
226.46,32.522,0.745,1.590,
226.46,32.522,0.745,1.585,
226.51,32.526,0.996,1.870,
226.56,32.530,0.880,1.740,
226.61,32.534,0.834,1.720,
226.66,32.538,0.797,1.730,
226.71,32.542,0.862,1.740,
226.76,32.545,0.941,1.720,
226.81,32.549,0.916,1.740,
226.86,32.553,0.809,1.460,
226.91,32.557,0.690,1.430,
226.96,32.561,0.739,1.640,
226.96,32.561,0.739,1.643,
227.01,32.565,0.776,1.610,
227.06,32.569,0.586,1.480,
227.11,32.573,0.821,1.480,
227.16,32.577,0.774,1.660,
227.21,32.580,0.801,1.610,
227.26,32.584,0.714,1.560,
227.31,32.588,0.623,1.590,
227.36,32.592,0.709,1.650,
227.41,32.596,0.833,1.530,
227.46,32.600,0.788,1.590,
227.46,32.600,0.788,1.589,
227.51,32.604,0.598,1.300,
227.56,32.607,0.716,1.530,
227.61,32.610,0.770,1.720,
227.66,32.614,0.958,1.690,
227.70,32.616,0.880,1.630,
227.75,32.620,0.808,1.630,
227.80,32.623,0.879,1.550,
227.85,32.626,1.097,1.740,
227.90,32.630,0.996,1.580,
227.95,32.633,1.135,1.688,
227.95,32.633,1.135,1.690,
228.00,32.636,1.118,1.660,
228.05,32.640,1.162,1.580,
228.10,32.643,0.967,1.680,
228.15,32.646,0.886,1.600,
228.20,32.650,0.976,1.830,
228.25,32.653,1.033,1.870,
228.30,32.657,1.013,1.850,
228.35,32.662,0.993,1.570,
228.40,32.666,0.803,1.700,
228.45,32.671,1.057,1.793,
228.45,32.671,1.057,1.790,
228.50,32.675,1.152,1.780,
228.55,32.680,0.978,1.540,
228.60,32.684,0.811,1.550,
228.65,32.688,1.003,1.780,
228.70,32.691,0.930,1.500,
228.75,32.695,0.898,1.690,
228.80,32.699,0.838,1.790,
228.85,32.702,0.889,1.650,
228.90,32.706,0.739,1.340,
228.95,32.710,0.989,1.544,
228.95,32.710,0.989,1.540,
229.00,32.714,0.750,1.370,
229.10,32.722,0.971,1.740,
229.20,32.730,0.936,1.887,
229.20,32.730,0.936,1.890,
229.25,32.734,0.988,1.880,
229.30,32.738,1.026,1.910,
229.35,32.742,1.091,1.800,
229.40,32.746,1.072,1.580,
229.45,32.750,0.938,1.688,
229.45,32.750,0.938,1.690,
229.50,32.755,0.805,1.770,
229.55,32.759,0.931,1.600,
229.60,32.763,0.952,1.960,
229.65,32.767,0.957,1.740,
229.70,32.771,0.962,1.668,
229.70,32.771,0.962,1.670,
229.75,32.775,1.324,1.770,
229.80,32.779,1.372,1.760,
229.85,32.783,1.060,1.730,
229.90,32.787,1.045,1.700,
229.95,32.792,0.842,1.635,
229.95,32.792,0.842,1.640,
230.00,32.796,1.065,1.730,
230.05,32.800,1.141,1.890,
230.15,32.808,0.863,1.830,
230.20,32.812,1.123,1.731,
230.20,32.812,1.123,1.730,
230.25,32.816,1.176,1.660,
230.35,32.825,0.910,1.540,
230.40,32.829,1.038,1.540,
230.45,32.835,1.100,1.650,
230.45,32.835,1.100,1.650,
230.50,32.841,1.060,1.790,
230.55,32.847,1.141,1.860,
230.60,32.852,1.118,1.570,
230.65,32.858,1.164,1.630,
230.70,32.864,0.817,1.587,
230.70,32.864,0.817,1.587,
230.70,32.864,0.817,1.590,
230.70,32.864,0.900,1.540,
230.73,32.867,1.080,1.420,
230.76,32.869,0.880,1.690,
230.80,32.873,0.940,1.640,
230.81,32.874,0.760,1.580,
230.86,32.878,0.896,1.650,
230.86,32.878,1.000,1.890,
230.91,32.882,0.950,1.870,
230.91,32.882,0.950,1.870,
230.96,32.886,1.090,1.860,
231.01,32.891,0.960,1.870,
231.06,32.895,1.170,1.710,
231.11,32.899,1.120,1.710,
231.16,32.903,0.900,1.780,
231.16,32.903,0.900,1.780,
231.21,32.908,1.210,1.680,
231.26,32.912,1.100,1.590,
231.30,32.915,1.090,1.620,
231.30,32.915,1.117,1.640,
231.41,32.923,0.980,1.660,
231.41,32.923,0.980,1.660,
231.46,32.927,1.000,1.680,
231.51,32.931,0.840,1.740,
231.61,32.938,1.000,1.680,
231.66,32.942,0.980,1.560,
231.66,32.942,0.980,1.560,
231.71,32.946,0.750,1.450,
231.74,32.948,0.890,1.400,
231.79,32.954,0.900,1.440,
231.84,32.960,1.030,1.570,
231.89,32.966,1.000,1.410,
231.89,32.966,1.000,1.410,
231.94,32.972,0.900,1.630,
231.99,32.978,1.010,1.560,
232.04,32.984,0.960,1.490,
232.09,32.990,1.060,1.510,
232.14,32.994,1.190,1.840,
232.19,32.998,1.020,1.660,
232.24,33.002,1.050,1.780,
232.29,33.006,0.980,1.600,
232.34,33.010,1.020,1.680,
232.39,33.014,1.030,1.550,
232.39,33.014,1.030,1.550,
232.44,33.019,1.010,1.580,
232.49,33.023,1.010,1.440,
232.54,33.027,1.070,1.510,
232.59,33.031,0.980,1.690,
232.64,33.035,1.010,1.640,
232.64,33.035,1.010,1.640,
232.69,33.039,0.870,1.530,
232.74,33.044,1.000,1.520,
232.79,33.050,0.840,1.400,
232.84,33.055,1.020,1.430,
232.89,33.061,1.030,1.480,
232.89,33.061,1.030,1.480,
232.94,33.066,0.910,1.510,
232.99,33.071,0.930,1.550,
233.04,33.077,0.960,1.650,
233.09,33.082,0.800,1.570,
233.14,33.088,1.120,1.640,
233.19,33.093,1.080,1.810,
233.24,33.098,1.090,1.680,
233.29,33.102,1.090,1.540,
233.34,33.107,1.140,1.680,
233.39,33.112,1.130,1.550,
233.44,33.116,1.160,1.770,
233.49,33.121,1.170,1.600,
233.49,33.121,1.170,1.600,
233.54,33.125,0.970,1.760,
233.59,33.130,1.220,1.830,
233.64,33.135,0.970,1.750,
233.69,33.139,1.120,1.730,
233.69,33.139,1.080,1.880,
233.74,33.144,1.230,1.540,
233.74,33.144,1.230,1.540,
233.79,33.149,1.170,1.690,
233.84,33.153,1.060,1.570,
233.89,33.158,0.980,1.540,
233.94,33.162,1.290,1.790,
233.99,33.167,1.090,1.740,
233.99,33.167,1.090,1.740,
234.04,33.171,1.260,1.790,
234.09,33.176,1.280,1.630,
234.14,33.180,1.260,1.750,
234.19,33.185,1.230,1.580,
234.24,33.195,1.450,1.730,
234.24,33.195,1.450,1.730,
234.29,33.204,1.310,1.750,
234.34,33.214,1.150,1.840,
234.39,33.224,1.090,1.770,
234.44,33.230,0.960,1.860,
234.49,33.237,1.350,1.940,
234.49,33.237,1.350,1.940,
234.54,33.243,1.470,1.830,
234.59,33.250,1.460,1.890,
234.64,33.256,1.440,1.760,
234.69,33.263,1.320,1.690,
234.69,33.263,1.320,1.690,
234.74,33.269,1.240,1.620,
234.79,33.275,1.450,1.870,
234.84,33.281,1.320,1.890,
234.89,33.287,1.310,1.770,
234.94,33.293,1.310,1.860,
234.94,33.293,1.310,1.860,
234.96,33.295,1.237,1.770,
234.99,33.299,1.360,1.780,
235.04,33.305,1.370,1.620,
235.09,33.309,1.280,1.650,
235.14,33.313,1.180,1.670,
235.19,33.317,1.130,1.840,
235.24,33.321,1.440,1.850,
235.29,33.325,1.520,1.810,
235.39,33.332,1.430,1.690,
235.44,33.336,1.430,1.660,
235.44,33.336,1.430,1.660,
235.49,33.340,1.320,1.890,
235.54,33.344,1.200,1.810,
235.56,33.345,1.409,1.870,
235.59,33.348,1.460,1.820,
235.61,33.349,1.408,1.930,
235.61,33.349,1.408,1.931,
235.64,33.351,1.370,1.880,
235.66,33.353,1.387,1.770,
235.69,33.355,1.250,1.710,
235.69,33.355,1.250,1.710,
235.71,33.357,1.271,1.800,
235.74,33.359,1.320,1.610,
235.76,33.361,1.461,1.780,
235.81,33.364,1.423,1.900,
235.86,33.368,1.491,1.830,
235.86,33.368,1.491,1.833,
235.91,33.372,1.372,1.760,
235.96,33.376,1.214,1.520,
236.01,33.380,1.312,1.650,
236.06,33.385,1.325,1.870,
236.11,33.389,1.343,1.660,
236.11,33.389,1.343,1.665,
236.16,33.393,1.353,1.760,
236.21,33.397,1.509,1.930,
236.26,33.402,1.426,1.760,
236.31,33.406,1.273,1.720,
236.36,33.410,1.346,1.700,
236.36,33.410,1.346,1.701,
236.38,33.412,1.356,1.800,
236.41,33.414,1.360,1.640,
236.46,33.419,1.480,1.550,
236.51,33.423,1.417,1.670,
236.56,33.428,1.293,1.600,
236.61,33.433,1.272,1.850,
236.61,33.433,1.272,1.853,
236.66,33.437,1.290,1.890,
236.71,33.442,1.242,1.750,
236.76,33.447,1.408,1.720,
236.81,33.450,1.437,1.740,
236.86,33.453,1.510,1.780,
236.86,33.453,1.437,1.736,
236.91,33.456,1.363,1.770,
236.96,33.459,1.473,2.010,
237.01,33.463,1.390,1.810,
237.06,33.466,1.497,2.040,
237.11,33.469,1.391,1.830,
237.11,33.469,1.497,2.036,
237.16,33.472,1.459,1.760,
237.21,33.475,1.496,2.050,
237.26,33.479,1.288,1.960,
237.31,33.484,1.533,1.900,
237.36,33.488,1.413,1.880,
237.36,33.488,1.533,1.899,
237.41,33.493,1.387,1.710,
237.46,33.496,1.512,1.820,
237.51,33.499,1.560,1.850,
237.56,33.502,1.560,1.980,
237.61,33.506,1.629,1.950,
237.61,33.506,1.560,1.982,
237.66,33.509,1.481,2.040,
237.71,33.512,1.572,1.910,
237.76,33.515,1.668,1.920,
237.81,33.518,1.564,2.140,
237.86,33.522,1.662,2.020,
237.91,33.525,1.649,1.850,
237.96,33.528,1.553,2.090,
238.01,33.531,1.566,1.900,
238.06,33.534,1.503,1.870,
238.11,33.538,1.623,1.740,
238.11,33.538,1.503,1.871,
238.16,33.541,1.426,1.830,
238.21,33.545,1.437,2.060,
238.26,33.549,1.666,2.010,
238.31,33.552,1.459,1.830,
238.36,33.556,1.675,1.880,
238.36,33.556,1.675,1.884,
238.41,33.560,1.519,1.910,
238.46,33.563,1.541,1.860,
238.51,33.567,1.624,1.950,
238.61,33.574,1.402,1.730,
238.66,33.578,1.530,1.890,
238.71,33.582,1.553,1.770,
238.76,33.585,1.523,1.940,
238.81,33.589,1.477,2.030,
238.86,33.593,1.488,1.880,
238.86,33.593,1.488,1.877,
238.91,33.596,1.726,2.050,
238.96,33.600,1.765,2.030,
239.01,33.604,1.548,1.810,
239.06,33.607,1.514,1.890,
239.11,33.611,1.636,1.950,
239.11,33.611,1.636,1.945,
239.16,33.615,1.433,2.000,
239.21,33.618,1.280,1.980,
239.26,33.622,1.375,1.860,
239.31,33.626,1.472,1.830,
239.36,33.630,1.560,1.800,
239.41,33.633,1.352,1.940,
239.51,33.641,1.317,1.970,
239.56,33.644,1.170,1.800,
239.61,33.648,1.251,1.900,
239.61,33.648,1.251,1.899,
239.66,33.652,1.029,1.790,
239.76,33.659,1.062,1.480,
239.81,33.663,1.062,1.460,
239.86,33.668,1.050,1.630,
239.86,33.668,1.050,1.626,
239.91,33.672,1.246,1.560,
239.96,33.676,1.257,1.410,
240.01,33.681,1.189,1.390,
240.06,33.685,1.142,1.440,
240.11,33.689,1.329,1.450,
240.11,33.689,1.329,1.445,
240.16,33.694,1.074,1.360,
240.21,33.698,1.310,1.390,
240.26,33.702,1.075,1.180,
240.27,33.703,0.962,1.040,
240.27,33.703,1.076,1.184,
240.31,33.706,0.937,1.200,
240.36,33.710,1.154,1.190,
240.36,33.710,1.154,1.185,
240.41,33.714,1.110,1.310,
240.46,33.718,1.288,1.340,
240.51,33.722,1.297,1.260,
240.56,33.725,1.176,1.100,
240.61,33.729,1.279,1.220,
240.66,33.733,1.087,1.150,
240.66,33.733,1.087,1.153,
240.71,33.737,1.209,1.230,
240.76,33.741,1.141,1.210,
240.81,33.745,0.879,0.980,
240.86,33.748,0.935,1.130,
240.91,33.752,0.976,1.010,
240.91,33.752,0.976,1.011,
240.96,33.756,0.832,1.110,
241.01,33.760,1.027,1.370,
241.06,33.767,1.091,1.230,
241.08,33.769,0.844,1.189,
241.08,33.769,0.844,1.190,
241.11,33.773,1.018,1.110,
241.12,33.775,0.954,1.280,
241.16,33.780,1.231,1.490,
241.16,33.780,0.900,1.170,
241.16,33.780,1.231,1.492,
241.20,33.786,1.175,1.220,
241.21,33.787,1.369,1.480,
241.24,33.791,1.176,1.210,
241.26,33.794,1.235,1.310,
241.31,33.800,0.927,1.200,
241.31,33.800,0.927,1.200,
241.36,33.807,1.069,1.440,
241.39,33.811,1.069,1.442,
241.39,33.811,0.718,1.220,
241.41,33.814,0.957,1.100,
241.46,33.821,1.003,1.070,
241.51,33.827,1.066,1.300,
241.56,33.833,0.984,1.249,
241.56,33.833,0.984,1.250,
241.62,33.841,1.025,1.210,
241.64,33.843,0.857,1.200,
241.66,33.846,0.969,1.380,
241.71,33.852,1.205,1.250,
241.76,33.858,1.025,1.020,
241.82,33.866,1.134,1.380,
241.82,33.866,1.134,1.375,
241.86,33.874,1.032,1.200,
241.91,33.884,1.238,1.110,
241.91,33.884,1.238,1.108,
241.96,33.895,0.973,1.220,
242.01,33.905,1.048,1.130,
242.06,33.915,1.009,1.040,
242.12,33.928,0.993,0.800,
242.21,33.946,0.671,0.900,
243.32,34.174,0.357,0.299,
243.56,34.222,0.953,0.761,
243.69,34.250,0.873,0.890,
243.91,34.295,0.442,0.136,
244.01,34.316,0.575,0.840,
244.05,34.324,0.724,0.928,
244.41,34.398,0.760,0.763,
244.95,34.509,0.606,0.850,
245.06,34.531,0.664,0.693,
245.41,34.608,0.726,0.909,
245.81,34.749,0.792,1.040,
245.86,34.765,0.768,0.742,
245.91,34.784,0.758,0.910,
246.49,34.985,0.742,0.940,
246.93,35.112,0.753,0.983,
247.20,35.177,0.786,0.930,
247.75,35.296,0.760,1.040,
247.75,35.296,0.710,0.860,
247.91,35.324,0.820,0.940,
247.91,35.324,0.710,0.830,
248.02,35.343,0.539,0.970,
248.21,35.375,0.630,0.880,
248.41,35.411,0.830,0.830,
248.66,35.454,1.030,0.910,
250.24,35.863,1.070,0.950,
251.74,36.138,1.060,0.912,
251.74,36.138,1.040,0.790,
252.24,36.225,1.130,0.940,
252.90,36.340,1.060,0.960,
253.24,36.399,0.920,0.970,
254.74,36.692,0.630,0.950,
255.24,36.813,0.790,0.980,
256.16,37.035,0.642,1.013,
256.39,37.091,0.770,1.120,
258.16,37.485,0.953,1.190,
258.66,37.558,0.500,0.890,
259.16,37.630,0.470,0.940,
259.67,37.738,0.680,0.920,
260.66,37.971,0.580,0.860,
261.16,38.092,0.730,0.940,
261.16,38.092,0.820,0.890,
261.66,38.212,0.867,0.714,
262.16,38.329,0.712,0.758,
262.16,38.329,0.650,0.670,
262.19,38.337,0.720,0.760,
262.62,38.437,0.539,0.645,
262.72,38.460,0.600,0.920,
263.12,38.513,0.760,1.190,
263.62,38.576,0.450,0.730,
264.12,38.636,0.612,0.781,
264.62,38.689,0.454,0.845,
265.12,38.736,0.590,0.680,
265.62,38.790,0.810,0.820,
265.63,38.791,0.850,0.940,
266.13,38.860,0.530,0.620,
267.09,39.010,0.590,0.690,
267.61,39.107,0.610,0.700,
267.62,39.109,0.650,0.560,
267.74,39.138,0.680,0.790,
268.28,39.242,0.730,0.550,
268.54,39.280,0.750,0.530,
268.58,39.285,0.819,0.567,
268.78,39.315,0.700,0.620,
269.05,39.368,0.855,0.465,
269.28,39.425,0.960,0.420,
270.30,39.597,0.720,0.520,
270.78,39.659,0.560,0.520,
271.28,39.726,1.150,0.690,
271.78,39.782,0.790,0.390,
272.28,39.854,1.220,0.190,
275.02,40.279,0.980,0.180,
275.28,40.324,0.744,0.280,
275.52,40.366,0.744,0.042,
275.78,40.403,0.720,0.280,
276.52,40.525,0.770,0.610,
277.02,40.589,0.750,0.710,
278.47,40.714,0.564,0.668,
278.52,40.718,0.517,0.673,
279.02,40.757,0.330,0.760,
279.58,40.792,0.480,0.680,
279.92,40.813,0.500,0.890,
279.93,40.813,0.450,0.790,
280.25,40.833,0.422,0.849,
280.25,40.833,0.422,0.849,
280.25,40.833,0.422,0.849,
280.25,40.833,0.422,0.849,
280.25,40.833,0.422,0.849,
280.60,40.854,0.370,0.660,
280.62,40.855,0.370,0.660,
281.28,40.886,0.288,0.259,
281.29,40.887,0.250,0.460,
281.82,40.912,0.210,0.450,
282.32,40.944,0.336,0.496,
282.82,40.993,0.320,0.430,
282.82,40.993,0.320,0.430,
283.32,41.035,0.320,0.510,
283.33,41.035,0.380,0.610,
283.82,41.065,0.492,0.587,
284.32,41.085,0.390,0.430,
284.83,41.106,0.430,0.530,
285.32,41.125,0.400,0.470,
285.82,41.146,0.610,0.640,
285.82,41.146,0.580,0.660,
286.33,41.168,0.630,0.730,
286.82,41.187,0.590,0.360,
287.32,41.206,0.770,0.510,
287.33,41.207,0.770,0.500,
287.82,41.226,0.650,0.620,
288.72,41.262,0.490,0.310,
289.17,41.281,0.630,0.520,
289.23,41.283,0.815,0.728,
289.73,41.304,0.452,0.552,
290.18,41.322,0.560,0.450,
290.22,41.323,0.560,0.450,
290.65,41.341,0.660,0.570,
290.72,41.344,0.640,0.510,
291.19,41.363,0.570,0.400,
291.22,41.364,0.660,0.410,
291.72,41.389,0.490,0.380,
292.22,41.419,0.520,0.630,
293.22,41.496,0.485,0.916,
293.72,41.566,0.584,0.025,
296.29,42.157,0.090,0.070,
296.32,42.165,0.050,-0.110,
296.81,42.286,0.620,0.070,
297.32,42.412,0.590,0.260,
297.42,42.427,0.726,0.211,
297.79,42.483,0.623,0.151,
297.82,42.488,0.802,0.340,
298.32,42.564,0.830,0.400,
298.82,42.654,0.690,0.430,
298.82,42.654,0.815,0.427,