depth_m,age_calkaBP,d13Cc.wuell,d18Oc.wuell-cor64
0.02,0,1.14,3.39
0.045,2.3,1.14,3.45
0.07,4.6,0.97,3.3
0.095,6.9,0.76,3.89
0.12,9.2,0.63,4.34
0.145,11.5,0.71,4.41
0.17,14.3,0.74,4.4
0.195,18.1,0.64,4.09
0.22,21.9,0.69,4.73
0.245,25.7,0.53,4.59
0.27,29.4,0.58,4.42
0.295,33.2,0.5,4.54
0.315,36.3,0.61,4.5
0.35,41.6,0.83,4.41
0.37,44.6,0.49,4.61
0.395,48.4,0.39,4.11
0.42,52.2,0.56,4.62
0.445,56,0.62,4.51
0.47,59.8,0.81,4.24
0.495,63.6,0.58,4.36
0.52,67.4,0.6,4.25
0.545,71.2,0.29,4.59
0.57,75,0.79,4.07
0.595,82.1,0.6,4.42
0.62,89.2,0.31,4.26
0.645,96.3,0.39,4.11
0.67,102.2,0.51,4.17
0.695,106,0.9,4.36
0.72,109.7,0.67,4.22
0.745,113.4,0.57,5
0.795,120.8,0.86,4.04
0.82,124.6,0.23,3.96
0.845,128.3,0.61,4.21
0.87,132,0.2,4.69
0.895,137.5,0.21,5.09
0.92,143,-0.01,4.73
0.945,148.5,0.2,4.18
0.97,154,0.34,4.25
0.995,159.5,-0.13,4.37
1.02,165,0.24,4.52
1.045,170.5,0.14,4.69
1.07,176,0.33,4.37
1.095,181.5,0.05,4.49
1.12,187,0.38,4.16
1.145,192.5,0.77,3.63
1.17,198,0.48,3.73
1.195,203.5,0.61,3.78
1.22,209,0.36,3.69
1.245,214.5,0.48,4.36
1.27,220,0.78,3.58
1.295,229.4,0.5,4.17
1.32,238.7,0.38,3.38
1.345,247.1,0.49,4.48
1.37,252,-0.09,4.92
1.395,257,0.63,4.28
1.42,261.9,0.11,4.45
1.445,266.9,0.56,4.4
1.47,271.8,0.47,4.11
1.495,276.8,0.27,4.08
1.52,281.7,0.51,4.44
1.545,287.2,1.06,4.18
1.57,293.7,0.57,3.94
1.595,300.2,0.76,4.03
1.62,306.6,0.94,3.93
1.645,313.1,0.74,4.24
1.67,319.6,0.79,3.73
1.695,326.1,0.71,4.13
1.72,332.5,0.8,3.86
1.745,338,0.44,4.43
1.77,342.2,0.33,4.48
1.795,346.4,0.54,4.23
1.845,354.9,0.63,4.61
1.87,359.2,0.32,4.59
1.895,363.4,0.17,4.35
1.92,367.6,0.52,4.43
1.945,371.9,0.14,4.18
1.97,376.1,0.81,4.3
1.995,380.4,1.12,4.12
2.02,384.6,0.83,4.05
2.045,388.8,0.78,3.94
2.07,393.1,0.66,4.32
2.095,397.3,0.67,4.2
2.12,401.5,0.87,3.44
2.145,405.8,0.91,3.61
2.195,414.3,0.82,4.1
2.22,418.5,0.7,3.86
2.245,422.7,0.79,3.74
2.27,426.1,0.74,4.41
2.32,430.7,0.17,4.87
2.345,433,0.37,4.42
2.37,435.3,0.65,4.37
2.395,437.6,0.85,4.4
2.42,439.9,0.66,4.14
2.445,442.2,0.73,4.87
2.47,444.5,0.02,4.85
2.495,446.8,0.3,5
2.52,449.1,0.24,5.11
2.545,451.4,0.83,4.27
2.57,457.7,0.58,4.88
2.595,464,0.52,4.38
2.62,470.3,0.64,4.09
2.645,476.6,0.83,4.33
2.67,483,1.07,4.05
2.695,489.3,0.79,4.15
2.72,495.6,1.33,3.78
2.745,501.9,1.19,3.73
2.77,508.2,0.84,4.33
2.795,513.2,0.78,4.67
2.82,516.3,1.12,4.1
2.845,519.5,0.8,4
2.87,522.6,0.85,4.17
2.895,525.7,1.11,3.91
2.92,528.8,0.93,4.5
2.945,531.9,0.93,4.25
2.97,535,0.78,4.49
2.995,538.1,0.82,4.36
3.02,541.2,0.76,4.24
3.045,545,0.4,4.52
3.07,554.9,0.62,4.33
3.095,564.8,0.32,3.15
3.12,574.7,0.78,4.91
3.145,584.6,0.71,4.68
3.17,594.5,0.91,4.24
3.195,600.9,0.51,4.36
3.22,606.6,0.67,4.11
3.245,612.4,0.12,3.82
3.27,618.1,0.2,4.87
3.295,623.9,0.58,4.29
3.31,627.4,0.32,4.86
3.345,635.4,0.45,4.4
3.37,641.2,0.46,4.69
3.42,652.7,0.5,4.79
3.445,658.4,0.35,4.47
3.47,664.2,0.39,4.55
3.495,669.9,0.65,4.23
3.52,675.7,0.32,4.72
3.545,681.5,0.21,4.13
3.57,687.2,0.78,4.23
3.595,693,0.9,4.36
3.62,698.7,0.62,3.98
3.645,704.5,0.68,4.12
3.67,710.2,0.7,4.01
3.695,716,0.78,4.21
3.72,724,0.47,4.25
3.745,732,0.33,4.24
3.77,740,0.56,4.35
3.82,752.1,0.55,4.18
3.845,757,0.34,4.19
3.87,761.9,0.45,4.42
3.895,766.7,0.53,4.4
3.92,771.6,0.61,4.07
3.945,776.5,0.6,4.2
3.955,778.5,0.7,4.46
3.98,783.3,0.34,4.26
4.005,788.2,0.55,3.83
4.03,793.1,0.56,4.21
4.055,798,0.38,4.77
4.08,803.6,0.49,4.48
4.105,809.3,0.39,4.53
4.13,814.9,0.66,4.4
4.155,820.5,0.45,4.03
4.18,826.1,0.49,4.56
4.205,831.8,0.37,4.34
4.23,837.4,0.74,4.15
4.255,843,0.7,4.21
4.28,848.6,0.62,4.09
4.305,854.3,0.58,4.26
4.33,859.9,0.56,4.35
4.355,865.5,0.37,4.34
4.38,870.5,0.14,4.73
4.405,874.9,-0.16,4.81
4.43,879.3,0.49,4.26
4.455,883.8,0.51,4.59
4.48,888.2,0.55,4.13
4.505,892.6,0.43,4.56
4.53,897.1,0.37,4.52
4.555,901.5,0.44,4.57
4.58,906,0.4,4.41
4.605,910.4,0.66,4.41
4.63,914.8,0.65,4.32
4.655,919.7,0.35,4.42
4.68,924.7,0.56,4.38
4.705,929.6,0.57,4.19
4.73,934.6,0.73,4.08
4.755,939.5,0.7,4.04
4.78,944.5,0.65,3.68
4.83,954.4,0.6,4.32
4.855,959.4,0.64,4.11
4.88,964.4,0.87,4.34
4.905,969.3,0.77,4.44
4.93,974.3,0.62,4.12
4.955,979.3,0.61,4.13
4.98,984.2,0.81,4.12
5.005,989.2,0.79,4.28
5.03,994.2,0.52,3.64
5.055,999.1,0.72,4.05
5.08,1004.1,0.61,4.3
5.105,1009,0.81,3.97
5.13,1014,0.84,4.09
5.155,1019,0.79,4.35
5.18,1023.9,0.74,4
5.205,1028.9,0.91,4.06
5.23,1033.5,0.62,4.4
5.255,1037.4,0.78,4.23
5.28,1041.3,0.67,4.31
5.305,1045.2,0.5,4.29
5.33,1049.1,0.54,4.37
5.355,1053,0.67,4.2
5.38,1056.9,0.61,4.11
5.405,1060.8,0.75,4.4
5.43,1064.7,0.86,3.49
5.455,1068.6,0.7,3.98
5.48,1072.2,0.85,3.57
5.505,1075.8,0.6,4.27
5.53,1079.3,0.85,3.89
5.555,1082.9,0.41,4.34
5.58,1086.5,0.94,3.88
5.605,1090.1,0.84,4.11
5.63,1093.6,0.73,4.21
5.655,1097.2,0.68,4.28
5.68,1100.8,0.71,4.26
5.705,1104.4,0.83,4.3
5.73,1107.9,0.29,4.14
5.755,1111.5,0.63,4.48
5.78,1115.1,0.66,4.4
5.805,1118.6,0.42,4.38
5.83,1122.2,0.53,4.63
5.88,1131,0.67,4.09
5.905,1135.7,0.95,4.13
5.93,1140.4,0.76,4.13
5.955,1145.1,1.05,3.73
5.98,1149.8,0.92,4.06
6.005,1154.5,0.99,3.99
6.03,1159.2,0.96,3.67
6.055,1163.9,0.78,4.19
6.08,1168.6,1.02,3.94
6.105,1173.2,0.9,3.86
6.13,1177.9,0.71,4.17
6.155,1182.6,0.63,3.83
6.18,1187.3,0.36,3.94
6.205,1192,0.17,4.22
6.23,1195.7,0.84,3.96
6.255,1199.4,0.53,4.39
6.28,1203.1,0.68,4.2
6.33,1210.5,0.73,4.42
6.355,1214.1,0.65,3.96
6.38,1217.8,0.7,4.01
6.405,1221.5,0.8,3.86
6.43,1225.2,0.93,3.82
6.455,1228.9,0.87,3.52
6.48,1232.6,0.72,4.39
6.505,1236.3,0.71,4.66
6.53,1240,0.87,4.31
6.555,1243.7,0.9,3.85
6.58,1247.4,0.89,3.97
6.605,1251,0.55,4.53
6.63,1255.3,0.61,4.54
6.655,1259.5,0.53,3.82
6.68,1263.7,0.67,4.11
6.705,1267.9,0.67,4.14
6.73,1272.1,0.72,3.97
6.755,1276.3,0.87,4.12
6.78,1280.5,0.85,3.89
6.805,1284.7,0.68,4.53
6.83,1288.9,0.7,4.43
6.855,1293.2,0.54,4.42
6.88,1297.4,0.92,4.27
6.905,1301.6,0.76,4.32
6.93,1304.7,0.9,3.84
6.955,1307.9,0.86,3.89
6.98,1311.1,0.64,4.25
7.005,1314.2,0.88,3.87
7.03,1317.4,0.28,4.48
7.055,1320.5,0.43,4.16
7.08,1323.7,0.83,4.02
7.105,1326.8,0.59,3.91
7.13,1330,0.55,4.32
7.155,1333.2,0.56,3.9
7.18,1336.3,0.48,4.27
7.205,1339.5,0.39,4.24
7.23,1342.6,0.62,3.87
7.255,1345.8,0.62,4.16
7.28,1349,1,3.6
7.305,1352.1,0.9,3.82
7.33,1355.3,1.07,3.94
7.355,1358.4,0.72,3.81
7.38,1361.6,0.65,4.32
7.405,1364.7,0.92,3.67
7.43,1367.9,0.79,4.24
7.455,1371.1,0.87,4.18
7.48,1374.2,0.65,4.34
7.505,1377.4,0.46,4.42
7.53,1380.5,0.76,4.23
7.555,1383.7,1.08,3.85
7.58,1386.9,0.74,4.23
7.605,1390,0.73,4.28
7.63,1393.2,0.71,4.1
7.655,1396.3,0.43,4.07
7.68,1401.4,0.9,4.04
7.705,1406.5,0.91,4.64
7.73,1411.5,0.59,4.39
7.755,1416.6,0.69,4.5
7.78,1421.7,0.75,4.22
7.815,1428.8,0.44,4.22
7.83,1431.8,0.86,4.2
7.855,1436.9,0.77,4.31
7.88,1442,0.7,3.85
7.905,1447.1,0.87,3.7
7.93,1452.1,0.81,3.55
7.955,1457.2,1.21,4.9
7.98,1461.7,0.92,4.04
8.005,1466.1,0.57,3.94
8.03,1470.6,0.56,4.16
8.08,1479.4,0.88,4.37
8.105,1483.8,0.66,4.37
8.13,1488.2,0.91,4.12
8.155,1492.6,0.96,4.28
8.18,1497.1,0.63,4.26
8.205,1501.5,0.56,4.52
8.23,1505.9,0.83,4.41
8.255,1510.3,0.34,3.87
8.28,1514.7,0.9,4.33
8.305,1519.2,1.09,3.77
8.33,1523.6,0.82,4.29
8.355,1528,1.06,4.03
8.38,1532.2,0.89,3.88
8.405,1536.2,0.93,4.33
8.43,1540.3,1.24,3.95
8.455,1544.3,0.95,4.19
8.48,1548.3,0.9,4.1
8.505,1552.3,1.09,4.03
8.53,1556.4,0.9,4.16
8.555,1560.4,0.88,4.14
8.58,1564.4,1.01,4.14
8.605,1568.5,1.12,4.19
8.63,1572.5,0.85,4.4
8.655,1578,1.12,4.12
8.68,1583.5,1.01,4.03
8.705,1589,0.86,4.32
8.73,1594.6,0.78,4.43
8.755,1600.1,0.9,3.88
8.78,1605.3,1.1,3.99
8.805,1610.2,0.88,4.32
8.83,1615.2,1.2,3.98
8.855,1620.2,1,3.71
8.88,1625.1,0.92,4.01
8.905,1630.1,1.06,3.98
8.93,1635.1,1,4.07
8.955,1640,0.78,4.29
8.98,1645,0.79,4.25
9.005,1647.4,0.89,4.31
9.03,1649.8,0.88,4.55
9.055,1652.2,0.84,4.61
9.08,1654.6,0.81,4.64
9.105,1657,0.56,4.52
9.13,1659.4,1.06,3.91
9.155,1661.8,1.07,3.99
9.18,1664.2,0.76,4.12
9.205,1666.6,0.7,4.38
9.23,1669,1.15,3.72
9.28,1673.8,1.07,3.94
9.305,1676.1,0.93,3.78
9.33,1678.5,0.55,4.04
9.355,1680.9,0.92,3.75
9.38,1683.3,0.86,4.03
9.405,1685.7,0.84,3.87
9.43,1688.1,0.99,3.89
9.455,1690.5,1.06,3.93
9.48,1692.9,1.07,4
9.505,1695.3,0.95,4.36
9.53,1697.7,1.04,4.08
9.555,1700.1,0.9,4.41
9.58,1702.5,0.98,3.97
9.605,1706,0.88,3.89
9.63,1709.4,0.81,4.64
9.655,1712.9,0.74,4.19
9.68,1716.3,1.08,3.89
9.705,1719.8,1.02,3.9
9.73,1723.3,0.91,4.08
9.755,1726.7,0.92,3.84
9.78,1730.2,0.75,4.3
9.805,1733.7,0.82,4.01
9.83,1737.1,0.64,3.96
9.855,1740.6,0.52,4.25
9.88,1744,0.57,4.3
9.905,1747.5,0.45,4.15
9.93,1749.6,0.68,4.3
9.955,1751.6,0.65,4.1
9.98,1753.7,0.67,3.66
10.005,1755.8,0.75,3.8
10.03,1757.8,0.42,3.97
10.055,1759.9,1.14,3.77
10.08,1762,0.89,3.73
10.105,1764,0.83,3.72
10.13,1766.1,0.78,4
10.155,1768.2,0.89,3.92
10.18,1770.2,1.03,3.65
10.205,1772.3,0.97,3.97
10.23,1774.4,1.06,3.86
10.255,1776.4,0.99,3.87
10.28,1778.5,0.99,3.87
10.305,1780.6,0.94,3.9
10.38,1786.8,0.97,4
10.405,1788.9,0.88,4.04
10.48,1795.1,0.86,3.87
10.505,1797.1,0.82,4.1
10.53,1799.1,0.95,3.82
10.555,1801.2,0.97,3.8
10.58,1803.2,0.75,4.09
10.605,1805.3,0.88,3.89
10.63,1807.3,0.94,3.63
10.655,1809.3,0.92,4.24
10.68,1811.4,0.83,3.86
10.705,1813.4,0.72,4.09
10.73,1815.5,0.8,4.01
10.755,1817.5,1.08,4.14
10.78,1820.4,0.73,3.88
10.83,1826.2,0.96,3.82
10.855,1829.2,0.49,3.97
10.88,1832.1,0.9,4.06
10.905,1835,1.14,3.98
10.93,1837.9,1.03,3.81
10.955,1840.8,1.09,3.84
10.98,1843.7,0.82,3.53
11.005,1846.6,0.99,3.83
11.03,1849.6,1.04,3.84
11.055,1852.5,1.11,3.8
11.08,1855.4,0.91,3.89
11.105,1858.3,0.79,4.11
11.13,1861.2,0.82,4.22
11.155,1864.1,0.74,4.27
11.18,1867.3,0.62,4.5
11.205,1870.5,0.82,3.97
11.23,1873.8,0.66,3.97
11.255,1877,0.54,4.23
11.305,1883.5,0.77,3.51
11.33,1886.7,1.09,3.67
11.355,1890,0.58,4.02
11.38,1893.2,1.01,3.69
11.405,1896.5,1.09,3.81
11.43,1899.7,1.01,3.95
11.45,1902.3,0.9,4.03
11.48,1905.1,0.88,4.02
11.505,1907.4,1.11,3.56
11.53,1909.7,0.97,3.76
11.555,1912,1.12,3.76
11.58,1914.3,0.69,3.61
11.605,1916.6,0.89,3.7
11.63,1919,0.93,3.53
11.655,1921.3,1.21,4.2
11.68,1923.6,1.17,3.82
11.705,1925.9,0.99,4.05
11.73,1928.2,1.12,4.19
11.755,1930.5,1.01,3.88
11.78,1932.8,0.87,4.12
11.805,1935.2,0.9,4.32
11.83,1937.5,0.99,4.22
11.855,1939.8,0.97,4.32
11.88,1942.1,0.96,4.06
11.93,1946.7,1.02,4.33
11.955,1951.5,0.99,4.01
11.98,1956.2,1.2,4.14
12.005,1960.9,1.22,4.05
12.03,1965.6,1.11,3.85
12.055,1970.3,1.1,4.07
12.08,1975.1,1.16,3.95
12.105,1979.8,1.02,3.82
12.13,1984.5,1.07,3.97
12.155,1989.2,0.96,3.86
12.18,1994,1.14,3.75
12.205,1998.7,1.04,3.79
12.23,2003.4,0.9,4.25
12.255,2010.1,0.82,4.06
12.28,2016.8,0.99,4.13
12.305,2023.4,0.6,3.83
12.33,2030.1,1.03,4.17
12.355,2036.8,0.98,4.1
12.38,2043.5,0.81,3.92
12.405,2050.1,0.6,3.97
12.43,2056.8,0.63,4.12
12.455,2063.5,0.56,4.14
12.48,2070.1,0.82,4.46
12.505,2073.1,0.72,4.14
12.53,2076.1,0.88,4.24
12.555,2079,0.73,3.79
12.58,2082,0.75,4.12
12.605,2084.9,0.79,3.92
12.63,2087.9,0.89,4
12.655,2090.8,0.8,3.82
12.68,2093.8,0.88,4.2
12.705,2096.8,0.66,3.72
12.73,2099.7,0.75,3.87
12.755,2102.7,0.55,3.81
12.78,2105.6,0.7,3.97
12.805,2108.6,0.47,3.83
12.83,2111.5,0.67,3.64
12.855,2114.5,0.82,3.78
12.88,2117.5,0.44,3.79
12.905,2120.4,0.75,3.73
12.93,2123.4,0.49,3.63
12.955,2126.3,0.46,4.02
12.98,2129.3,0.58,3.89
13.005,2132.2,0.57,3.74
13.03,2135.2,0.84,3.94
13.055,2138.2,0.47,3.76
13.08,2141.1,0.6,3.67
13.105,2144.1,0.6,4.23
13.13,2147,0.75,3.97
13.155,2150,0.45,4.11
13.18,2152.9,0.8,4.09
13.205,2155.9,0.59,4.08
13.23,2158.9,0.81,4
13.255,2161.8,0.82,4.23
13.28,2164.8,0.62,3.84
13.305,2167.7,0.83,3.92
13.33,2170.7,0.92,3.71
13.355,2173.6,0.88,3.74
13.38,2176.6,0.8,3.77
13.405,2179.6,0.51,3.92
13.43,2182.5,0.84,3.76
13.455,2185.5,0.82,3.96
13.48,2188.4,0.81,4.08
13.505,2191.4,0.77,4.02
13.53,2194.3,0.8,3.9
13.555,2197.3,0.72,4.03
13.58,2200.2,0.66,4.01
13.605,2202.4,0.76,3.81
13.63,2204.6,0.73,3.95
13.655,2206.8,0.9,3.67
13.68,2209,0.85,3.87
13.705,2211.2,0.68,3.76
13.73,2213.4,0.77,3.83
13.755,2215.5,0.68,3.85
13.78,2217.7,0.65,3.81
13.805,2219.9,0.65,3.75
13.83,2222.1,0.68,4.05
13.855,2224.3,0.67,3.72
13.88,2226.5,0.68,3.66
13.905,2228.7,0.67,3.71
13.93,2230.9,0.29,3.86
13.955,2233.1,0.52,3.86
13.98,2235.3,0.65,3.75
14.005,2237.5,0.59,4.08
14.03,2239.7,0.74,4.09
14.055,2242.2,0.6,3.82
14.08,2244.8,0.85,3.93
14.105,2247.4,0.56,3.7
14.13,2250,0.44,4.37
14.155,2252.6,0.79,3.97
14.18,2255.2,0.96,3.47
14.205,2257.8,0.59,3.5
14.23,2260.4,0.69,3.64
14.255,2263,0.71,3.34
14.305,2268.2,0.38,3.69
14.33,2270.8,0.15,3.68
14.355,2273.4,0.41,3.45
14.38,2276,0.57,3.64
14.405,2278.6,0.32,3.72
14.44,2282.2,0.42,4.01
14.465,2284.8,0.33,3.85
14.49,2287.4,-0.02,3.94
14.515,2290,0.47,3.72
14.54,2292.6,0.95,3.85
14.565,2295.2,0.81,3.53
14.59,2297.8,0.57,3.75
14.615,2300.4,0.87,3.69
14.64,2303,0.85,3.54
14.665,2305.6,0.56,3.61
14.69,2308.2,0.61,3.58
14.715,2310.8,0.82,3.64
14.74,2313.4,0.56,3.91
14.765,2316,0.69,3.58
14.79,2318.6,0.46,3.75
14.815,2321.1,0.57,3.82
14.84,2323.7,0.61,3.86
14.865,2326.3,0.57,3.79
14.89,2328.9,0.61,3.81
14.915,2331.5,0.66,3.76
14.94,2334.1,0.62,3.17
14.965,2336.7,0.94,3.54
15.015,2341.9,0.77,3.9
15.04,2344.5,0.71,3.48
15.065,2347.1,0.77,3.33
15.09,2349.7,0.66,3.6
15.115,2352.3,0.63,3.54
15.14,2354.9,0.61,3.79
15.165,2357.5,0.71,4.18
15.19,2360.5,0.64,3.48
15.215,2363.4,0.9,3.61
15.24,2366.4,0.06,3.71
15.29,2372.3,0.98,3.51
15.315,2375.2,0.69,3.64
15.34,2378.2,0.87,3.84
15.365,2381.2,0.47,3.73
15.39,2384.1,1.17,3.6
15.415,2387.1,0.64,3.72
15.44,2390,0.87,3.74
15.465,2393,0.45,3.92
15.49,2395.9,0.97,3.7
15.515,2398.9,0.41,3.85
15.54,2401.8,-0.14,3.72
15.59,2407.8,0.92,3.74
15.615,2410.7,0.48,3.65
15.64,2413.7,0.64,3.61
15.665,2416.6,0.58,3.8
15.69,2419.6,0.62,3.71
15.715,2422.5,0.92,3.38
15.74,2425.5,0.84,3.81
15.815,2434.4,0.59,3.94
15.84,2438.4,0.53,4.08
15.865,2442.7,0.87,3.51
15.89,2447,0.36,3.71
15.915,2451.3,0.59,3.52
15.95,2457.3,0.82,3.38
15.975,2461.6,0.45,3.41
16,2466,0.74,3.45
16.025,2470.3,-0.07,3.83
16.05,2474.6,0.68,3.46
16.075,2478.9,0.64,3.61
16.1,2483.2,0.99,3.36
16.125,2487.5,0.36,4.12
16.15,2490.2,0.59,3.85
16.175,2492.9,0.58,3.56
16.2,2495.6,0.78,3.8
16.225,2498.3,0.18,3.9
16.25,2501,0.63,3.6
16.275,2503.7,0.2,3.8
16.3,2506.3,0.5,3.84
16.325,2509,0.31,3.57
16.35,2511.7,0.77,3.56
16.375,2514.4,0.46,3.91
16.4,2517.1,0.53,3.85
16.45,2522.5,0.27,4.45
16.475,2525.6,0.45,3.79
16.55,2534.9,0.47,3.62
16.575,2538,0.85,3.52
16.6,2541.1,0.81,3.35
16.625,2544.2,0.71,3.44
16.65,2547.3,0.7,3.57
16.675,2550.3,0.67,3.45
16.7,2553.4,0.67,3.46
16.725,2556.5,0.73,3.41
16.775,2562.7,0.8,3.56
16.8,2565.8,0.89,3.74
16.825,2568.9,0.79,3.34
16.85,2571.9,0.8,3.59
16.925,2581.1,0.73,3.45
16.95,2584.2,0.7,3.38
16.975,2587.2,0.75,3.29
17,2590.3,0.81,3.31
17.025,2593.3,0.74,3.46
17.05,2596.4,0.37,3.25
17.075,2599.4,0.62,3.28
17.1,2602.5,0.78,3.57
17.125,2605.9,0.71,3.45
17.15,2609.2,0.59,3.43
17.175,2612.6,0.76,3.25
17.2,2616,0.75,3.36
17.225,2619.4,0.63,3.57
17.275,2626.1,0.86,3.32
17.3,2629.5,0.72,3.26
17.325,2632.8,0.71,3.56
17.35,2636.2,0.6,3.66
17.375,2639.6,0.67,3.38
17.4,2643,0.63,3.77
17.425,2645.9,0.62,3.95
17.45,2648.3,0.64,3.7
17.475,2650.7,1.01,3.15
17.5,2653.1,0.91,3.51
17.525,2655.5,0.9,3.25
17.55,2657.8,0.56,3.5
17.575,2660.2,0.62,3.09
17.6,2662.6,0.48,3.91
17.625,2665,0.66,3.45
17.65,2667.4,0.6,3.62
17.675,2669.8,0.53,3.79
17.7,2672.1,0.53,3.31
17.725,2674.5,0.72,3.49
17.75,2676.9,0.48,3.74
17.775,2679.3,0.56,3.74
17.8,2681.7,0.71,3.33
17.825,2684,0.67,3.95
17.85,2686.4,0.62,3.61
17.875,2688.8,0.79,3.63
17.9,2691.2,0.72,3.87
17.925,2693.6,0.52,3.79
17.95,2695.9,0.79,4.15
17.975,2698.3,0.8,3.6
18.025,2703.1,0.82,3.72
18.05,2705.5,0.67,3.83
18.075,2707.9,0.54,3.84
18.1,2710.2,0.16,4.01
18.125,2712.6,0.59,3.52
18.15,2715,0.52,3.94
18.175,2716.8,0.47,3.31
18.2,2718.5,0.44,3.73
18.225,2720.3,0.35,3.77
18.25,2722,0.5,3.87
18.3,2725.5,0.57,3.46
18.325,2727.3,0.6,3.49
18.35,2729,0.56,3.43
18.375,2730.8,0.68,3.47
18.4,2732.5,0.56,3.39
18.445,2735.7,0.2,3.06
18.475,2737.8,0.71,3.39
18.5,2739.5,0.62,3.28
18.525,2741.3,0.6,3.27
18.55,2743,0.53,3.43
18.575,2744.8,0.79,3.35
18.6,2746.5,0.4,3.44
18.625,2748.3,0.5,3.14
18.65,2750,0.71,3.3
18.675,2751.8,0.84,3.23
18.7,2753.5,0.96,3.45
18.725,2755.3,0.63,3.29
18.75,2757,0.75,3.46
18.775,2758.8,0.53,3.53
18.8,2760.5,0.56,3.58
18.825,2762.3,0.25,3.6
18.85,2764,0.85,3.67
18.875,2765.8,0.64,3.6
18.9,2767.5,0.83,3.36
18.925,2769.3,0.76,3.4
18.95,2771,0.88,3.39
18.975,2772.8,0.62,3.59
19,2774.5,0.35,3.48
19.025,2776.3,0.89,3.5
19.05,2778,0.7,3.44
19.075,2779.8,0.76,3.35
19.1,2781.5,0.87,3.4
19.125,2783.3,0.74,3.49
19.15,2785,0.52,3.53
19.175,2786.8,0.25,3.62
19.2,2788.5,0.78,3.48
19.225,2790.3,0.88,3.48
19.25,2792,0.74,3.54
19.275,2793.8,0.84,3.72
19.3,2795.5,0.6,3.72
19.325,2797.3,0.75,3.62
19.35,2799,0.69,3.77
19.375,2800.8,0.92,3.64
19.4,2802.5,0.4,3.77
19.425,2804.3,1.05,3.99
19.45,2807.3,0.26,3.66
19.475,2811.3,0.35,3.46
19.5,2815.3,0.64,3.49
19.525,2819.3,0.56,3.34
19.55,2823.3,0.67,3.29
19.575,2827.3,0.9,3.21
19.69,2845.6,0.61,3.3
19.715,2849.6,0.61,3.38
19.74,2853.6,0.56,3.21
19.765,2857.6,0.34,3.42
19.79,2861.6,0.8,3.4
19.815,2865.6,0.66,3.56
19.84,2869.6,0.58,3.23
19.865,2873.6,0.78,3.15
19.89,2877.6,0.66,3.67
19.915,2881.6,0.72,3.3
19.965,2889.6,0.75,3.35
19.99,2893.6,0.67,3.37
20.015,2897.6,0.71,3.49
20.04,2901.6,0.85,3.36
20.065,2905.6,0.74,3.35
20.09,2909.5,0.57,3.24
20.115,2913.5,0.25,3.61
20.14,2917.5,0.6,3.39
20.165,2921.5,0.74,3.25
20.19,2925.5,0.52,3.81
20.215,2929.5,0.7,3.11
20.24,2933.5,0.17,3.91
20.265,2937.5,0.48,3.24
20.29,2940.7,0.31,2.87
20.315,2944,0.74,3.04
20.34,2947.2,0.51,3.86
20.37,2951.1,0.67,3.74
20.405,2955.6,0.28,3.38
20.43,2958.8,0.72,2.87
20.48,2965.3,0.5,3.12
20.53,2971.7,0.24,3.39
20.555,2974.9,0.79,3.17
20.63,2981.1,0.64,3.69
20.705,2986,0.49,3.32
20.755,2989.2,0.67,3.32
20.78,2990.9,0.57,3.5
20.805,2992.5,0.62,3.76
20.83,2994.1,-0.06,3.28
20.855,2995.8,0.7,3.81
20.88,2997.4,0.48,3.67
20.905,2999,0.24,3.61
20.93,3000.7,0.49,3.54
20.955,3002.3,0.56,3.65
21.03,3007.2,0.03,3.75
21.055,3008.8,0.41,3.53
21.08,3010.4,0.2,3.67
21.105,3012.1,0.56,3.42
21.13,3013.7,0.56,3.6
21.155,3015.3,0.44,3.75
21.18,3017,0.6,3.77
21.205,3018.6,0.71,3.41
21.23,3020.2,0.27,3.57
21.255,3021.8,0.58,3.39
21.28,3023.5,0.55,3.44
21.305,3025.1,0.62,3.08
21.33,3026.7,0.56,3.25
21.355,3028.4,0.48,3.53
21.38,3030,0.38,3.11
21.405,3033.9,0.48,3.21
21.43,3037.7,0.81,3.45
21.455,3041.6,0.52,3.29
21.48,3045.5,0.63,3.24
21.505,3049.4,0.47,3.34
21.53,3053.2,-0.07,3.24
21.555,3057.1,0.76,2.76
21.58,3061,0.81,3.1
21.605,3064.8,0.72,3.21
21.63,3068.7,0.1,3.16
21.655,3072.6,0.11,2.82
21.68,3076.5,0.74,3.4
21.73,3084.2,0.81,3.38
21.755,3088.1,0.68,3.62
21.78,3091.9,0.74,3.14
21.805,3095.8,0.65,3.32
21.83,3099.7,0.31,3.56
21.855,3103.5,0.73,3.32
21.88,3107.4,0.82,3.41
21.905,3111.3,0.7,3.35
21.93,3115.2,0.62,3.45
21.955,3119,0.32,3.28
21.98,3122.9,0.51,3.35
22.005,3126.8,0.42,3.27
22.03,3130.6,0.77,3.43
22.055,3134.5,0.54,3.38
22.08,3138.4,0.57,3.44
22.105,3142.3,0.34,3.47
22.155,3150,0.64,3.66
22.18,3151.6,-0.14,3.04
22.205,3153.1,0.84,3.41
22.23,3154.7,0.63,3.23
22.255,3156.3,0.83,3.32
22.305,3159.4,0.65,3.31
22.33,3160.9,0.64,3.2
22.355,3162.5,0.36,3.24
22.43,3167.2,0.48,3.47
22.455,3168.8,1.02,3.6
22.48,3170.3,0.61,3.38
22.505,3171.9,0.82,3.24
22.53,3173.4,0.55,3.46
22.555,3175,0.75,3.56
22.58,3177.5,0.87,3.35
22.605,3180,0.86,3.39
22.63,3182.5,1,3.36
22.655,3185,0.52,3.54
22.68,3187.5,0.86,3.31
22.705,3190,0.17,3.03
22.73,3192.5,0.99,3.38
22.78,3197.5,0.95,3.23
22.805,3200,0.85,3.53
22.855,3205,0.85,3.18
22.905,3210,0.93,3.35
22.93,3212.5,1.03,3.41
22.955,3215,0.89,3.09
22.98,3217.5,1.06,3.37
23.005,3220,1.1,3.47
23.03,3222.5,0.97,3.41
23.055,3225,0.67,3.32
23.08,3227.5,0.73,3.47
23.105,3230,0.83,3.56
23.13,3232.5,1.02,3.6
23.155,3235,0.89,3.49
23.18,3238.5,0.99,3.53
23.205,3241.9,0.72,3.45
23.23,3245.4,0.63,3.38
23.255,3248.8,0.62,3.39
23.28,3252.3,0.71,3.49
23.305,3255.8,0.79,3.35
23.33,3259.2,0.9,3.35
23.355,3262.7,0.77,3.47
23.38,3266.2,0.71,3.54
23.405,3269.6,0.91,3.6
23.43,3273.1,0.65,3.57
23.455,3276.5,0.88,3.52
23.48,3280,0.57,3.34
23.505,3282.2,0.8,3.5
23.53,3284.4,0.46,3.95
23.555,3286.6,0.79,3.54
23.58,3288.8,0.58,3.59
23.605,3290.9,0.61,3.63
23.63,3293.1,0.7,3.63
23.655,3295.3,0.6,3.69
23.68,3297.5,0.18,3.85
23.705,3299.7,0.59,3.6
23.73,3301.9,0.43,3.98
23.755,3303.6,0.57,3.7
23.78,3305.3,0.53,3.68
23.805,3307,0.29,3.24
23.83,3308.7,0.65,3.53
23.855,3310.4,0.58,3.57
23.88,3312.1,0.81,3.34
23.905,3313.8,0.39,3.45
23.93,3315.5,0.85,3.42
23.955,3317.2,0.65,3.38
23.98,3318.9,0.86,3.62
24.005,3320.6,0.69,3.42
24.03,3322.3,0.76,3.44
24.055,3324,0.73,3.38
24.08,3325.7,0.68,3.33
24.105,3327.4,0.72,3.64
24.13,3329.1,0.75,3.47
24.155,3330.8,0.55,3.39
24.18,3332.5,0.34,3.36
24.205,3334.1,0.68,3.45
24.23,3335.8,0.63,3.47
24.255,3337.5,0.46,3.49
24.28,3339.2,0.68,3.52
24.305,3340.9,0.45,3.52
24.33,3342.6,0.5,3.11
24.355,3344.3,0.58,3.32
24.38,3346,0.67,3.45
24.405,3347.7,0.65,3.48
24.43,3349.4,0.63,3.5
24.455,3351.1,0.58,3.3
24.48,3352.8,0.56,3.2
24.505,3354.5,0.63,3.28
24.53,3356.2,0.46,3.09
24.555,3357.9,0.2,3.35
24.58,3359.6,0.52,3.49
24.605,3361.3,0.5,3.44
24.63,3363,0.56,3.39
24.655,3364.7,0.51,3.44
24.68,3366.4,0.49,3.51
24.705,3368.1,0.94,3.62
24.73,3369.8,0.54,3.3
24.755,3371.5,0.74,3.46
24.78,3373.2,0.76,3.4
24.805,3374.9,0.73,3.5
24.83,3376.6,0.44,3.69
24.855,3378.3,0.77,3.4
24.88,3380,0.7,3.72
24.905,3382.3,0.48,3.28
24.93,3384.5,0.61,3.38
24.955,3386.8,0.51,3.34
24.98,3389,0.72,3.42
25.005,3391.3,0.61,3.29
25.03,3393.5,0.64,3.24
25.055,3395.8,0.58,3.32
25.08,3398,0.67,3.19
25.105,3400.3,0.75,3.33
25.13,3402.5,0.91,3.01
25.155,3404.8,0.63,3.46
25.18,3407,0.48,3.1
25.205,3409.3,0.59,3.16
25.23,3411.5,0.91,3.56
25.255,3413.8,0.54,3.5
25.28,3416,0.34,3.46
25.305,3418.3,0.25,3.22
25.33,3420.5,0.4,3.48
25.355,3422.8,0.52,3.51
25.38,3425,0.47,3.55
25.405,3426.4,0.33,3.4
25.43,3427.9,0.02,3.41
25.455,3429.3,0.56,3.43
25.48,3430.8,0.63,3.18
25.505,3432.2,0.52,3.28
25.53,3433.7,0.68,3.36
25.555,3435.1,0.56,3.18
25.62,3438.9,0.76,3.31
25.645,3440.4,0.74,3.17
25.67,3441.8,0.68,3.25
25.695,3443.3,0.55,3.24
25.72,3444.7,0.68,3.18
25.745,3446.2,0.87,3.28
25.77,3447.6,0.31,3.25
25.795,3449.1,0.67,3.26
25.82,3450.5,0.51,3.3
25.845,3452,0.77,3.44
25.87,3453.4,0.84,3.2
25.895,3454.9,0.72,3.1
25.92,3456.3,0.81,3.25
25.945,3457.8,0.69,3.32
25.97,3459.2,0.29,3.18
25.995,3460.7,0.27,3.34
26.02,3462.1,0.49,3.42
26.045,3463.6,0.92,3.39
26.07,3465,0.57,3.48
26.095,3466.8,0.83,3.35
26.12,3468.7,0.72,3.34
26.145,3470.5,0.45,3.24
26.17,3472.4,0.83,3.22
26.195,3474.2,0.46,3.29
26.22,3476,0.68,3.2
26.245,3477.9,0.73,3.33
26.27,3479.7,0.83,3.31
26.295,3481.6,0.88,3.35
26.32,3483.4,0.91,3.04
26.345,3485.2,0.95,3.29
26.37,3487.1,0.77,3.36
26.395,3488.9,0.9,3.25
26.42,3490.8,0.62,3.15
26.445,3492.6,0.82,3.22
26.47,3494.4,0.38,3.18
26.495,3496.3,0.81,3.19
26.535,3499.2,0.9,3.25
26.56,3501.1,0.91,2.9
26.585,3502.9,0.64,3.11
26.61,3504.8,0.69,3.26
26.635,3506.6,0.87,3.25
26.66,3508.4,0.78,3.11
26.685,3510.3,0.73,2.98
26.71,3512.1,0.57,2.5
26.735,3514,0.46,2.38
26.76,3515.8,0.55,3.39
26.785,3517.6,0.51,2.57
26.81,3519.5,0.7,3.13
26.835,3521.3,0.79,3.03
26.86,3523.2,0.8,3.22
26.885,3525,0.98,3.4
26.91,3530,0.78,3.3
26.935,3535,0.68,2.97
26.96,3540,0.66,3.09
26.985,3545,0.88,3.26
27.01,3550,0.9,3.27
27.035,3555,0.83,3.13
27.06,3560,0.52,3.31
27.085,3561.8,0.88,3.13
27.11,3563.5,0.89,3.15
27.135,3565.3,0.64,2.96
27.16,3567.1,0.67,3.18
27.185,3568.8,0.73,3.06
27.235,3572.4,0.45,3.01
27.26,3574.1,0.68,2.93
27.285,3575.9,0.53,2.99
27.31,3577.6,0.62,3.32
27.335,3579.4,0.65,3.2
27.36,3581.2,0.81,3.29
27.385,3582.9,0.66,3.32
27.435,3586.5,0.84,3.32
27.46,3588.2,0.62,3.39
27.485,3590,0.94,3.43
27.51,3590.9,0.57,3.17
27.535,3591.8,0.7,3.25
27.56,3592.7,0.65,3.49
27.585,3593.6,0.92,3.07
27.61,3594.5,1,3.22
27.635,3595.5,0.96,3.13
27.66,3596.4,0.86,3.18
27.685,3597.3,0.8,3.02
27.71,3598.2,0.72,3.02
27.735,3599.1,0.34,2.65
27.76,3600,0.72,2.97
27.785,3600.9,0.77,3.29
27.81,3601.8,0.66,3.09
27.835,3602.7,0.92,3.29
27.86,3603.6,0.95,3.2
27.885,3604.5,0.68,3.13
27.91,3605.5,0.77,3.08
27.935,3606.4,0.3,3.01
27.96,3607.3,0.68,2.96
28.01,3609.1,0.8,3.11
28.035,3610,0.67,2.8
28.06,3610.9,0.73,3.2
28.085,3611.8,0.78,2.95
28.11,3612.7,0.97,3.13
28.135,3613.6,1,3.29
28.16,3614.5,0.69,3.14
28.185,3615.5,0.95,3.15
28.21,3616.4,0.67,3.19
28.235,3617.3,0.46,3.14
28.26,3618.2,0.51,2.74
28.285,3619.1,0.64,3.44
28.31,3620,0.35,3.39
28.335,3620.9,0.92,3.47
28.36,3621.8,0.35,3.2
28.385,3622.7,0.78,3.5
28.41,3623.6,0.7,3.38
28.435,3624.5,0.75,3.33
28.46,3625.5,0.86,3.39
28.485,3626.4,0.8,3.25
28.51,3627.3,1.06,3.38
28.56,3629.1,0.61,3.48
28.585,3630,0.71,3.62
28.61,3630.8,1.02,3.23
28.635,3631.6,1.06,3.09
28.66,3632.4,1.09,3.2
28.685,3633.2,0.82,3.37
28.71,3634,0.93,3.3
28.735,3634.8,1.09,3.11
28.785,3636.4,1.03,3.31
28.81,3637.2,0.79,3.25
28.835,3638,1.03,3.27
28.86,3638.8,0.92,3
28.885,3639.5,0.87,3.14
28.91,3640.3,0.67,3.02
28.935,3641.1,0.61,3.24
28.96,3641.9,1.13,3.23
28.985,3642.7,0.98,3.26
29.01,3643.5,0.88,3.14
29.035,3644.3,0.94,3.18
29.06,3645.1,0.77,3.41
29.085,3645.9,-0.1,3.06
29.11,3646.7,0.73,3.39
29.135,3647.5,0.81,3.22
29.16,3648.3,0.97,3.15
29.185,3649.1,0.62,2.96
29.235,3650.7,0.47,2.85
29.26,3651.5,0.96,3.25
29.285,3652.3,0.73,2.79
29.31,3653.1,0.6,3
29.335,3653.9,0.85,3.1
29.36,3654.7,0.73,3.35
29.385,3655.5,0.55,3.23
29.41,3656.3,0.82,3.21
29.435,3657,0.82,3.26
29.46,3657.8,0.64,3.15
29.485,3658.6,0.76,3.4
29.535,3660.2,0.46,3.46
29.56,3661,0.85,3.4
29.585,3661.8,0.71,3.49
29.61,3662.6,0.81,3.27
29.635,3663.4,0.58,3.29
29.66,3664.2,0.58,3.47
29.685,3665,0.71,3.58
29.71,3668.8,0.94,3.55
29.735,3672.7,0.61,3.26
29.76,3676.5,0.4,3.17
29.785,3680.4,0.94,3.48
29.81,3684.2,0.74,3.38
29.835,3688.1,0.91,3.12
29.86,3691.9,0.85,3.23
29.885,3695.8,0.61,3.1
29.91,3699.6,0.61,3.27
29.935,3703.5,0.85,3.27
29.96,3707.3,0.8,3.22
29.985,3711.2,0.72,3.14
30.01,3715,0.72,3.42
30.035,3718.6,0.88,3.16
30.06,3722.3,0.93,3.12
30.085,3725.9,0.86,3.23
30.11,3729.5,0.92,3.13
30.135,3733.2,0.83,3.17
30.16,3736.8,0.88,3.07
30.185,3740.5,0.75,3.23
30.21,3744.1,0.86,3.24
30.235,3747.7,0.86,3.21
30.26,3751.4,0.85,3.24
30.285,3755,0.9,3.21
30.31,3758.6,0.69,3.05
30.335,3762.3,0.88,3.09
30.36,3765.9,0.82,3.25
30.385,3769.5,0.73,3.21
30.41,3773.2,0.48,3.11
30.435,3776.8,0.79,3.18
30.46,3780.5,0.79,3.15
30.485,3784.1,0.77,3.1
30.51,3787.7,0.81,3.22
30.535,3791.4,0.54,3.23
30.56,3795,0.83,3.34
30.585,3800,0.73,3.29
30.61,3805,0.85,3.24
30.635,3810,0.79,3.16
30.66,3815,0.76,3.12
30.68,3819,0.82,3.15
30.71,3825,0.72,3.32
30.735,3830,0.78,3.38
30.76,3837.4,0.61,3.24
30.81,3852.1,0.76,2.96
30.835,3859.5,0.61,2.9
30.86,3866.8,0.76,3.25
30.885,3871.7,0.62,3.25
30.91,3874.8,0.71,3.27
30.935,3877.8,0.64,3.24
30.96,3880.9,0.61,3.1
30.985,3883.9,0.67,3.3
31.01,3887,0.82,3.16
31.035,3890,0.54,2.99
31.06,3893.9,0.59,3.04
31.085,3897.9,0.62,3.2
31.11,3901.8,0.81,3.06
31.135,3905.7,0.82,3.06
31.16,3909.6,0.8,3.07
31.185,3913.6,0.69,2.9
31.21,3917.5,0.66,2.97
31.235,3921.4,0.75,3.02
31.26,3925.4,0.76,3.08
31.285,3929.3,0.88,2.98
31.31,3933.2,0.74,2.96
31.335,3937.1,0.6,2.95
31.36,3941.1,0.98,3.44
31.385,3945,0.74,3.19
31.41,3949.5,0.56,3.16
31.435,3954.1,0.82,3.2
31.46,3958.6,0.37,2.91
31.485,3963.2,0.75,3.23
31.51,3967.7,0.77,3.26
31.535,3972.3,0.62,3.25
31.56,3976.8,0.66,3.32
31.585,3981.4,0.68,3.26
31.61,3985.9,0.34,3.43
31.635,3990.5,0.53,3.45
31.66,3995,0.57,3.47
31.685,3998.3,0.41,3.52
31.71,4001.7,0.53,3.43
31.735,4005,0.62,3.39
31.76,4008.3,0.7,3.36
31.785,4011.7,0.92,3.22
31.81,4015,0.96,3.25
31.835,4018.3,0.75,3.27
31.86,4021.7,0.89,3.26
31.885,4025,0.84,3.14
31.91,4033.3,0.61,3.56
31.935,4041.7,0.8,3.24
31.96,4050,0.89,3.05
31.985,4052.3,0.86,3.13
32.01,4054.5,0.59,3.24
32.035,4056.8,0.81,3.15
32.06,4059,0.87,3.04
32.085,4061.3,0.75,3.25
32.21,4072.5,0.73,3.19
32.235,4074.8,0.79,3.21
32.26,4077,0.69,3.22
32.285,4079.3,0.8,3.27
32.31,4081.5,0.68,3.1
32.335,4083.8,0.83,3.18
32.36,4086,0.65,3.18
32.385,4088.3,0.61,3.22
32.41,4090.5,0.59,3.3
32.435,4092.8,0.57,3.31
32.46,4095,0.52,3.37
32.485,4096.3,0.71,3.24
32.51,4097.7,0.68,3.33
32.56,4100.4,0.61,3.27
32.585,4101.7,0.69,3.09
32.61,4103.1,0.71,3.21
32.635,4104.4,0.41,3.05
32.66,4105.8,0.61,3.07
32.685,4107.1,0.68,3.14
32.71,4108.5,0.64,3.17
32.735,4109.8,0.59,3.16
32.76,4111.2,0.67,3.08
32.785,4112.5,0.72,3.18
32.81,4113.8,0.61,3.09
32.835,4115.2,0.89,3.19
32.86,4116.5,0.66,3.1
32.885,4117.9,0.74,3.17
32.91,4119.2,0.84,3.19
32.935,4120.6,0.74,3.04
32.96,4121.9,0.71,3.05
32.985,4123.3,0.83,3.26
33.01,4124.6,0.9,3.26
33.035,4126,0.74,3
33.06,4127.3,0.81,3.21
33.085,4128.7,0.62,2.73
33.11,4130,0.93,3.12
33.135,4135.7,0.86,3.22
33.145,4138,0.73,2.78
33.17,4143.6,0.81,2.83
33.195,4149.3,0.77,3.28
33.22,4155,0.57,3.31
33.245,4157.3,0.72,3.31
33.27,4159.5,0.7,3.29
33.295,4161.8,0.88,3.19
33.32,4164,0.81,3.17
33.345,4166.3,0.85,3.2
33.37,4168.5,0.66,3.08
33.42,4173,0.82,3.17
33.445,4175.3,0.56,3.08
33.47,4177.5,0.62,3.21
33.495,4179.8,0.62,3.15
33.52,4182,0.84,3.07
33.545,4184.3,0.65,3.18
33.57,4186.5,0.49,3.2
33.595,4188.8,0.52,3.21
33.62,4191,0.73,3.21
33.645,4193.3,0.43,3.26
33.67,4195.5,0.73,3.15
33.695,4197.8,0.67,3.29
33.72,4200,0.63,3.41
33.745,4201.7,0.63,3.23
33.77,4203.4,0.58,3.37
33.795,4205.2,0.51,3.36
33.82,4206.9,0.64,3.31
33.845,4208.6,0.8,3.32
33.87,4210.3,0.62,3.28
33.895,4212,0.79,3.25
33.92,4213.8,0.88,3.17
33.945,4215.5,0.83,3.13
33.97,4217.2,0.73,3.08
33.995,4218.9,0.68,3.05
34.02,4220.6,0.78,3.1
34.045,4222.3,0.85,3.08
34.07,4224.1,0.93,3.16
34.095,4225.8,0.58,3.26
34.12,4227.5,0.74,3.27
34.145,4229.2,0.78,3.1
34.17,4230.9,0.86,3.19
34.195,4232.7,0.91,3.24
34.22,4234.4,0.75,3.22
34.24,4235.8,0.87,3.25
34.27,4237.8,0.79,3.33
34.295,4239.5,0.83,3.25
34.345,4243,0.33,3.34
34.37,4244.7,0.74,3.08
34.395,4246.4,0.6,3.18
34.42,4248.1,0.81,3.24
34.445,4249.8,0.71,3.15
34.47,4251.6,0.76,3.17
34.495,4253.3,0.74,3.22
34.52,4255,0.47,3.18
34.545,4255.9,0.72,3.26
34.57,4256.8,0.62,3.24
34.595,4257.7,0.79,3.25
34.695,4261.4,0.68,3.14
34.72,4262.3,0.73,3.2
34.745,4263.2,0.73,3.11
34.77,4264.1,0.27,3.19
34.795,4265,0.82,3.05
34.82,4265.9,0.8,3.19
34.845,4266.8,0.78,3.01
35.02,4273.2,0.92,3.08
35.045,4274.1,0.02,3.14
35.07,4275,0.75,3.08
35.095,4275.9,0.74,2.93
35.12,4276.8,0.75,3
35.145,4277.7,0.62,3.11
35.17,4278.6,0.71,3.08
35.195,4279.5,0.68,3.07
35.22,4280.5,0.85,3.03
35.245,4281.4,0.67,3.06
35.27,4282.3,0.69,3.05
35.295,4283.2,0.53,3.14
35.32,4284.1,0.72,3.05
35.345,4285,0.74,3.18
35.37,4285.9,0.66,3.1
35.395,4286.8,0.77,3.07
35.42,4287.7,0.68,3.11
35.445,4288.6,0.61,3.21
35.47,4289.5,0.84,3.2
35.495,4290.5,0.32,3.16
35.52,4291.4,0.73,3.14
35.545,4292.3,0.81,3.24
35.57,4293.2,0.76,3.32
35.595,4294.1,0.91,3.21
35.62,4295,0.83,3.21
35.645,4295.8,0.56,3.21
35.67,4296.6,0.73,3.19
35.695,4297.4,0.78,3.3
35.72,4298.2,0.79,3.1
35.74,4298.8,0.66,3.16
35.77,4299.7,0.91,3.11
35.795,4300.5,0.75,3.08
35.845,4302.1,0.72,3.12
35.87,4302.9,0.77,3.21
35.895,4303.7,0.83,3.23
35.92,4304.5,0.85,3.26
35.945,4305.3,0.84,3.23
35.995,4306.8,0.77,3.17
36.02,4307.6,0.75,3.16
36.045,4308.4,0.67,3.08
36.07,4309.2,0.85,3.17
36.095,4310,0.85,3.14
36.12,4310.8,0.35,3.06
36.145,4311.6,0.75,3.06
36.17,4312.4,0.77,3.23
36.195,4313.1,0.82,3.17
36.22,4313.9,0.69,3.08
36.245,4314.7,0.68,3.15
36.27,4315.5,0.63,3.13
36.295,4316.3,0.87,3.14
36.32,4317.1,0.82,3.25
36.345,4317.9,0.76,3.17
36.37,4318.7,0.49,3.19
36.395,4319.5,0.64,3.15
36.445,4321,0.75,3.21
36.47,4321.8,0.77,3.16
36.495,4322.6,0.84,3.21
36.52,4323.4,0.61,3.21
36.545,4324.2,0.78,3.25
36.57,4325,0.7,3.13
36.595,4325.8,0.49,3.13
36.605,4326.1,0.8,3.18
36.63,4326.9,0.57,3.25
36.655,4327.7,0.65,3.04
36.68,4328.4,0.71,3.13
36.705,4329.2,0.66,3.14
36.73,4330,0.59,3.16
36.755,4330.8,0.19,2.69
36.78,4331.6,0.63,3.04
36.805,4332.4,0.55,3.03
36.83,4333.2,0.68,3.18
36.85,4333.8,0.49,3.13
36.88,4334.8,0.6,3.23
36.905,4335.5,0.52,3.25
36.93,4336.3,0.62,3.34
36.955,4337.1,0.63,3.08
36.98,4337.9,0.51,3.2
37.005,4338.7,0.55,3.23
37.03,4339.5,0.64,3.02
37.055,4340.3,0.59,3.16
37.08,4341.1,0.63,3.07
37.105,4341.9,0.65,3.11
37.13,4342.6,0.6,3.08
37.155,4343.4,0.76,3.03
37.205,4345,0.7,3.16
37.23,4345.8,0.65,3.03
37.255,4346.6,0.66,3.15
37.28,4347.4,0.76,3.11
37.305,4348.2,0.52,3.06
37.33,4349,0.67,3.14
37.355,4349.7,0.72,3.16
37.38,4350.5,0.6,3.11
37.405,4351.3,0.68,3.08
37.43,4352.1,0.54,3.18
37.455,4352.9,0.7,3.16
37.48,4353.7,0.45,3.24
37.505,4354.5,0.6,3.18
37.53,4355.3,0.46,3.22
37.555,4356.1,0.42,3.29
37.58,4356.8,0.51,3.19
37.605,4357.6,0.63,3.32
37.63,4358.4,0.58,3.41
37.655,4359.2,0.69,3.29
37.68,4360,0.58,3.36
37.705,4360.5,0.55,3.36
37.73,4361,0.73,3.26
37.755,4361.6,0.45,3.36
37.78,4362.1,0.44,3.23
37.805,4362.6,0.53,3.36
37.83,4363.1,0.54,3.18
37.855,4363.6,0.51,3.2
37.88,4364.2,0.68,3.25
37.905,4364.7,0.72,3.29
37.93,4365.2,0.57,3.23
37.955,4365.7,0.76,3.18
37.98,4366.2,0.84,3.2
38.005,4366.7,0.7,3.16
38.03,4367.3,0.8,3.12
38.055,4367.8,0.21,3.18
38.08,4368.3,0.7,3.09
38.105,4368.8,0.59,3.16
38.13,4369.3,-0.15,3.17
38.155,4369.9,0.84,3.25
38.18,4370.4,0.86,3.19
38.205,4370.9,0.79,3.19
38.23,4371.4,0.74,3.17
38.255,4371.9,0.77,3.12
38.28,4372.5,0.81,3.19
38.305,4373,0.75,3.23
38.33,4373.5,0.63,3.2
38.35,4373.9,0.68,3.23
38.38,4374.5,0.68,3.26
38.405,4375,0.79,3.18
38.43,4375.6,0.84,3.09
38.455,4376.1,0.73,3.13
38.48,4376.6,0.76,3.09
38.505,4377.1,0.5,3.16
38.53,4377.6,0.62,3.14
38.555,4378.2,0.78,3.28
38.58,4378.7,0.66,3.37
38.605,4379.2,0.07,3
38.63,4379.7,0.35,3.09
38.655,4380.2,0.4,3.05
38.705,4381.3,0.61,3.21
38.73,4381.8,0.52,3.21
38.755,4382.3,0.65,3.19
38.78,4382.8,0.79,3.36
38.805,4383.3,0.57,3.19
38.83,4383.9,0.33,3.22
38.855,4384.4,0.81,3.09
38.88,4384.9,0.73,3.22
38.905,4385.4,0.47,3.11
38.93,4385.9,0.8,3.31
38.955,4386.5,0.73,3.1
38.98,4387,0.46,3.17
39.005,4387.5,0.64,3.07
39.03,4388,0.71,2.88
39.055,4388.5,0.65,3.08
39.08,4389.1,0.7,2.88
39.105,4389.6,0.35,2.99
39.13,4390.1,0.62,3.03
39.155,4390.6,0.25,2.93
39.18,4391.1,0.75,2.96
39.205,4391.7,0.31,3.2
39.23,4392.2,0.57,3.03
39.255,4392.7,0.63,3.01
39.28,4393.2,0.72,3.07
39.305,4393.7,0.66,3.13
39.33,4394.2,0.31,3.12
39.355,4394.8,0.65,3.1
39.38,4395.3,0.61,3.16
39.405,4395.8,0.62,3.17
39.43,4396.3,0.71,3.12
39.455,4396.8,0.69,3.1
39.48,4397.4,0.64,3.23
39.505,4397.9,0.8,3.09
39.53,4398.4,0.6,3.02
39.555,4398.9,0.79,3.2
39.58,4399.4,0.75,3.11
39.605,4400,0.72,3.07
39.63,4400.5,0.59,3.13
39.655,4401,0.84,3.14
39.68,4401.5,0.77,3.18
39.705,4402,0.9,3.16
39.755,4403.1,0.78,3.12
39.78,4403.6,0.82,3.23
39.805,4404.1,0.91,3.27
39.83,4404.6,0.93,3.24
39.85,4405,0.73,3.16
39.88,4405.7,0.4,3.13
39.905,4406.2,0.75,3.09
39.93,4406.7,1.02,3.18
39.955,4407.2,1.01,3.19
39.98,4407.7,0.76,3.13
40.005,4408.3,0.74,3.2
40.03,4408.8,0.86,3.12
40.055,4409.3,0.92,3.33
40.08,4409.8,0.64,3.23
40.105,4410.3,0.7,3.18
40.13,4410.8,0.74,3.16
40.155,4411.4,0.8,3.34
40.18,4411.9,0.84,3.27
40.205,4412.4,0.91,3.35
40.23,4412.9,0.75,3.35
40.255,4413.4,0.76,3.43
40.28,4414,1.05,3.42
40.305,4414.5,0.82,3.31
40.33,4415,0.79,3.52
40.355,4416.4,0.81,3.34
40.38,4417.8,0.8,3.42
40.405,4419.2,0.84,3.33
40.43,4420.6,0.99,3.2
40.455,4422,0.95,3.25
40.48,4423.4,0.96,3.25
40.505,4424.8,0.82,3.15
40.53,4426.1,0.84,3.23
40.555,4427.5,0.87,3.35
40.58,4428.9,0.72,3.18
40.605,4430.3,0.99,3.28
40.63,4431.7,1.02,3.33
40.655,4433.1,0.82,3.23
40.68,4434.5,0.87,3.16
40.705,4435.9,0.94,3.18
40.73,4437.3,0.78,3.33
40.755,4438.7,0.86,3.21
40.765,4439.3,0.97,3.16
40.79,4440.6,0.78,3.26
40.815,4442,0.81,3.18
40.84,4443.4,0.98,3.24
40.865,4444.8,0.62,3.24
40.89,4446.2,0.81,3.12
40.915,4447.6,0.94,3.19
40.94,4449,0.89,3.23
40.965,4450.4,0.66,3.1
40.99,4451.8,0.71,3.16
41.015,4453.2,0.74,3.25
41.04,4454.6,0.71,3.13
41.065,4456,0.65,3.26
41.09,4457.4,0.73,3.16
41.115,4458.8,0.97,3.21
41.14,4460.2,0.8,3.14
41.165,4461.6,0.89,3.25
41.19,4462.9,0.75,3.25
41.215,4464.3,0.86,3.21
41.24,4465.7,0.9,3.08
41.265,4467.1,0.93,3.4
41.29,4468.5,0.84,3.13
41.31,4469.6,0.76,3.14
41.34,4471.3,0.89,3.16
41.365,4472.7,0.9,3.12
41.39,4474.1,0.89,3.12
41.415,4475.5,0.97,3.12
41.44,4476.9,0.97,3.1
41.465,4478.3,0.9,3.04
41.49,4479.7,0.81,3.13
41.515,4481.1,0.78,3.08
41.54,4482.5,0.87,2.94
41.565,4483.9,0.94,3.07
41.615,4486.6,1.02,3.15
41.665,4489.4,0.97,3.23
41.69,4490.8,1,3.27
41.715,4492.2,0.88,3.39
41.74,4493.6,0.73,3.27
41.765,4495,0.8,3.42
41.79,4496.2,0.9,3.25
41.815,4497.4,0.64,3.2
41.84,4498.6,0.78,3.33
41.865,4499.8,0.93,3.34
41.89,4501.1,0.84,3.4
41.915,4502.3,0.92,3.3
41.94,4503.5,0.8,3.31
41.965,4504.7,0.9,3.22
41.99,4505.9,0.98,3.23
42.015,4507.1,0.86,3.28
42.04,4508.3,0.85,3.38
42.065,4509.5,0.9,3.15
42.09,4510.8,0.97,3.24
42.115,4512,0.86,3.18
42.14,4513.2,0.97,3.19
42.165,4514.4,0.88,3.1
42.19,4515.6,0.88,3.28
42.215,4516.8,0.64,3.28
42.24,4518,0.93,3.19
42.265,4519.2,0.94,3.16
42.29,4520.5,0.87,3.24
42.315,4521.7,0.83,3.13
42.34,4522.9,0.95,3.21
42.365,4524.1,0.9,3.2
42.39,4525.3,0.86,3.37
42.415,4526.5,0.78,3.2
42.44,4527.7,0.72,3.09
42.465,4528.9,0.78,3.26
42.49,4530.2,0.86,3.23
42.515,4531.4,0.76,3.26
42.54,4532.6,0.81,3.27
42.565,4533.8,0.82,3.25
42.59,4535,0.72,3.37
42.615,4536.4,0.5,3.22
42.64,4537.9,0.77,3.22
42.665,4539.3,0.45,3.23
42.69,4540.7,0.79,3.11
42.715,4542.1,0.58,3.16
42.74,4543.6,0.64,3.12
42.765,4545,0.83,3.06
42.79,4546.4,0.63,3.13
42.81,4547.6,0.83,3.13
42.84,4549.3,0.78,3.06
42.865,4550.7,0.68,3.11
42.89,4552.1,0.76,3.13
42.915,4553.6,0.81,3.07
42.94,4555,0.83,3.11
42.965,4556.4,0.78,3.12
42.99,4557.9,0.95,3.1
43.015,4559.3,0.72,3.08
43.04,4560.7,0.73,3.15
43.065,4562.1,0.81,3.19
43.09,4563.6,0.82,3.2
43.115,4565,0.9,3.1
43.165,4567.9,0.84,3.27
43.19,4569.3,0.81,3.15
43.215,4570.7,0.7,3.29
43.24,4572.1,0.82,3.24
43.265,4573.6,0.64,3.26
43.29,4575,0.75,3.37
43.315,4576.3,0.79,3.31
43.34,4577.5,0.79,3.31
43.365,4578.8,0.66,3.13
43.39,4580,0.69,3.22
43.415,4581.3,0.72,3.26
43.44,4582.5,0.75,3.18
43.465,4583.8,0.66,3.25
43.49,4585,0.96,3.21
43.515,4586.3,0.73,3.23
43.54,4587.5,0.77,3.21
43.565,4588.8,0.94,3.19
43.59,4590,0.95,3.13
43.615,4591.3,0.6,3.13
43.64,4592.5,0.74,3.16
43.665,4593.8,0.8,3.13
43.69,4595,0.63,3.13
43.715,4596.3,0.71,3.23
43.74,4597.5,0.73,3.21
43.765,4598.8,0.78,3.14
43.79,4600,0.57,3.07
43.815,4601.3,0.82,3.25
43.84,4602.5,0.67,3.17
43.865,4603.8,0.67,3.29
43.89,4605,0.71,3.23
43.915,4606.3,0.77,3.3
43.94,4607.5,0.71,3.29
43.965,4608.8,0.15,3.37
43.99,4610,0.82,3.24
44.015,4611.3,0.75,3.31
44.04,4612.6,0.67,3.29
44.065,4613.9,0.6,3.3
44.09,4615.1,0.72,3.32
44.115,4616.4,0.62,3.27
44.14,4617.7,0.82,3.28
44.165,4619,0.86,3.35
44.19,4620.3,0.71,3.1
44.215,4621.6,0.59,3.24
44.24,4622.9,0.33,3.22
44.265,4624.1,0.6,3.25
44.29,4625.4,0.8,3.11
44.31,4626.5,0.69,3.18
44.34,4628,0.83,3.16
44.365,4629.3,0.79,3.19
44.39,4630.6,0.66,3.12
44.415,4631.9,0.67,3.12
44.44,4633.1,0.71,3.17
44.465,4634.4,0.64,3.24
44.49,4635.7,0.74,3.12
44.515,4637,0.32,3.23
44.54,4638.3,0.68,3.09
44.565,4639.6,0.15,3.1
44.59,4640.9,0.66,3.14
44.615,4642.1,0.56,3.09
44.64,4643.4,0.19,3.22
44.665,4644.7,0.35,3.31
44.69,4646,0.5,3.17
44.715,4647.3,0.74,3.19
44.74,4648.6,0.19,3.17
44.765,4649.9,0.45,3.14
44.79,4651.1,0.48,3.13
44.815,4652.4,0.5,3.27
44.84,4653.7,0.65,3.3
44.865,4655,0.4,3.41
44.89,4655.9,0.54,3.23
44.915,4656.9,0.64,3.28
44.94,4657.8,0.68,3.22
44.965,4658.7,0.58,3.22
44.99,4659.6,0.63,3.25
45.015,4660.6,0.68,3.26
45.04,4661.5,0.47,3.29
45.065,4662.4,0.86,3.21
45.09,4663.3,0.94,3.21
45.115,4664.3,0.77,3.17
45.14,4665.2,0.6,3
45.165,4666.1,0.8,3.36
45.19,4667,0.53,3.24
45.215,4668,0.8,3.22
45.24,4668.9,0.87,3.31
45.265,4669.8,0.59,3.21
45.29,4670.7,0.56,3.13
45.315,4671.7,0.78,3.21
45.34,4672.6,0.56,3.19
45.365,4673.5,0.7,3.3
45.39,4674.4,0.71,3.21
45.415,4675.4,0.77,3.15
45.44,4676.3,0.46,3.07
45.465,4677.2,0.74,2.88
45.49,4678.1,0.4,3.17
45.515,4679.1,0.64,3.13
45.54,4680,0.51,3.1
45.565,4680.9,0.66,3.18
45.59,4681.9,0.62,3.07
45.615,4682.8,0.53,3.23
45.64,4683.7,0.55,3.13
45.665,4684.6,0.8,3.13
45.69,4685.6,0.66,3.15
45.715,4686.5,0.53,3.05
45.74,4687.4,0.51,3.16
45.765,4688.3,0.26,3.12
45.79,4689.3,0.41,3.16
45.81,4690,0.77,3.29
45.84,4691.7,0.63,3.39
45.865,4693.1,0.5,3.28
45.89,4694.4,0.18,3
45.915,4695.8,0.41,3.09
45.94,4697.2,0.54,3.32
45.965,4698.6,0.31,3.2
45.99,4700,0.3,3.2
46.04,4702.8,0.43,3
46.065,4704.2,0.5,3.02
46.09,4705.6,0.02,3.09
46.115,4706.9,0.72,3.06
46.14,4708.3,0.83,2.9
46.165,4709.7,0.9,3.24
46.19,4711.1,0.77,2.93
46.215,4712.5,0.77,3.1
46.24,4713.9,0.77,2.92
46.265,4715.3,0.6,3.09
46.29,4716.7,0.38,3.17
46.315,4718.1,0.9,3.07
46.34,4719.4,0.66,3.28
46.365,4720.8,0.59,3.25
46.39,4722.2,0.68,3.24
46.415,4723.6,0.6,3.33
46.44,4725,0.72,3.29
46.465,4726.2,0.68,3.34
46.49,4727.4,0.58,3.24
46.515,4728.7,0.67,3.25
46.54,4729.9,0.72,3.23
46.565,4731.1,0.31,3.31
46.59,4732.3,0.22,3.23
46.615,4733.5,0.65,3.34
46.64,4734.8,0.63,3.33
46.665,4736,0.66,3.34
46.69,4737.2,0.6,2.66
46.715,4738.4,0.51,3.33
46.74,4739.6,0.66,3.26
46.79,4742.1,0.4,3.41
46.815,4743.3,0.51,3.11
46.84,4744.5,0.77,3.24
46.865,4745.7,0.8,3.3
46.89,4747,0.38,3.39
46.915,4748.2,0.74,3.2
46.94,4749.4,0.6,3.21
46.965,4750.6,0.81,3.3
46.99,4751.8,0.48,3.07
47.04,4754.3,0.9,3.22
47.065,4755.5,0.82,3.32
47.09,4756.7,0.81,3.46
47.115,4757.9,0.84,3.26
47.14,4759.1,0.44,3.22
47.165,4760.4,0.84,3.4
47.19,4761.6,0.81,3.11
47.215,4762.8,0.52,3.31
47.24,4764,0.84,3.31
47.265,4765.2,0.55,3.47
47.29,4766.5,0.54,3.42
47.31,4767.4,0.29,3.15
47.34,4768.9,0.71,3.5
47.365,4770.1,0.54,3.43
47.39,4771.3,0.67,3.29
47.415,4772.6,0.63,3.3
47.44,4773.8,0.6,3.38
47.465,4775,0.65,3.36
47.49,4775.6,0.79,3.42
47.515,4776.1,0.7,3.39
47.54,4776.7,0.67,3.38
47.565,4777.2,0.66,3.26
47.59,4777.8,0.81,3.33
47.615,4778.3,0.75,3.33
47.64,4778.9,0.95,3.24
47.665,4779.4,0.52,3.18
47.69,4780,0.96,3.23
47.715,4780.5,0.99,3.35
47.74,4781.1,0.83,3.21
47.765,4781.6,0.89,3.22
47.79,4782.2,0.88,3.23
47.815,4782.8,0.83,3.17
47.84,4783.3,0.85,3.32
47.865,4783.9,0.85,3.18
47.89,4784.4,0.87,3.24
47.915,4785,0.85,3.2
47.94,4785.5,0.81,3.16
47.965,4786.1,0.72,3.24
47.99,4786.6,1,3.25
48.015,4787.2,0.74,3.1
48.04,4787.7,0.82,3.22
48.065,4788.3,0.7,3.17
48.09,4788.9,0.71,3.19
48.115,4789.4,0.58,3.22
48.14,4790,0.33,3.16
48.165,4790.5,0.63,3.35
48.19,4791.1,0.69,3.27
48.215,4791.6,0.72,3.32
48.24,4792.2,0.39,3.17
48.265,4792.7,0.59,3.26
48.29,4793.3,1.04,3.19
48.315,4793.8,0.92,3.29
48.34,4794.4,0.94,3.45
48.365,4794.9,1.17,3.33
48.39,4795.5,0.97,3.29
48.415,4796.1,0.93,3.23
48.44,4796.6,1.11,3.3
48.465,4797.2,1.07,3.42
48.49,4797.7,0.89,3.23
48.515,4798.3,0.8,3.25
48.54,4798.8,0.93,3.33
48.565,4799.4,0.82,3.32
48.59,4799.9,0.9,3.2
48.615,4800.5,0.32,3.34
48.64,4801,1.01,3.23
48.665,4801.6,0.71,3.23
48.69,4802.1,0.94,3.26
48.715,4802.7,0.49,3.37
48.74,4803.3,0.8,3.25
48.765,4803.8,0.65,3.29
48.79,4804.4,0.79,3.31
48.81,4804.8,0.95,3.46
48.84,4805.5,0.83,3.36
48.865,4806,0.89,3.41
48.89,4806.6,0.65,3.39
48.915,4807.1,0.93,3.43
48.94,4807.7,0.67,3.3
48.965,4808.2,0.96,3.36
48.99,4808.8,0.76,3.22
49.015,4809.3,0.99,3.32
49.04,4809.9,0.76,3.25
49.045,4810,0.68,3.41
49.07,4810.6,0.84,3.17
49.095,4811.1,0.99,3.36
49.12,4811.7,0.6,3.33
49.14,4812.1,-0.28,3.47
49.17,4812.8,0.8,3.55
49.195,4813.3,0.83,3.45
49.22,4813.9,1.01,3.18
49.245,4814.4,0.7,3.43
49.27,4815,0.45,3.51
49.295,4816.1,0.66,3.53
49.32,4817.1,0.73,3.41
49.345,4818.2,0.55,3.51
49.37,4819.2,0.68,3.28
49.395,4820.3,0.8,3.52
49.42,4821.4,0.91,3.21
49.445,4822.4,0.64,3.43
49.47,4823.5,0.89,3.34
49.495,4824.5,0.91,3.26
49.52,4825.6,0.93,3.29
49.545,4826.7,0.75,3.47
49.57,4827.7,0.86,3.22
49.595,4828.8,0.94,3.21
49.62,4829.8,0.84,3.12
49.645,4830.9,0.8,3.14
49.67,4832,0.87,3.06
49.695,4833,0.89,3.02
49.72,4834.1,0.91,3.15
49.745,4835.2,0.62,3.22
49.77,4836.2,0.44,3.25
49.795,4837.3,0.81,3.38
49.82,4838.3,0.51,3.41
49.845,4839.4,0.76,3.32
49.87,4840.5,0.41,3.24
49.92,4842.6,0.73,3.33
49.945,4843.6,0.62,3.3
49.97,4844.7,0.51,3.41
49.995,4845.8,0.63,3.35
50.02,4846.8,0.4,3.66
50.045,4847.9,0.42,3.61
50.07,4848.9,0.55,3.44
50.095,4850,0.54,3.58
50.12,4851.1,0.42,3.84
50.145,4852.1,0.63,3.49
50.17,4853.2,0.53,3.5
50.195,4854.2,0.78,3.43
50.22,4855.3,0.4,3.56
50.245,4856.3,0.52,3.39
50.27,4857.4,0.65,3.41
50.295,4858.4,0.68,3.26
50.32,4859.5,0.69,3.36
50.345,4860.6,0.79,3.35
50.37,4861.6,0.84,3.29
50.395,4862.7,0.93,3.05
50.42,4863.7,0.54,3.22
50.445,4864.8,0.93,3.19
50.47,4865.8,0.56,3.3
50.495,4866.9,0.93,3.35
50.52,4867.9,0.81,3.31
50.545,4869,0.91,3.28
50.57,4870.1,0.87,3.43
50.595,4871.1,1.01,3.18
50.62,4872.2,0.89,3.31
50.64,4873,0.71,3.46
50.67,4874.3,0.94,3.21
50.695,4875.3,0.82,3.15
50.72,4876.4,0.89,3.23
50.745,4877.4,0.74,3.48
50.77,4878.5,0.91,3.21
50.795,4879.6,0.93,3.26
50.82,4880.6,0.74,3.37
50.845,4881.7,0.39,3.38
50.87,4882.7,0.87,3.41
50.895,4883.8,0.77,3.29
50.92,4884.8,0.85,3.38
50.945,4885.9,0.62,3.3
50.97,4886.9,0.7,3.46
50.995,4888,0.9,3.71
51.02,4889.1,0.39,3.14
51.045,4890.1,0.6,3.18
51.07,4891.2,0.66,3.28
51.095,4892.2,0.63,3.35
51.12,4893.3,-0.09,3.36
51.145,4894.3,0.64,3.25
51.17,4895.4,0.67,3.4
51.195,4896.4,0.67,3.39
51.22,4897.5,0.95,3.39
51.295,4900.7,0.56,3.24
51.32,4901.7,0.85,3.17
51.345,4902.8,0.72,3.19
51.37,4903.8,0.75,3.22
51.395,4904.9,0.77,3.2
51.42,4905.9,0.3,3.11
51.445,4907,0.74,3.06
51.47,4908.1,0.78,3.08
51.495,4909.1,0.5,2.99
51.52,4910.2,0.67,3.06
51.545,4911.2,0.72,3.21
51.57,4912.3,0.76,3.15
51.595,4913.3,0.68,3.16
51.62,4914.4,0.74,3.16
51.645,4915.4,0.79,3.25
51.67,4916.5,0.76,3.24
51.695,4917.6,0.56,3.24
51.72,4918.6,0.67,3.11
51.745,4919.7,0.59,3.1
51.77,4920.7,0.58,3.22
51.795,4921.8,0.57,3.1
51.82,4922.8,0.34,3.19
51.845,4923.9,0.68,3.04
51.87,4924.9,0.36,3.15
51.895,4926,0.69,3.09
51.92,4927.1,0.61,3.17
51.945,4928.1,0.68,3.09
51.97,4929.2,0.56,3.11
51.995,4930.2,0.82,3.26
52.02,4931.3,0.77,3.14
52.045,4932.3,0.79,3.04
52.07,4933.4,0.86,3.11
52.095,4934.4,0.85,3.26
52.12,4935.5,0.87,3.25
52.14,4936.3,0.4,3.17
52.17,4937.6,0.76,3.25
52.195,4938.7,0.48,3.19
52.22,4939.7,0.49,3.21
52.245,4940.8,0.9,3.29
52.27,4941.8,0.88,3.16
52.295,4942.9,0.72,3.29
52.32,4943.9,0.72,3.37
52.345,4945,0.83,3.22
52.37,4946.8,0.7,3.37
52.395,4948.5,0.94,3.18
52.42,4950.3,0.86,3.15
52.445,4952,0.91,3.08
52.47,4953.8,0.65,3.23
52.495,4955.5,0.84,3.16
52.52,4957.3,0.78,3.12
52.545,4959,0.71,3.09
52.57,4960.8,0.51,3.1
52.595,4962.5,0.49,3.19
52.62,4964.3,0.68,3.17
52.645,4966,0.81,3.08
52.67,4967.8,0.23,3.3
52.695,4969.5,0.82,3.34
52.72,4971.3,0.69,3.12
52.745,4973,0.62,3.33
52.77,4974.8,0.76,3.33
52.795,4976.5,0.47,3.32
52.82,4978.3,0.43,3.47
52.845,4980,0.5,3.35
52.87,4981.6,0.53,3.33
52.895,4983.2,0.47,3.27
52.92,4984.8,0.8,3.34
52.945,4986.3,0.59,3.34
52.97,4987.9,0.18,3.21
52.995,4989.5,0.65,3.32
53.02,4991.1,0.65,3.21
53.045,4992.7,0.8,3.08
53.07,4994.3,1.03,3.13
53.095,4995.9,0.95,3.02
53.12,4997.4,0.75,3.17
53.145,4999,0.9,3.03
53.17,5000.6,0.9,3.08
53.195,5002.2,0.95,3.1
53.22,5003.8,0.92,3.04
53.245,5005.4,0.7,3.12
53.27,5007,0.96,3.02
53.295,5008.5,0.77,3.11
53.32,5010.1,0.68,3.32
53.345,5011.7,0.87,3.08
53.37,5013.3,0.87,3.03
53.395,5014.9,0.86,2.91
53.42,5016.5,0.78,3.24
53.445,5018,0.74,2.96
53.47,5019.6,0.79,3.12
53.495,5021.2,0.78,3.19
53.52,5022.8,0.52,3.27
53.545,5024.4,0.75,3.09
53.67,5032.3,0.6,2.99
53.695,5033.9,0.67,3.14
53.72,5035.5,0.61,3.46
53.745,5037.1,0.53,3.34
53.77,5038.7,0.45,3.12
53.795,5040.2,0.53,3.14
53.82,5041.8,0.31,3.46
53.845,5043.4,0.59,3.29
53.87,5045,0.61,3.44
53.895,5047.6,0.68,3.39
54,5058.4,0.81,3.14
54.02,5060.5,0.63,3.16
54.05,5063.6,0.89,3.13
54.075,5066.2,1.08,3.15
54.1,5068.8,0.45,3.16
54.125,5071.4,0.91,3.21
54.15,5074,0.75,3.11
54.175,5076.6,0.86,3.02
54.2,5079.1,0.87,3.14
54.225,5081.7,0.52,3.19
54.25,5084.3,0.66,3.1
54.275,5086.9,0.78,3.4
54.3,5089.5,0.62,3.15
54.325,5092.1,0.68,3.31
54.35,5094.7,0.67,3.13
54.375,5097.2,0.67,3.25
54.4,5099.8,0.77,3.27
54.425,5102.4,0.6,3.48
54.45,5105,0.79,3.16
54.475,5106.2,0.73,3.42
54.5,5107.3,0.68,3.22
54.525,5108.5,0.87,3.24
54.55,5109.7,0.74,3.32
54.575,5110.8,0.72,3.29
54.6,5112,0.73,3.2
54.625,5113.2,0.64,3.3
54.65,5114.3,0.66,3.19
54.675,5115.5,0.84,3.15
54.7,5116.7,0.76,3.11
54.725,5117.8,0.81,3.19
54.75,5119,0.84,3.04
54.775,5120.2,0.87,3.15
54.8,5121.3,0.84,3.1
54.825,5122.5,0.69,3.18
54.85,5123.7,0.9,3.22
54.875,5124.8,0.75,2.9
54.9,5126,0.83,3.1
54.925,5127.2,0.77,3.15
54.95,5128.3,0.81,3.08
54.975,5129.5,0.85,3.16
55.025,5131.8,0.92,3.22
55.05,5133,0.88,3.19
55.075,5134.2,0.77,3.03
55.1,5135.3,0.96,3.29
55.125,5136.5,1.03,3.26
55.15,5137.7,0.86,3.19
55.175,5138.8,0.74,3.29
55.2,5140,0.9,3.13
55.225,5141.2,0.85,3.17
55.25,5142.3,1.01,3.12
55.275,5143.5,1.02,3.23
55.3,5144.7,0.86,3.05
55.325,5145.8,0.84,3.1
55.35,5147,0.81,3.05
55.375,5148.2,0.82,3
55.4,5149.3,0.68,3.14
55.425,5150.5,0.75,3.17
55.45,5151.7,0.88,3.19
55.475,5152.8,0.86,3.16
55.5,5154,0.85,3.28
55.52,5154.9,0.96,3.25
55.55,5156.3,0.82,3.16
55.575,5157.5,0.79,3.16
55.6,5158.7,0.69,3.13
55.625,5159.8,0.61,3.22
55.65,5161,0.57,3.16
55.675,5162.2,0.75,3.21
55.7,5163.3,0.61,3.19
55.725,5164.5,0.53,3.16
55.75,5165.7,0.42,3.14
55.775,5166.8,0.32,3.2
55.8,5168,0.57,3.18
55.825,5169.2,0.33,3.2
55.85,5170.3,0.65,3.28
55.875,5171.5,0.54,3.18
55.9,5172.7,0.61,3.23
55.925,5173.8,0.55,3.4
55.95,5175,0.66,3.25
55.975,5177.2,0.77,3.4
56,5179.3,0.75,3.35
56.025,5181.5,0.89,3.27
56.05,5183.6,0.84,3.31
56.075,5185.8,0.97,3.23
56.1,5188,1.01,3.2
56.125,5190.1,1.07,3.29
56.15,5192.3,0.97,3.12
56.175,5194.5,1.04,3.26
56.2,5196.6,0.89,3.24
56.225,5198.8,0.95,3.27
56.25,5200.9,0.9,3.17
56.275,5203.1,0.85,3.22
56.3,5205.3,0.78,3.04
56.325,5207.4,0.93,3.3
56.35,5209.6,0.98,3.25
56.375,5211.8,1.01,3.24
56.4,5213.9,0.9,3.09
56.425,5216.1,0.93,3.22
56.45,5218.2,0.94,3.3
56.475,5220.4,0.89,3.3
56.5,5222.6,0.95,3.23
56.525,5224.7,0.91,3.03
56.55,5226.9,0.8,3.15
56.575,5229.1,0.94,3.25
56.6,5231.2,1,3.26
56.625,5233.4,0.86,3.35
56.65,5235.5,0.79,3.22
56.675,5237.7,0.68,2.99
56.7,5239.9,0.83,3.33
56.725,5242,0.7,3.28
56.75,5244.2,0.73,3.41
56.775,5246.4,0.91,3.35
56.8,5248.5,0.82,3.3
56.825,5250.7,0.89,3.5
56.85,5252.8,0.87,3.45
56.875,5255,0.86,3.43
56.9,5257.2,0.83,3.46
56.925,5259.3,0.6,3.16
56.95,5261.5,0.89,3.39
56.975,5263.6,0.77,3.5
57,5265.8,0.91,3.19
57.02,5267.5,0.72,3.27
57.05,5270.1,1,3.08
57.075,5272.3,0.78,3.26
57.1,5274.5,1.07,3.03
57.125,5276.6,1.13,3.11
57.15,5278.8,1.03,3.05
57.175,5280.9,0.64,2.9
57.2,5283.1,0.91,3.1
57.225,5285.3,0.97,3.05
57.25,5287.4,0.95,3.07
57.275,5289.6,1.06,3.16
57.3,5291.8,0.94,2.96
57.325,5293.9,0.85,3.07
57.35,5296.1,1.07,3.07
57.375,5298.2,0.94,3.07
57.4,5300.4,1.01,3.04
57.425,5302.6,0.98,3.1