U1337_ISOBENt18_CCSF,U1337_ISOBENt18_AgeL2019,U1337_ISOBENt18_d13Cequi,U1337_ISOBENt18_d18Oequi
0.01,0.000531605,-0.084,3.6
0.12,0.00637917,0.223,3.548
0.22,0.014294,-0.755,5.06
0.32,0.0225827,-0.984,5.391
0.42,0.0302591,-0.432,4.915
0.5,0.0358455,-0.263,4.702
0.62,0.0435577,-0.743,4.89
0.72,0.0478051,-0.144,4.603
0.82,0.0520525,-0.32,4.481
0.92,0.0563,-0.19,4.33
1,0.0601271,-1.117,4.994
1.12,0.0654773,-0.724,4.677
1.22,0.0691264,-0.172,4.449
1.32,0.0742988,-0.918,4.597
1.42,0.0806667,-0.946,4.73
1.5,0.0857002,-0.67,4.495
1.62,0.0978137,-0.537,4.392
1.72,0.114465,-0.949,5.151
1.82,0.132464,-0.007,3.451
1.92,0.143167,-0.472,4.888
2.04,0.14803,-0.844,4.837
2.12,0.151337,-0.558,4.685
2.22,0.155322,-0.558,4.697
2.32,0.159377,-0.676,4.616
2.42,0.16342,-0.935,4.62
2.54,0.170513,-1.15,4.604
2.62,0.17212,-1.348,4.896
2.72,0.176959,-0.733,4.539
2.82,0.1818,-0.653,4.583
2.92,0.186573,-0.397,4.308
3,0.191442,-1.112,4.496
3.12,0.200483,-0.165,4.029
3.32,0.21291,-0.145,4.032
3.42,0.222573,-0.886,4.613
3.54,0.233872,-0.313,4.44
3.62,0.24033,-0.72,4.558
3.72,0.248195,-0.397,3.823
3.82,0.252378,-0.592,4.413
3.92,0.256309,-1.382,4.757
4.04,0.261118,-0.464,4.218
4.12,0.264358,-0.796,4.484
4.32,0.277148,-1.035,4.421
4.42,0.287,-0.634,4.43
4.52,0.29674,-1.064,4.66
4.62,0.30648,-0.552,4.223
4.73,0.316608,-0.59,4.639
4.82,0.323373,-0.586,4.03
4.92,0.33086,-0.364,3.87
5.02,0.338347,-0.567,4.744
5.12,0.34491,-0.799,4.632
5.32,0.359451,-0.592,4.175
5.42,0.366631,-0.438,4.412
5.52,0.374364,-0.619,4.4
5.62,0.382098,-0.249,4.188
5.72,0.389831,-0.263,4.155
5.82,0.397881,-0.089,3.85
5.92,0.406744,-0.081,3.721
6.02,0.415626,-0.713,4.878
6.12,0.42523,-0.464,4.964
6.23,0.437685,-0.537,4.695
6.32,0.441982,-0.598,4.504
6.42,0.449223,-0.635,4.545
6.52,0.461086,-0.466,4.486
6.62,0.468328,-0.361,4.251
7.02,0.490078,-0.057,4.012
7.12,0.495838,0.082,3.917
7.22,0.502031,-0.033,4.114
7.32,0.515579,-0.473,4.456
7.42,0.529774,-0.38,4.558
7.52,0.543485,-0.637,4.751
7.62,0.559334,-0.474,4.243
7.73,0.579193,-0.482,4.127
7.82,0.594276,-0.244,3.697
7.92,0.609281,-0.27,3.94
8.02,0.624321,-0.132,3.852
8.12,0.631289,-0.368,4.058
8.23,0.637267,-0.49,4.784
8.32,0.642021,-0.576,4.982
8.42,0.646858,-0.523,4.921
8.52,0.651696,-0.642,4.72
8.62,0.657152,-0.614,4.687
8.72,0.663885,-0.754,4.795
8.82,0.670621,-0.807,4.67
8.92,0.677357,-0.991,4.702
9.02,0.68394,-0.919,4.452
9.22,0.696755,-0.626,4.273
9.32,0.704955,-0.326,4.102
9.42,0.714992,-0.234,4.155
9.52,0.724895,-0.635,4.647
9.62,0.733197,-0.445,4.575
9.72,0.739473,-0.154,4.226
9.82,0.745749,-0.496,4.293
9.92,0.751224,-0.769,4.153
10.02,0.755376,-0.705,4.551
10.12,0.759657,-0.655,4.256
10.22,0.763825,-0.543,4.4
10.52,0.783128,-0.963,4.544
10.62,0.790588,-1.004,4.633
10.72,0.797421,-0.896,4.729
10.82,0.804584,-0.729,4.452
10.92,0.812025,-0.603,4.27
11.02,0.820095,-0.737,4.141
11.12,0.830293,-0.481,4.016
11.23,0.844063,-0.678,4.171
11.32,0.849201,-1.013,4.354
11.42,0.854928,-0.882,3.91
11.52,0.860654,-1.002,4.399
11.62,0.866187,-1.073,4.884
11.72,0.870496,-0.921,4.688
11.82,0.878335,-1.19,4.881
11.92,0.886176,-0.992,4.691
12.02,0.894019,-1.409,4.016
12.12,0.901857,-0.461,4.287
12.22,0.909699,-0.819,4.1
12.32,0.916639,-1.255,4.99
12.43,0.923278,-0.947,4.39
12.52,0.928695,-1.186,4.8
12.62,0.934841,-0.926,4.709
12.72,0.941714,-0.953,4.483
12.82,0.945055,-0.684,4.296
13.02,0.949074,-0.418,4.084
13.32,0.955106,-0.38,3.884
13.52,0.959125,-0.536,3.868
13.62,0.961147,-0.528,4.249
13.72,0.963169,-0.104,3.715
13.93,0.967406,-0.86,4.363
14.02,0.978203,-0.489,4.149
14.12,0.9924,-0.218,4.014
14.22,1.00243,-0.263,4.187
14.43,1.02256,-0.541,4.296
14.52,1.03125,-0.442,4.213
14.62,1.04059,-0.773,4.373
14.72,1.04976,-0.7,4.338
14.82,1.05898,-0.653,4.104
14.93,1.06966,-0.408,3.971
15.02,1.07822,-0.264,4.1
15.12,1.08768,-0.645,4.232
15.22,1.09715,-0.272,3.886
15.32,1.10662,-0.703,4.499
15.43,1.11703,-0.687,4.183
15.52,1.12103,-0.223,4.108
15.62,1.12398,-0.621,4.639
15.72,1.12664,-0.455,4.43
15.82,1.12927,-0.609,4.165
15.93,1.13217,-0.47,4.377
16.02,1.13492,-0.143,3.979
16.12,1.14259,-0.094,3.893
16.22,1.16323,-0.443,3.821
16.32,1.17718,0.082,3.933
16.43,1.18302,-0.506,4.222
16.52,1.18756,-0.47,4.398
16.62,1.19206,-0.727,4.273
16.72,1.19734,-0.612,4.22
16.82,1.20322,-0.653,4.137
16.93,1.2097,-0.721,4.245
17.02,1.2174,-0.532,4.02
17.12,1.22556,-0.358,3.838
17.22,1.23257,-0.372,3.675
17.32,1.23865,-0.369,3.622
17.43,1.24411,-0.412,3.851
17.52,1.25061,-0.657,4.532
17.62,1.25684,-0.911,4.633
17.72,1.26215,-0.618,4.357
17.82,1.26748,-0.464,4.069
17.93,1.27333,-0.192,4.165
18.02,1.27813,0.042,3.742
18.12,1.28343,-0.024,3.551
18.22,1.28914,-0.364,3.858
18.32,1.29619,-0.396,4.348
18.43,1.30403,-0.443,4.112
18.52,1.31161,-0.529,4.19
18.62,1.32019,0.038,3.714
18.72,1.3242,-0.285,4.099
18.82,1.32766,-0.242,3.678
18.93,1.33225,-0.511,4.286
19.02,1.33554,-0.594,4.056
19.12,1.33817,-0.735,4.324
19.22,1.34079,-0.505,4.121
19.32,1.34341,-0.562,4.171
19.42,1.34603,-0.537,4.087
19.52,1.34866,-0.45,3.969
19.62,1.35128,-0.519,4.269
19.72,1.35473,-0.349,3.899
19.82,1.36006,-0.008,3.776
19.92,1.36628,-0.306,4.16
20.02,1.37252,-0.289,4.2
20.12,1.38264,-0.322,4.184
20.22,1.39174,-0.188,3.988
20.32,1.39964,-0.51,4.229
20.42,1.40507,-0.926,4.406
20.52,1.40994,-0.199,3.861
20.72,1.42231,-0.309,3.926
20.82,1.42831,0.035,3.038
20.92,1.43432,-0.545,3.707
21.02,1.44087,-0.74,3.589
21.12,1.44842,-1.035,3.688
21.32,1.46415,-0.428,4.14
21.42,1.47254,-0.326,3.662
21.52,1.48093,-0.191,4.404
21.62,1.48747,-1.503,4.212
21.72,1.49387,0.232,4.22
21.92,1.50518,0.312,3.798
22.02,1.51061,-0.341,4.19
22.22,1.52144,-0.458,4.35
22.32,1.52599,-0.588,4.63
22.52,1.53452,-0.499,4.291
22.62,1.53879,-0.82,4.412
22.72,1.54292,-0.808,3.974
22.82,1.54699,-0.154,3.815
23.12,1.5592,-0.608,4.212
23.32,1.56641,-0.189,4.084
23.42,1.56977,-0.419,3.883
23.72,1.58253,-0.619,4.326
23.82,1.58799,-0.717,3.794
24.12,1.60647,-1.127,3.995
24.22,1.61265,-0.841,4.327
24.42,1.6267,-0.219,3.907
24.52,1.63284,-0.381,4.149
24.62,1.63839,-1.717,4.095
24.72,1.64435,-1.158,4.677
24.82,1.65032,-0.736,4.249
24.92,1.65686,-0.409,4.205
25.02,1.66433,-0.849,4.105
25.12,1.6718,-0.584,4.08
25.22,1.67909,-0.412,4.042
25.32,1.68618,-0.632,3.736
25.43,1.69397,-0.801,4.185
25.62,1.70753,-0.315,3.819
25.82,1.72239,-0.525,3.624
25.92,1.72977,-0.347,3.859
26.02,1.73706,-0.384,3.825
26.12,1.74435,-0.545,4.017
26.22,1.75197,-0.199,3.95
26.32,1.75996,-0.405,3.976
26.42,1.76761,-0.142,3.649
26.51,1.77304,-0.222,3.578
26.62,1.77988,-0.472,4.004
26.72,1.7882,-0.669,4.028
26.82,1.79797,-0.445,4.14
26.93,1.80955,-0.629,4.054
27.03,1.81867,-0.46,3.892
27.12,1.8269,-0.24,3.773
27.21,1.83591,-0.309,3.816
27.32,1.84574,-0.029,3.665
27.42,1.85303,-0.367,3.846
27.62,1.86762,-0.599,3.611
28.12,1.89977,-0.423,4.001
28.22,1.90603,-0.499,3.975
28.32,1.9121,-0.436,4.097
28.43,1.91657,-0.202,2.696
28.52,1.92389,-0.142,3.723
28.62,1.93407,-0.232,3.801
28.82,1.95564,-0.712,3.782
29.02,1.97381,-0.269,3.354
29.12,1.9807,-0.073,3.349
29.22,1.98725,-0.447,3.641
29.32,1.99092,-0.107,3.887
29.42,1.99554,-0.096,3.92
29.52,2.00332,0.036,3.514
29.62,2.00813,-0.181,3.513
29.72,2.01294,-0.05,3.717
29.82,2.01776,-0.157,3.7
29.92,2.02257,0.064,3.897
30.02,2.02738,-0.184,3.795
30.12,2.0322,-0.747,4.14
30.22,2.03691,-0.879,4.07
30.42,2.04824,-0.593,3.947
30.52,2.05438,-0.629,4.03
30.62,2.06032,-0.6,4.119
30.72,2.06444,-0.767,3.973
30.92,2.07275,-0.108,3.348
31.02,2.07703,-0.108,3.596
31.12,2.08131,-0.468,4.086
31.22,2.08558,-0.264,3.877
31.32,2.0898,-0.781,4.124
31.42,2.09437,-0.583,4.193
31.52,2.10019,-0.925,4.215
31.62,2.1093,-0.618,3.945
31.72,2.1184,-0.449,3.986
31.82,2.12751,-0.123,3.679
31.92,2.13662,-0.438,3.718
32.02,2.14475,-0.216,3.764
32.12,2.15479,-0.392,3.814
32.22,2.1676,-0.261,3.634
32.32,2.18077,-0.201,3.438
32.42,2.19394,-0.281,3.576
32.52,2.20528,-0.67,4.15
32.62,2.21029,-0.335,4.21
32.72,2.21373,-0.2,3.53
32.82,2.21741,-0.272,3.779
32.92,2.22128,-0.174,3.73
33.02,2.22515,0.001,3.459
33.12,2.22902,-0.581,3.983
33.22,2.23288,-0.746,3.988
33.32,2.23676,-0.12,3.707
33.42,2.24285,-0.652,3.736
33.52,2.24992,-0.394,3.869
33.62,2.25697,-0.154,3.748
33.72,2.26798,-0.429,3.815
33.82,2.28158,-0.437,3.94
33.92,2.29137,-0.191,3.164
34.02,2.30102,-0.391,3.694
34.22,2.32033,-0.269,3.971
34.42,2.3348,-0.182,3.734
34.52,2.34961,-0.071,3.869
34.62,2.36001,-0.607,4.08
34.82,2.3799,0.055,3.716
34.92,2.38949,-0.143,3.844
35.02,2.39908,0.163,3.605
35.12,2.40737,-0.143,3.785
35.22,2.41476,-0.484,4.13
35.32,2.42212,-0.433,4.251
35.42,2.42709,-0.99,4.112
35.52,2.43135,-0.286,4.093
35.62,2.43561,-0.583,3.99
35.72,2.4428,-1.139,4.299
35.82,2.45554,0.072,3.688
35.92,2.47077,-0.375,4.001
36.02,2.48429,-0.409,3.824
36.12,2.49658,-0.292,3.942
36.24,2.51029,-0.079,3.805
36.32,2.51898,-0.562,3.797
36.42,2.52746,-0.794,4.155
36.52,2.532,-0.699,4.161
36.74,2.53613,-0.716,4.227
36.83,2.53782,-0.578,3.967
37.52,2.57522,-0.264,3.801
37.62,2.58288,-0.072,3.653
37.82,2.59557,-0.054,3.654
37.92,2.60096,-0.193,3.469
38.24,2.62016,-0.843,4.225
38.32,2.62505,-0.134,3.779
38.42,2.63115,-0.094,3.746
38.52,2.63754,-0.149,3.403
38.62,2.64414,-0.017,3.439
38.72,2.64976,-0.204,3.769
38.82,2.65398,-0.171,3.512
38.92,2.65823,-0.453,3.939
39.02,2.66406,-0.145,3.777
39.12,2.67134,-0.039,3.316
39.22,2.67861,-0.112,3.574
39.32,2.68589,0.055,3.389
39.42,2.69317,0.059,3.487
39.52,2.69901,-0.296,3.842
39.72,2.70821,-0.208,3.792
39.82,2.71144,-0.233,3.851
39.92,2.71467,-0.53,3.958
40.02,2.71791,-0.522,3.982
40.12,2.72114,-0.418,3.964
40.22,2.72506,-0.405,3.808
40.32,2.7305,-0.093,3.823
40.42,2.73593,-0.313,3.597
40.52,2.74136,-0.051,3.636
40.62,2.7468,-0.054,3.466
40.72,2.75223,0.156,3.327
40.82,2.75766,0.154,3.212
40.92,2.7631,0.116,3.314
41.02,2.76785,0.046,3.324
41.12,2.77196,0.152,3.358
41.22,2.7768,-0.124,3.548
41.32,2.78164,-0.096,3.502
41.42,2.78647,-0.673,3.402
41.52,2.79147,-0.265,3.747
41.62,2.7973,-0.151,3.868
41.72,2.8034,-0.299,3.88
41.82,2.80893,-0.166,3.805
42.02,2.81926,0.206,3.324
42.12,2.82634,-0.127,3.508
42.22,2.83545,0.103,3.49
42.32,2.84484,-0.007,3.409
42.52,2.86364,0.056,3.381
42.62,2.87304,0.176,3.413
42.72,2.88222,-0.222,3.571
42.82,2.88925,-0.073,3.557
43.02,2.9099,-0.892,3.554
43.12,2.91987,-0.602,3.596
43.22,2.92676,-0.138,3.477
43.62,2.95533,-0.117,3.303
43.92,2.97416,-0.146,3.423
44.02,2.98098,0.209,3.477
44.12,2.9878,-0.149,3.446
44.22,2.99467,-0.368,3.702
44.32,3.00081,-0.162,3.426
44.42,3.00532,-0.374,3.532
44.52,3.00971,-0.252,3.464
44.72,3.01983,-0.276,3.612
44.82,3.02494,-0.343,3.32
44.92,3.03004,-0.234,3.117
45.02,3.03512,-0.265,3.346
45.22,3.04528,-0.429,3.524
45.32,3.05196,-0.437,3.518
45.42,3.05767,-0.076,3.22
45.72,3.07337,0.104,3.251
46.12,3.09584,-0.01,3.418
46.22,3.10162,0.07,3.345
46.52,3.11766,-0.143,3.318
46.62,3.12299,-0.294,3.635
46.73,3.1287,-0.667,3.443
46.83,3.13373,-0.499,3.621
47.02,3.14266,-0.346,3.689
47.12,3.14701,-0.206,3.476
47.52,3.16445,-0.026,3.227
47.62,3.1688,-0.083,3.337
47.92,3.18571,0.268,3.22
48.02,3.19314,0.109,3.433
48.12,3.20056,0.368,3.186
48.23,3.20866,0.28,3.244
48.32,3.2144,0.252,3.078
48.42,3.22049,0.036,3.408
48.62,3.23299,-0.212,3.427
48.72,3.23928,0.173,3.24
48.82,3.24638,-0.019,3.166
48.92,3.25445,0.172,3.434
49.02,3.26251,-0.651,3.77
49.12,3.27057,-0.51,3.839
49.22,3.27723,-0.431,3.636
49.31,3.28045,-0.464,3.611
49.42,3.28401,-0.549,3.822
49.52,3.28723,-0.374,3.801
49.62,3.29045,-0.334,3.667
49.73,3.29414,-0.593,3.651
50.22,3.31215,-0.381,3.525
50.34,3.31649,-0.213,3.54
50.72,3.33362,-0.095,3.07
50.78,3.33634,-0.103,4.007
50.88,3.34087,-0.097,3.32
50.98,3.3454,-0.407,3.369
51.08,3.34994,-0.375,3.345
51.18,3.35438,-0.485,3.389
51.38,3.35916,-0.278,3.357
51.58,3.37174,0.018,3.306
51.68,3.37608,-0.099,3.159
51.77,3.37998,-0.365,3.658
51.84,3.3829,-0.535,3.48
51.92,3.38603,-0.38,3.488
52.02,3.38936,-0.324,3.286
52.12,3.39268,-0.285,3.291
52.22,3.39685,-0.108,3.209
52.34,3.40489,-0.038,3.341
52.42,3.41043,-0.248,3.206
52.52,3.41735,-0.129,3.193
52.62,3.42428,-0.332,2.936
52.72,3.4312,-0.269,3.069
52.84,3.43961,-0.146,3.035
52.92,3.44531,-0.066,3.05
53.02,3.45243,-0.039,2.536
53.22,3.46668,-0.436,3.296
53.34,3.47467,-0.208,3.23
53.42,3.47975,0.195,3.75
53.52,3.48775,0.234,3.217
53.62,3.49957,-0.138,3.146
53.72,3.51139,0.012,2.955
53.84,3.52249,0.001,3.239
53.92,3.52911,0.085,3.229
54.02,3.53738,0.029,3.193
54.12,3.54565,0.133,3.13
54.22,3.55594,-0.076,3.199
54.34,3.57059,-0.112,2.931
54.62,3.59312,-0.316,3.285
54.72,3.59749,-0.11,3.285
54.84,3.60274,-0.144,3.172
55.22,3.61934,0.1,3.122
55.92,3.64746,0.086,3.082
56.22,3.66255,-0.294,3.276
56.42,3.67261,-0.217,3.366
56.52,3.67681,-0.202,3.248
56.62,3.67979,-0.079,3.103
56.72,3.68278,-0.01,3.158
56.92,3.68913,0.229,3.009
57.02,3.69253,-0.255,3.088
57.12,3.69594,-0.31,3.461
57.22,3.69935,-0.32,3.327
57.52,3.70956,-0.513,3.54
57.72,3.71637,-0.477,3.314
57.82,3.71977,0.135,3.355
57.92,3.72318,0,3.093
58.02,3.72675,0.111,3.438
58.12,3.73034,0.251,3.04
58.22,3.73392,-0.136,3.222
58.32,3.73751,0.075,3.163
58.42,3.7411,-0.5,3.333
58.62,3.74829,-0.179,3.236
58.72,3.75188,-0.08,3.12
58.82,3.75547,-0.09,3.117
58.92,3.75906,-0.039,3.201
59.02,3.76265,-0.176,3.265
59.12,3.76749,-0.043,3.237
59.22,3.77246,-0.038,3.067
59.32,3.77744,-0.167,3.308
59.52,3.7874,-0.011,3.433
59.62,3.79237,-0.159,3.17
59.82,3.80233,0.02,3.122
60.22,3.82224,-0.019,3.16
60.32,3.82722,-0.009,3.116
60.52,3.83717,-0.155,3.009
60.62,3.84215,-0.216,3.125
60.72,3.84603,-0.266,3.009
60.82,3.84979,-0.442,3.09
60.92,3.85355,-0.193,3.026
61.12,3.86107,-0.411,2.798
61.52,3.87612,-0.181,3.152
61.62,3.87988,-0.246,2.989
61.72,3.88364,-0.532,3.365
61.92,3.89116,0.101,3.679
62.02,3.89492,0.265,4.277
62.12,3.89869,-0.579,3.012
62.22,3.90245,-1.141,3.645
62.42,3.90936,-0.432,3.219
62.52,3.91278,-0.407,3.209
62.82,3.92305,-0.092,3.114
62.82,3.92305,-0.166,3.08
62.92,3.92647,0.016,3.19
62.94,3.92716,0.095,3.359
63.02,3.92989,0.157,3.259
63.02,3.92989,0.001,3.119
63.22,3.93674,-0.047,3.156
63.22,3.93674,-0.021,3.152
63.32,3.9399,-0.169,3.438
63.42,3.94301,-0.266,3.048
63.82,3.95542,-0.202,3.163
63.94,3.95914,-0.476,3.296
64.02,3.96125,-0.132,3.12
64.12,3.96388,-0.25,3.019
64.44,3.9723,-0.355,3.376
64.52,3.97441,-0.913,3.526
64.62,3.97705,-0.441,3.379
64.72,3.97968,0.025,2.99
64.94,3.98547,0.016,3.07
65.02,3.98758,-0.94,3.44
65.44,3.99863,-0.287,3.576
65.52,4.00239,-0.792,3.784
65.62,4.0071,-0.166,3.427
65.94,4.02214,-0.123,3.303
66.12,4.03061,-1.065,3.758
66.22,4.03531,-0.949,3.697
66.32,4.04001,-0.367,3.51
66.44,4.04565,-0.207,3.609
66.52,4.04941,-0.608,3.411
66.62,4.05411,-0.861,3.481
66.72,4.05881,-0.547,3.36
67.02,4.06937,-0.179,3.444
67.12,4.07209,-0.863,3.541
67.22,4.07482,-0.093,3.413
67.32,4.07754,-0.365,3.145
67.44,4.08082,-0.118,2.887
67.52,4.083,-1.372,3.829
67.72,4.08846,-0.103,3.121
67.82,4.09118,-0.639,3.316
67.92,4.09391,0.08,3.405
68.02,4.09664,-0.294,3.408
68.12,4.09937,-0.753,3.788
68.22,4.1021,-0.033,3.181
68.32,4.10482,-0.459,3.439
68.52,4.11492,-0.617,3.62
68.72,4.12616,-0.163,3.224
68.82,4.13179,-0.074,3.073
68.92,4.13742,0.104,3.241
69.02,4.14304,-0.385,3.238
69.12,4.14866,-0.454,3.336
69.22,4.15429,-0.106,3.18
69.32,4.15991,-0.249,3.335
69.42,4.16553,-0.513,3.392
69.52,4.17116,-0.962,3.247
69.62,4.17678,-0.626,3.29
69.72,4.18164,-0.217,3.081
69.82,4.18648,-0.28,3.025
69.92,4.19131,-0.143,3.586
70.01,4.19566,-0.391,3.638
70.12,4.19944,-0.058,3.177
70.22,4.20288,-0.069,3.127
70.32,4.20632,-0.423,3.392
70.42,4.20976,-0.197,3.099
70.52,4.2132,-0.514,3.342
70.62,4.21665,-1.269,3.565
70.92,4.22697,0.186,3.236
71.02,4.23041,-0.589,3.718
71.12,4.23385,0.091,3.162
71.22,4.23693,-0.254,3.362
71.32,4.23977,-0.376,3.177
71.42,4.24262,-0.08,3.379
71.62,4.24831,-0.574,3.334
71.72,4.25115,-0.314,3.222
72.02,4.25968,-1.058,3.993
72.12,4.26253,-0.212,3.053
72.22,4.26537,0.052,3.107
72.32,4.26821,-0.755,3.385
72.42,4.27106,-0.143,3.207
72.52,4.2739,-0.275,3.118
72.62,4.27674,-0.435,3.415
72.82,4.28242,-0.251,3.276
72.92,4.28535,-0.624,3.279
73.02,4.28831,-0.624,3.389
73.45,4.30104,-0.629,3.264
73.52,4.30312,-0.277,3.256
73.62,4.30608,-0.47,3.373
73.72,4.30904,-0.147,3.085
73.82,4.312,-0.443,3.326
73.95,4.31585,-0.513,3.046
74.02,4.31792,-0.218,3.327
74.12,4.32089,-0.682,3.405
74.22,4.32385,-0.92,3.53
74.32,4.32681,-0.451,3.405
74.45,4.33065,-0.86,3.547
74.52,4.33273,-0.171,3.041
74.62,4.33569,-0.443,3.328
74.72,4.33865,-0.77,3.457
74.82,4.34161,-0.33,3.17
74.95,4.34546,-0.443,2.861
75.02,4.34827,-0.391,3.114
75.45,4.36551,-1.065,2.625
75.52,4.36831,-0.918,2.457
75.62,4.37232,-1.207,2.634
75.95,4.38555,-0.409,3.042
76.22,4.39393,-0.314,3.697
76.32,4.3965,-0.464,2.714
76.45,4.39984,-0.433,3.284
76.52,4.40164,-0.322,3.071
76.62,4.4042,-0.643,3.41
76.72,4.40677,-0.425,3.355
76.82,4.40934,-0.74,3.392
77.22,4.41962,-0.766,3.185
77.32,4.42574,-1.027,3.59
77.45,4.43721,-0.775,3.618
77.52,4.44345,-0.714,3.675
77.62,4.45084,-0.567,3.525
77.72,4.45721,0.02,2.962
77.82,4.46358,0.014,3.311
77.95,4.47185,-0.03,3.099
78.02,4.47631,-0.414,3.205
78.22,4.48904,-0.078,3.217
78.32,4.49451,-0.252,3.315
78.45,4.50081,-0.182,3.269
78.52,4.50421,-0.433,3.511
78.62,4.50906,-0.109,3.14
78.72,4.5139,-0.042,3.149
78.82,4.51875,-0.226,3.053
79.12,4.5333,-0.24,3.298
79.22,4.53815,-0.883,3.584
79.31,4.54252,-0.606,3.386
79.42,4.54785,-0.215,3.339
79.52,4.55287,-0.448,3.486
79.62,4.55718,-0.615,3.526
79.72,4.56104,-0.065,3.212
79.82,4.5649,-0.304,3.442
79.92,4.56875,-0.974,3.667
80.02,4.57261,-0.446,3.333
80.12,4.57647,-0.414,3.369
80.22,4.58031,-0.475,3.444
80.31,4.58379,-0.189,3.241
80.4,4.58739,-0.446,3.036
80.52,4.5924,-0.386,3.163
80.62,4.59657,-0.738,3.461
80.72,4.60074,-1.24,3.666
80.81,4.6045,-0.929,3.57
80.92,4.60909,-0.113,3.31
81.02,4.61328,-0.157,3.237
81.12,4.61758,-0.245,3.325
81.22,4.62187,-0.992,3.419
81.31,4.62574,0.113,3.285
81.42,4.63047,-0.349,3.156
81.52,4.63484,-0.439,3.22
81.62,4.63922,-0.369,3.201
81.72,4.64359,-0.815,3.597
81.9,4.65147,-0.662,3.248
82.02,4.65671,-0.16,3.06
82.12,4.66164,-0.222,3.056
82.22,4.66693,-0.224,3.088
82.31,4.67168,-0.667,3.505
82.42,4.6775,-0.269,3.183
82.52,4.68279,-0.512,3.348
82.62,4.68807,-0.199,3.162
82.72,4.69336,-0.467,3.462
82.81,4.69812,-0.25,3.295
82.92,4.70393,-0.505,3.505
83.02,4.70914,-0.58,3.428
83.12,4.71361,-0.405,3.082
83.22,4.71807,-0.218,3.137
83.31,4.72209,-0.215,3.25
83.4,4.72611,-0.466,3.431
83.52,4.73146,-0.431,3.197
83.62,4.73593,-0.599,3.687
83.72,4.74039,-0.403,3.561
83.81,4.74442,-0.545,3.276
83.92,4.74941,-0.418,3.407
84.02,4.7548,-0.237,3.264
84.12,4.76031,-0.348,3.247
84.22,4.76961,-0.566,3.326
84.31,4.77797,-0.954,3.49
84.42,4.78249,-0.888,3.476
84.52,4.7866,-0.566,3.424
84.62,4.79071,-0.339,3.498
84.72,4.79482,-0.554,3.657
84.81,4.79852,-0.021,3.259
84.91,4.80263,-0.402,3.598
85.02,4.80715,0.019,3.207
85.12,4.81125,-0.624,3.496
85.22,4.81659,-0.516,3.644
85.32,4.82318,-0.779,3.645
85.42,4.82977,-0.077,3.393
85.52,4.83597,-0.133,3.345
85.62,4.84069,-0.457,3.334
85.72,4.8454,-0.727,3.571
85.82,4.85012,-0.105,3.152
85.92,4.85483,-0.866,3.672
86.02,4.85975,-0.712,3.44
86.12,4.86486,-0.849,3.775
86.22,4.86998,-0.678,3.759
86.32,4.8751,-0.325,3.393
86.42,4.88022,-0.168,3.205
86.52,4.88534,-0.106,3.283
86.64,4.89148,-0.578,3.248
86.72,4.89557,-0.586,3.403
86.82,4.90069,-0.759,3.851
86.92,4.90581,-0.634,3.493
87.02,4.91085,-0.572,3.289
87.12,4.91505,-0.487,3.369
87.22,4.91787,-0.336,3.072
87.32,4.92069,-0.093,3.22
87.42,4.92352,-0.132,3.07
87.52,4.92633,-0.497,3.181
87.62,4.92916,-0.183,3.427
87.72,4.93197,-0.37,3.398
87.82,4.93531,-0.665,3.481
87.92,4.93865,-0.337,3.331
88.02,4.94199,-0.198,3.157
88.12,4.94533,-0.164,3.227
88.22,4.94867,-0.063,3.283
88.32,4.95201,-0.183,3.172
88.42,4.95535,-0.141,3.144
88.52,4.95868,-0.167,3.119
88.62,4.96203,-0.056,3.21
88.72,4.96537,-0.076,3.231
88.82,4.96871,0.136,3.164
88.92,4.97206,-0.285,3.159
89.02,4.97539,-0.332,3.358
89.12,4.97874,-0.352,3.218
89.22,4.98278,-0.323,3.097
89.32,4.98699,-0.229,3.126
89.42,4.99121,-0.007,3.214
89.52,4.99542,0.045,3.109
89.62,4.99971,0.041,3.24
89.72,5.00631,-0.55,3.223
89.8,5.01164,-0.372,3.331
89.92,5.01944,-0.088,3.22
90.02,5.02595,0.131,3.022
90.12,5.03245,0.041,3.053
90.22,5.03896,-0.37,3.228
90.3,5.04415,-0.145,3.051
90.42,5.05197,-0.368,3.321
90.52,5.05846,-0.318,3.379
90.62,5.06533,-0.332,3.248
90.72,5.07272,-0.324,3
90.8,5.07864,-0.06,3.074
90.92,5.08752,-0.08,2.952
91.02,5.09491,-0.062,3.159
91.12,5.104,-0.036,3.077
91.22,5.11382,-0.262,2.751
91.34,5.1256,-1.151,3.352
91.42,5.13345,-0.059,3.021
91.52,5.14327,-0.209,2.766
91.62,5.14941,-0.217,2.972
91.72,5.15397,-0.286,2.822
91.84,5.15945,-0.435,2.967
91.93,5.16356,-0.544,2.942
92.02,5.16767,-0.592,3.318
92.12,5.17224,-0.776,3.318
92.22,5.17984,-0.135,3.205
92.3,5.18696,0.04,3.083
92.42,5.19764,0.056,3.112
92.52,5.20655,-0.006,3.092
92.62,5.21545,0.012,3.185
92.72,5.22435,-0.057,3.098
92.84,5.23503,-0.082,3.072
92.92,5.24125,-0.213,3.206
93.02,5.24768,-0.127,3.242
93.12,5.2504,-0.272,3.033
93.22,5.25313,-0.153,3.299
93.34,5.2564,-0.162,3.18
93.43,5.25885,0.06,3.187
93.52,5.2613,0.14,3.24
93.62,5.26402,-0.257,3.39
93.72,5.26769,0.199,3.133
93.82,5.27137,0.1,3.216
93.92,5.27504,0.046,2.63
94.02,5.27871,0.142,3.138
94.12,5.28238,0.003,2.872
94.22,5.28606,-0.575,3.041
94.32,5.28973,0.101,3.295
94.42,5.2934,0.381,3.246
94.52,5.29707,0.265,3.225
94.62,5.30074,0.341,3.143
94.72,5.30441,0.338,3.176
94.82,5.31031,0.017,3.029
94.92,5.31841,0.096,3.072
95.02,5.32652,0.162,3.159
95.12,5.33312,0.201,3.113
95.22,5.33973,0.207,2.68
95.32,5.34634,-0.598,3.382
95.42,5.35294,-0.422,3.322
95.62,5.36363,0.183,3.217
95.72,5.36855,0.339,3.115
95.82,5.37347,-0.136,3.293
95.92,5.3784,-0.045,3.165
96.02,5.38332,0.257,3.041
96.12,5.38824,-0.638,3.744
96.22,5.39256,0.197,3.242
96.32,5.39628,0.069,3.274
96.42,5.39999,0.103,3.045
96.52,5.40371,0.089,3.162
96.62,5.40743,0.145,3.043
96.72,5.41114,0.071,3.134
96.82,5.41485,-0.061,2.95
96.92,5.41857,-0.071,3.013
97.02,5.4225,0.038,3.128
97.12,5.42662,-0.021,3.109
97.22,5.43075,0.015,2.94
97.32,5.43488,-0.153,2.977
97.52,5.44105,-0.323,3.124
97.62,5.44309,-0.061,3.238
97.72,5.44512,-0.112,2.944
97.82,5.44716,-0.114,3.033
97.92,5.4492,-0.158,3.103
98.02,5.45149,-0.099,3.269
98.12,5.45479,0.098,3.023
98.22,5.45808,0.108,3.039
98.32,5.46137,0.095,3.029
98.42,5.46466,0.155,3.169
98.52,5.46796,0.016,3.247
98.62,5.47125,0.195,3.095
98.71,5.47422,0.033,3.024
98.82,5.47831,0.256,3.181
98.92,5.48396,0.26,3.235
99.02,5.48961,-0.061,2.927
99.12,5.49526,0.158,2.985
99.22,5.50092,0.123,3.229
99.32,5.50656,-0.053,3.175
99.42,5.51165,-0.091,2.911
99.52,5.51649,-0.249,2.89
99.62,5.52133,-0.375,2.687
99.72,5.52666,0.05,3.11
99.82,5.53218,-0.172,3.08
99.92,5.53771,-0.211,2.683
100.02,5.54257,-0.539,3.547
100.12,5.54723,-0.512,3.569
100.21,5.55136,-0.485,3.47
100.31,5.55534,-0.391,3.314
100.42,5.55972,-0.065,3.156
100.52,5.56371,0.009,2.983
100.62,5.56769,0.106,3.021
100.72,5.57167,-0.271,3.089
100.82,5.57626,-0.115,3.171
100.92,5.58109,-0.194,3.015
101.02,5.58593,-0.279,3.322
101.12,5.59077,-0.419,3.313
101.22,5.59561,-0.347,3.389
101.28,5.59877,-0.226,3.207
101.42,5.60674,0.135,3.281
101.52,5.61243,-0.07,3.134
101.62,5.61801,-0.231,3.281
101.71,5.62302,-0.097,3.188
101.84,5.63026,0.082,3.014
101.92,5.63426,-0.267,2.855
102.02,5.63761,-0.328,3.068
102.12,5.64094,-0.019,3.153
102.22,5.64428,-0.039,3.222
102.32,5.64762,-0.068,3.205
102.42,5.65096,-0.02,3.166
102.52,5.6543,-0.059,3.097
102.62,5.65764,0.025,3.044
102.72,5.66123,0.09,3.129
102.82,5.66493,0.063,3.165
102.92,5.66863,-0.018,3.087
103.02,5.67233,0.247,3.156
103.12,5.67603,0.149,3.254
103.21,5.67936,0.158,3.038
103.31,5.68306,-0.203,3.318
103.52,5.69109,-0.28,3.189
103.62,5.6961,-0.108,3.125
103.72,5.70111,-0.042,3.109
103.82,5.70612,0.045,3.131
103.92,5.71071,0.204,3.302
104.02,5.71362,-0.117,3.055
104.12,5.71652,0.052,3.12
104.22,5.71943,0.126,3.13
104.32,5.72234,0.002,2.987
104.42,5.72594,0.163,3.083
104.52,5.72983,-0.131,3.144
104.62,5.73445,-0.407,3.5
104.72,5.73939,-0.552,3.612
104.82,5.74433,-0.499,3.617
104.92,5.74927,-0.37,3.472
105.02,5.7542,-0.599,3.603
105.12,5.75891,-0.286,3.349
105.22,5.76352,-0.157,3.197
105.42,5.77274,-0.507,3.169
105.52,5.77735,0.027,3.2
105.62,5.78196,0.003,3.195
105.72,5.78636,-0.02,3.167
105.82,5.78988,-0.166,3.244
105.92,5.79341,-0.423,3.2
106.02,5.79693,-0.626,3.636
106.22,5.80113,-0.502,3.1
106.32,5.80297,-0.198,3.2
106.42,5.80482,-0.309,3.242
106.52,5.80666,-0.309,3.142
106.62,5.80851,-0.215,3.14
106.82,5.8122,-0.347,3.099
106.92,5.81404,-0.785,3.007
107.02,5.81589,-0.217,3.139
107.12,5.81773,-0.412,3.09
107.22,5.81957,-0.18,3.2
107.32,5.82142,-0.644,3.314
107.52,5.82702,-0.586,3.283
107.62,5.82999,-0.378,3.304
107.72,5.83296,-0.34,3.09
107.82,5.83593,-0.223,3.132
107.92,5.8389,-0.162,3.005
108.02,5.84186,-0.071,3.046
108.12,5.84483,-0.204,3.14
108.22,5.8478,-0.145,3.071
108.32,5.85106,-0.353,2.9
108.42,5.85547,-0.414,3.142
108.52,5.85987,-0.285,3.012
108.62,5.86428,-0.475,3.11
108.72,5.86869,-0.488,2.972
108.82,5.8731,-0.477,3.145
108.92,5.87751,-0.435,3.046
109.02,5.88191,-0.503,3.191
109.12,5.88652,-0.276,2.984
109.22,5.8919,-0.6,3.229
109.32,5.89727,-0.698,2.859
109.42,5.90265,-0.678,2.892
109.52,5.90803,-0.947,3.241
109.62,5.91341,-0.592,2.903
109.72,5.91847,-0.297,2.938
109.82,5.9228,-0.773,3.132
109.92,5.92712,-0.41,2.883
110.02,5.93145,-0.378,2.982
110.12,5.93577,-0.461,3.161
110.22,5.94057,-0.265,3.155
110.32,5.94676,-0.31,3.008
110.42,5.95296,-0.337,3.089
110.52,5.95829,-0.502,3.194
110.62,5.96341,-0.483,3.235
110.72,5.96853,-0.344,3.206
110.82,5.97364,-0.355,3.036
110.92,5.97876,-0.137,3.031
111.02,5.98288,0.024,3.085
111.12,5.9861,0.032,3.267
111.22,5.98931,-0.045,3.226
111.32,5.99273,-0.073,3.259
111.42,5.99614,-0.464,3.106
111.52,5.99956,-0.59,3.249
111.62,6.00298,-0.39,3.29
111.72,6.00639,-0.787,3.487
111.82,6.00981,-0.193,2.991
111.92,6.01323,-0.144,3.196
112.02,6.01664,-0.274,3.176
112.12,6.02006,-0.401,3.144
112.22,6.02348,-0.359,3.218
112.32,6.02702,-0.496,3.133
112.42,6.03107,-0.416,3.285
112.52,6.03524,-0.213,3.249
112.62,6.03941,-0.112,3.224
112.72,6.04358,-0.258,3.21
112.82,6.04775,0.014,3.068
112.92,6.05193,0.041,3.175
113.02,6.05682,-0.203,3.063
113.12,6.06237,-0.308,3.147
113.22,6.06791,-0.417,3.235
113.32,6.07347,-0.478,3.35
113.42,6.07761,-0.887,3.405
113.52,6.0814,-0.09,3.224
113.62,6.08526,0.215,3.176
113.72,6.08929,-0.208,3.14
113.82,6.09333,0.067,3.137
113.92,6.09734,-0.088,2.924
114.02,6.10111,-0.376,3.036
114.12,6.1048,-0.369,3.197
114.22,6.10848,-0.415,3.142
114.32,6.11216,-0.351,3.043
114.42,6.11585,-0.742,3.267
114.52,6.11952,-0.537,3.251
114.62,6.12321,-0.338,3.322
114.72,6.12746,-0.097,3.17
114.82,6.13228,0.157,3.175
114.92,6.13703,-0.018,3.09
115.02,6.14132,-0.018,3.223
115.12,6.1454,-0.122,3.293
115.22,6.14948,-0.399,3.316
115.32,6.15356,-0.141,3.104
115.42,6.1581,-0.069,3.053
115.52,6.16276,0.047,3.079
115.62,6.16742,0.022,3.136
115.72,6.17208,-0.333,2.885
115.82,6.17673,-0.11,3.162
115.92,6.1814,-0.027,3.029
116.02,6.18608,-0.518,3.194
116.12,6.19077,-0.272,3.007
116.22,6.19545,-0.391,3.133
116.32,6.20014,-0.522,3.228
116.42,6.20475,-0.031,3.248
116.52,6.20919,0.003,2.999
116.62,6.21362,0.05,3.093
116.72,6.21806,-0.141,3.249
116.82,6.22572,-0.223,3.272
116.92,6.23432,-0.237,2.952
117.02,6.23954,-0.462,3.298
117.12,6.24392,-0.451,3.344
117.22,6.2483,0.01,3.298
117.32,6.25268,0.005,3.262
117.42,6.25705,0.201,3.129
117.52,6.26143,0.072,3.315
117.62,6.26581,-0.034,3.323
117.72,6.27019,-0.153,3.148
117.82,6.27511,-0.085,3.166
117.92,6.28016,-0.586,3.274
118.02,6.28522,-0.286,3.385
118.12,6.29026,-0.891,3.215
118.22,6.29386,-0.283,3.175
118.32,6.29729,-0.107,3.091
118.42,6.29971,-0.12,2.458
118.52,6.30171,-0.284,3.011
118.62,6.30372,-0.013,3.28
118.72,6.30573,-0.165,3.216
118.82,6.30774,-0.639,3.055
118.92,6.30974,-0.229,3.146
119.02,6.31175,-0.493,3.241
119.12,6.31376,-0.671,3.241
119.22,6.31659,-0.265,3.144
119.32,6.31962,-0.083,3.236
119.42,6.32266,0,3.304
119.52,6.3257,-0.118,3.224
119.62,6.32873,0.073,3.271
119.72,6.33176,-0.104,3.292
119.82,6.3348,-0.077,3.178
119.92,6.33784,-0.053,3.096
120.02,6.3408,0.171,3.299
120.12,6.3445,0.09,3.041
120.22,6.34877,-0.281,3.223
120.32,6.35303,-0.247,3.218
120.42,6.35731,-0.213,3.378
120.52,6.36158,-0.392,3.305
120.62,6.36515,-0.405,3.106
120.72,6.36767,-1.033,3.427
120.82,6.3702,0.113,3.322
120.92,6.37273,-0.05,3.199
121.02,6.37525,-0.055,3.325
121.12,6.37778,0.189,3.178
121.22,6.38038,-0.096,3.197
121.32,6.38304,-0.323,3.211
121.42,6.3857,-0.525,3.357
121.52,6.38835,-0.365,3.216
121.62,6.39121,-0.195,3.271
121.72,6.39499,-0.718,3.388
121.82,6.39897,0.151,3.313
121.92,6.40365,-0.129,3.107
122.02,6.40878,0.14,3.269
122.07,6.41135,-0.762,3.53
122.12,6.41392,-0.009,3.21
122.17,6.41649,0.113,3.308
122.22,6.41906,-0.224,3.203
122.27,6.42163,-0.224,3.222
122.32,6.4242,-0.055,3.251
122.37,6.42677,-0.002,3.117
122.42,6.42943,-0.145,3.247
122.47,6.43224,0.034,3.209
122.52,6.43525,-0.067,3.256
122.57,6.43827,0,3.455
122.62,6.44128,-0.064,3.202
122.67,6.4443,-0.121,3.328
122.77,6.45032,-0.179,3.214
122.87,6.45635,-0.057,3.401
122.97,6.46267,-0.001,3.162
123.07,6.46866,-0.063,3.184
123.17,6.47363,0.053,3.165
123.27,6.47838,-0.056,3.342
123.37,6.48314,0.028,3.117
123.47,6.48789,0.04,3.314
123.62,6.49503,-0.28,3.236
123.72,6.49978,-0.137,3.258
123.82,6.50454,-0.281,3.146
123.94,6.5098,-0.207,3.329
124.03,6.5134,-0.309,3.189
124.12,6.517,-0.687,3.514
124.22,6.52101,0.069,3.182
124.32,6.52502,-0.217,3.382
124.42,6.52903,-0.117,3.264
124.52,6.53303,-0.38,3.329
124.62,6.53703,0.02,3.251
124.72,6.54091,-0.189,3.201
124.82,6.54472,-0.398,3.262
124.92,6.54851,-0.425,3.286
125.01,6.55193,-0.446,3.173
125.12,6.55611,-0.318,3.207
125.22,6.5613,-0.785,3.178
125.32,6.5711,-0.348,3.266
125.43,6.58364,-0.427,3.056
125.52,6.58838,-0.421,3.243
125.62,6.5931,-0.837,3.335
125.72,6.59749,-0.529,3.173
125.82,6.60189,-0.011,2.918
125.92,6.60628,-0.213,3.176
126.02,6.61067,-0.236,3.104
126.12,6.6149,-0.114,3.348
126.22,6.61756,-0.207,3.374
126.32,6.62023,-0.093,3.169
126.42,6.6229,-0.377,3.267
126.51,6.6253,-0.266,3.293
126.62,6.62823,0.014,3.398
126.72,6.6309,-0.416,3.304
126.82,6.63357,-0.396,3.287
126.92,6.63624,-0.109,3.167
127.02,6.6389,-0.22,3.188
127.12,6.64157,-0.653,3.274
127.22,6.64424,-0.237,3.225
127.32,6.64812,-0.512,3.253
127.42,6.65214,-0.281,3.218
127.52,6.65616,-0.32,3.312
127.62,6.66018,-0.259,3.247
127.72,6.66419,-0.247,3.342
127.82,6.66821,-0.112,3.134
127.92,6.67222,-0.472,3.089
128.02,6.676,-0.419,2.895
128.12,6.67908,-0.441,3.017
128.22,6.68198,-0.66,3.102
128.42,6.68788,-0.601,3.267
128.52,6.69093,-0.257,3.298
128.62,6.69399,-0.625,3.208
128.72,6.69704,-0.276,3.321
128.82,6.70009,-0.373,2.934
129.02,6.7062,-0.346,3.345
129.12,6.70925,-0.13,3.349
129.22,6.7138,-0.057,3.209
129.32,6.719,-0.277,3.209
129.42,6.72419,-0.144,3.164
129.52,6.72938,-0.173,3.237
129.62,6.73457,-0.034,3.294
129.72,6.73977,-0.062,3.17
129.82,6.74482,-0.322,3.237
129.92,6.74863,-0.31,3.174
130.02,6.75223,0.05,3.134
130.12,6.75548,-0.242,3.206
130.22,6.75874,-0.12,3.175
130.32,6.762,-0.269,3.058
130.42,6.76526,-0.208,3.062
130.52,6.76852,-0.38,3.203
130.62,6.77178,-0.406,3.119
130.72,6.77503,-0.267,3.246
130.92,6.78183,-0.288,3.155
131.02,6.78549,-0.248,3.134
131.12,6.78916,-0.087,2.926
131.22,6.79271,-0.045,3.122
131.32,6.79618,-0.114,2.853
131.42,6.79972,0.105,3.218
131.62,6.80681,-0.085,3.313
131.72,6.81035,-0.42,3.322
131.82,6.8139,-0.035,3.189
131.92,6.81735,-0.291,3.122
132.02,6.82043,-0.08,3.344
132.12,6.8235,0.145,3.253
132.22,6.82657,-0.293,3.162
132.32,6.82965,-0.311,3.155
132.42,6.83273,0.113,3.17
132.52,6.8358,0.145,3.356
132.62,6.83888,-0.094,3.201
132.72,6.84196,0.072,3.2
132.82,6.84502,-0.002,3.256
132.92,6.84798,-0.122,3.188
133.02,6.85088,-0.473,3.139
133.12,6.85378,-0.329,3.277
133.22,6.85668,-0.488,3.372
133.32,6.85916,-0.466,3.255
133.42,6.86146,-0.315,3.262
133.62,6.86606,0.026,3.171
133.72,6.86836,-0.045,3.147
133.82,6.87065,0.024,3.138
133.92,6.87296,0.068,3.123
134.02,6.87525,-0.118,3.138
134.12,6.87755,-0.102,3.098
134.22,6.87985,-0.088,3.193
134.32,6.88215,-0.122,3.186
134.42,6.88423,-0.098,3.197
134.52,6.88581,-0.378,3.293
134.62,6.88732,-0.131,3.23
134.71,6.88868,-0.199,3.198
134.82,6.89067,-0.119,3.229
134.92,6.89266,-0.427,3.131
135.02,6.89465,-0.135,3.153
135.12,6.89664,-0.311,3.094
135.22,6.89862,-0.362,3.153
135.32,6.90068,-1.047,3.493
135.42,6.90278,-0.416,3.096
135.52,6.90489,-0.38,3.221
135.62,6.907,-0.243,3.216
135.72,6.90911,0.034,3.291
135.82,6.91122,-0.151,3.202
135.92,6.91333,-0.108,3.024
136.02,6.91544,0.005,3.103
136.12,6.91754,-0.192,3.122
136.21,6.91982,-0.178,3.253
136.32,6.9241,-0.308,3.201
136.42,6.92804,-0.395,3.181
136.52,6.93198,-0.272,2.962
136.62,6.93591,-0.039,3.309
136.72,6.93986,-0.162,3.226
136.82,6.9438,-0.341,3.152
136.92,6.94774,-0.264,3.181
137.02,6.95168,-0.127,3.235
137.12,6.95506,-0.103,3.073
137.22,6.95843,-0.153,2.896
137.32,6.96198,-0.283,2.838
137.42,6.96601,-0.483,2.988
137.52,6.97005,-0.313,3.048
137.62,6.97409,-0.222,3.149
137.71,6.97754,-0.311,3.286
137.82,6.98175,0.002,3.262
137.92,6.98707,0.251,2.98
138.02,6.99248,0.172,3.073
138.12,6.99788,0.273,3.024
138.22,7.00328,-0.258,3.128
138.32,7.00869,0.11,3.073
138.42,7.0141,0.124,3.112
138.52,7.01937,-0.08,3.303
138.62,7.02451,-0.051,3.29
138.72,7.02965,0.098,3.116
138.82,7.03479,-0.007,2.99
138.92,7.03803,0.102,3.059
139.02,7.04118,0.237,3.016
139.12,7.04434,0.036,3.065
139.22,7.04749,0.097,3.102
139.32,7.05064,-0.088,3.004
139.42,7.05379,-0.17,3.04
139.52,7.05797,-0.39,3.243
139.62,7.06454,0.05,2.971
139.72,7.07111,0.061,3.1
139.82,7.0776,0.334,2.773
139.92,7.08356,-0.108,2.693
140.02,7.08723,0.332,2.792
140.12,7.09063,0.288,2.851
140.22,7.09404,0.394,3.112
140.32,7.09745,0.198,3.318
140.42,7.10086,0.15,3.181
140.52,7.10426,0.743,3.139
140.62,7.10767,0.346,3.14
140.72,7.11108,0.341,3.096
140.82,7.11449,0.486,3.089
140.92,7.11789,0.235,2.986
141.02,7.1213,0.308,2.976
141.12,7.12448,0.055,3.037
141.22,7.12756,-0.16,2.992
141.32,7.13109,0.276,2.934
141.42,7.13461,-0.057,2.932
141.52,7.13814,0.028,3.293
141.62,7.14166,0.188,2.952
141.72,7.14518,0.149,2.917
141.82,7.14872,0.171,2.703
141.92,7.1519,0.517,3.006
142.02,7.15508,-1.02,3.136
142.12,7.15842,0.081,3.121
142.22,7.16201,-0.291,3.208
142.32,7.1656,0.212,3.026
142.42,7.16919,0.047,2.867
142.52,7.17278,0.015,2.832
142.62,7.17637,-0.278,3.132
142.72,7.17872,0.048,3.218
142.82,7.18107,-0.109,2.976
142.92,7.18343,0.363,2.92
143.02,7.18578,0.205,2.788
143.12,7.18813,0.41,3.002
143.22,7.19049,0.229,3
143.32,7.19298,0.351,3.05
143.42,7.19613,0.301,3.025
143.52,7.19949,0.114,3.228
143.62,7.20285,0.315,3.081
143.72,7.20621,0.454,3.178
143.82,7.20957,0.164,2.942
143.92,7.21292,0.336,2.916
144.12,7.21965,0.288,2.933
144.24,7.22709,0.253,2.853
144.32,7.2332,0.284,2.989
144.42,7.24078,0.355,3.053
144.52,7.24619,0.227,2.994
144.62,7.25114,0.205,3.088
144.72,7.25609,0.503,3.16
144.92,7.26599,0.332,3.027
145.02,7.27093,0.482,3.008
145.12,7.27589,0.296,2.882
145.21,7.28037,0.581,2.862
145.32,7.2858,0.465,2.929
145.42,7.28991,0.34,2.94
145.52,7.29401,0.116,3.176
145.62,7.29813,0.28,3.091
145.72,7.30223,0.052,3.018
145.82,7.30635,0.231,3.055
145.92,7.31046,0.312,3.237
146.02,7.31439,0.298,2.878
146.12,7.31826,0.242,2.949
146.22,7.32224,0.474,2.714
146.31,7.32621,0.291,2.838
146.42,7.33116,0.374,2.763
146.52,7.33521,0.326,3.175
146.62,7.3392,0.164,3.078
146.73,7.34359,0.378,3.16
146.83,7.34758,0.326,2.914
146.92,7.35117,0.198,2.939
147.02,7.35517,0.459,3.025
147.12,7.35916,0.286,2.849
147.22,7.36321,0.52,2.856
147.32,7.36741,0.392,2.831
147.41,7.3712,0.544,2.917
147.52,7.37582,0.084,2.993
147.62,7.38002,0.25,3.259
147.72,7.38422,0.3,3.153
147.81,7.388,0.322,3.226
147.92,7.39214,0.365,3.002
148.02,7.39555,0.452,3.212
148.12,7.39896,0.419,2.994
148.23,7.40271,0.65,3.015
148.32,7.40578,0.519,3.059
148.42,7.40919,0.439,2.982
148.52,7.4126,0.384,2.757
148.62,7.41601,0.384,3.281
148.72,7.41964,0.123,3.275
148.82,7.4236,0.311,3.102
148.91,7.42716,0.626,3.249
148.92,7.42755,0.482,3.114
149.02,7.4315,0.061,3.097
149.12,7.43578,0.24,2.801
149.22,7.44164,0.388,2.832
149.31,7.447,0.519,3.031
149.42,7.45356,0.446,2.959
149.52,7.45952,0.451,3.203
149.62,7.46547,0.251,3.205
149.72,7.47081,0.126,3.25
149.82,7.47589,0.43,2.802
149.92,7.48135,0.418,2.885
150.02,7.48713,0.384,2.778
150.12,7.49299,0.596,3.096
150.22,7.49885,0.583,2.88
150.32,7.50471,0.488,3.188
150.42,7.51057,0.532,3.076
150.52,7.51642,0.546,3.165
150.62,7.52222,0.452,3.16
150.72,7.52657,0.698,2.978
150.82,7.52942,0.721,3.048
150.92,7.53225,0.534,3.069
151.02,7.53508,0.595,2.965
151.12,7.53846,0.193,3.238
151.22,7.54404,0.714,3.115
151.32,7.54961,0.575,3.13
151.42,7.55519,0.78,3.176
151.52,7.56077,0.748,3.134
151.62,7.56632,0.542,2.992
151.72,7.57312,0.535,3.129
151.82,7.58012,0.516,3.205
151.92,7.58616,0.614,3.247
152.02,7.59078,0.746,2.944
152.12,7.59542,0.743,3.066
152.22,7.60024,0.568,2.948
152.32,7.60512,0.927,2.929
152.42,7.60999,0.764,2.842
152.52,7.61486,0.724,3.305
152.62,7.61897,0.588,3.198
152.72,7.62256,0.644,3.312
152.82,7.62614,0.852,3.233
152.92,7.62973,0.637,3.205
153.12,7.63631,0.482,3.202
153.22,7.63915,0.575,3.359
153.32,7.64199,0.493,3.032
153.42,7.64483,0.776,3.078
153.52,7.64797,0.856,2.999
153.62,7.65143,0.621,3.076
153.72,7.6553,0.528,3.317
153.8,7.6584,0.653,3.375
153.9,7.66227,0.391,3.21
154.02,7.66692,0.486,3.102
154.12,7.67079,0.397,3.256
154.22,7.67465,0.532,3.154
154.32,7.67852,0.64,3.145
154.62,7.69464,0.715,3.256
154.72,7.70118,0.369,3.438
154.82,7.70574,0.731,3.421
154.88,7.70824,0.704,3.375
155.02,7.71408,0.777,3.203
155.12,7.71824,0.259,3.28
155.22,7.7224,0.511,3.376
155.3,7.72573,0.614,3.229
155.42,7.73073,0.79,3.197
155.52,7.73398,0.18,3.21
155.62,7.73663,0.507,3.043
155.72,7.73928,0.142,3.182
155.82,7.74192,0.771,3.163
155.92,7.74456,0.44,3.12
156.02,7.7472,0.695,3.214
156.12,7.74985,0.534,3.281
156.22,7.75247,0.711,3.226
156.32,7.75502,0.437,3.038
156.42,7.75758,0.084,3.376
156.52,7.76014,0.595,3.183
156.62,7.7627,0.628,3.068
157.32,7.7963,0.34,2.968
157.42,7.80098,0.688,3.188
157.52,7.80544,0.675,3.06
157.62,7.80952,0.924,3.144
157.72,7.81307,0.701,3.065
157.82,7.81599,0.516,3.184
157.92,7.8189,0.638,3.37
158.02,7.82182,0.707,3.4
158.12,7.82473,0.696,3.283
158.22,7.82765,0.894,3.382
158.32,7.83124,0.571,3.197
158.42,7.83483,0.647,3.265
158.52,7.83842,0.662,3.191
158.62,7.842,0.756,3.332
158.72,7.8456,0.632,3.255
158.82,7.84918,0.033,3.415
158.92,7.85278,-0.248,3.154
159.02,7.85636,0.518,3.103
159.12,7.86113,-0.171,3.078
159.22,7.86506,-0.516,3.383
159.42,7.87323,-0.113,3.101
159.52,7.87731,0.228,2.978
159.62,7.88131,0.237,2.831
159.72,7.88521,0.109,3.125
159.82,7.88892,-0.178,3.259
159.9,7.89172,-0.103,3.207
160.02,7.89592,0.486,3.277
160.12,7.89941,0.074,3.108
160.22,7.90291,0.2,3.059
160.32,7.90641,0.034,3.249
160.42,7.90991,0.157,3.148
160.52,7.9149,0.31,3.242
160.62,7.92054,0.464,3.263
160.72,7.92618,0.357,3.129
160.82,7.93174,0.476,3.397
160.82,7.93174,0.703,2.97
160.92,7.93727,0.229,3.258
161.02,7.9428,0.41,3.285
161.12,7.94833,0.45,3.104
161.22,7.95387,0.064,3.321
161.32,7.95941,0.386,3.132
161.42,7.96502,0.181,3.2
161.52,7.97079,0.177,2.972
161.62,7.97638,-0.173,2.364
161.72,7.98198,0.227,3.014
161.82,7.98758,-0.03,3.096
161.92,7.99318,0.254,2.865
162.02,7.99845,0.087,3.292
162.12,8.0036,0.547,3.128
162.22,8.00876,0.55,2.912
162.42,8.01919,0.699,3.072
162.52,8.02491,0.482,3.032
162.62,8.03062,0.439,2.883
162.72,8.03634,0.004,3.342
162.82,8.04266,0.625,3.313
162.92,8.04899,0.303,2.88
163.02,8.055,0.544,3.212
163.12,8.06005,0.553,3.131
163.22,8.0651,0.308,3.029
163.32,8.07015,0.668,3.036
163.42,8.07521,0.649,3.108
163.52,8.0801,0.61,3.123
163.62,8.08489,0.555,3.152
163.72,8.08967,0.309,3.104
163.82,8.09446,0.229,3.303
163.92,8.09925,0.473,3.078
164.02,8.10403,0.625,3.01
164.12,8.10882,0.494,3.167
164.22,8.11361,0.649,2.73
164.32,8.11839,0.555,3.186
164.42,8.12318,0.529,3.139
164.52,8.12799,0.677,3.143
164.62,8.13284,0.653,3.245
164.72,8.13769,0.581,3.12
164.82,8.14254,0.293,3.338
164.92,8.14739,0.297,2.857
165.02,8.15224,0.552,3.153
165.12,8.15709,0.56,3.032
165.22,8.16194,0.492,3.017
165.32,8.1674,0.709,2.859
165.42,8.17312,0.369,3.16
165.44,8.17427,0.35,3.019
165.62,8.18467,0.224,3.243
165.72,8.19077,0.403,2.844
165.82,8.19648,0.59,3.29
165.92,8.20209,0.756,3.091
166.02,8.20771,0.728,2.849
166.12,8.21332,0.873,3.036
166.22,8.21894,0.824,3.222
166.32,8.22455,0.827,3.11
166.42,8.23016,0.673,3.167
166.52,8.23606,0.668,3.053
166.62,8.24452,0.706,3.2
166.72,8.25298,0.622,2.944
166.82,8.26144,0.566,3.14
167,8.27666,0.701,3.035
167.12,8.28681,0.645,3.121
167.32,8.30306,0.482,2.87
167.42,8.30931,0.397,2.9
167.52,8.31556,0.588,2.915
167.62,8.32181,0.577,3.068
167.72,8.32806,0.577,3.174
167.82,8.3343,0.044,3.012
167.92,8.34055,0.35,3.315
168.02,8.34602,0.267,3.4
168.12,8.35096,0.502,3.397
168.22,8.3559,0.654,3.096
168.32,8.36085,0.179,3.292
168.42,8.36579,0.58,3.272
168.5,8.36975,0.424,3.133
168.62,8.37568,0.475,3.179
168.72,8.38062,0.547,3.333
168.82,8.38557,0.389,3.123
168.92,8.39051,0.46,3.206
169.02,8.39559,0.24,3.103
169.12,8.40124,0.548,4.222
169.22,8.40688,0.303,3.168
169.32,8.41252,0.437,3.094
169.42,8.41816,0.467,2.718
169.52,8.42391,0.338,3.211
169.62,8.4301,0.164,2.928
169.72,8.43629,0.131,3.161
169.82,8.44248,0.312,3.131
169.92,8.44866,0.408,3.024
170.02,8.45481,0.337,3.128
170.12,8.46079,0.453,3.045
170.22,8.46677,0.497,3.194
170.32,8.47275,0.548,3.206
170.42,8.47873,0.625,3.171
170.52,8.48471,0.862,2.963
170.62,8.49069,0.667,3.097
170.72,8.49731,0.792,3.008
170.82,8.50647,0.793,3.18
170.92,8.51563,0.698,3.229
171.02,8.52478,0.691,3.214
171.12,8.53394,0.829,3.338
171.22,8.5431,0.617,2.953
171.32,8.55226,0.636,3.05
171.42,8.56142,0.675,3.039
171.52,8.569,0.594,3.047
171.62,8.57499,0.586,3.324
171.72,8.58098,0.692,3.449
171.82,8.58697,0.684,3.323
171.92,8.59297,0.733,3.142
172.02,8.59896,0.927,3.125
172.12,8.60495,0.764,3.02
172.22,8.61095,0.746,3.14
172.32,8.61694,0.663,2.907
172.42,8.62293,0.583,3.05
172.52,8.62892,0.344,3.029
172.62,8.63492,0.457,3.324
172.72,8.64119,0.49,3.087
172.82,8.6486,0.735,3.251
172.92,8.65601,0.793,3.145
173.02,8.66341,1.044,3.093
173.12,8.67082,0.804,3.003
173.22,8.67873,0.876,3.134
173.32,8.68669,0.677,2.954
173.42,8.69465,0.675,3.489
173.52,8.70261,0.603,3.294
173.62,8.71058,0.669,3.488
173.72,8.71854,0.508,3.452
173.82,8.72474,0.676,3.094
173.92,8.72917,0.63,3.339
174.02,8.73361,0.549,3.343
174.12,8.73804,0.52,3.275
174.22,8.74247,0.491,3.333
174.32,8.74691,0.148,3.122
174.42,8.75134,0.155,3.347
174.52,8.75578,0.382,3.118
174.62,8.76021,0.39,3.204
174.72,8.76465,0.44,2.969
174.82,8.76908,0.462,2.878
174.92,8.77351,0.109,2.916
175.02,8.77844,-0.127,3.502
175.12,8.78357,0.317,2.975
175.22,8.7887,0.137,3.347
175.32,8.79383,0.458,3.095
175.42,8.79896,0.326,3.275
175.52,8.80273,0.044,3.221
175.62,8.80649,0.153,3.252
175.72,8.81026,0.378,3.133
175.82,8.81402,0.471,3.135
175.92,8.81779,0.715,3.12
176.02,8.82155,0.568,3.295
176.12,8.82532,0.565,3.227
176.22,8.82908,0.59,3.263
176.32,8.83349,0.762,3.16
176.42,8.83941,0.683,3.234
176.52,8.84532,0.536,3.366
176.62,8.85124,0.793,2.56
176.72,8.85715,0.668,3.151
176.82,8.86302,0.407,2.93
176.92,8.86877,0.657,2.992
177.02,8.87451,0.361,2.85
177.12,8.88026,0.854,3.075
177.22,8.88601,0.782,2.952
177.32,8.89176,0.544,2.773
177.42,8.89788,0.535,2.814
177.52,8.90425,-0.271,3.58
177.62,8.91062,0.357,3.148
177.72,8.91699,0.693,3.059
177.82,8.92336,0.598,3.232
177.92,8.92928,0.891,3.29
178.02,8.9349,0.967,3.057
178.12,8.94052,1.009,3.012
178.22,8.94614,0.871,3.198
178.32,8.95176,0.673,3.242
178.42,8.95738,0.961,3.176
178.52,8.963,0.976,3.143
178.62,8.96862,0.76,3.064
178.72,8.97431,0.772,3.101
178.82,8.98056,0.891,2.668
178.92,8.98682,0.547,3.001
179.02,8.99307,0.602,2.876
179.12,8.99933,0.588,3.36
179.22,9.00559,0.886,3.28
179.32,9.01184,0.632,3.312
179.42,9.0181,0.741,3.351
179.52,9.02441,0.729,3.311
179.62,9.03124,0.744,3.17
179.72,9.03806,0.894,3.248
179.82,9.04478,0.712,3.15
179.92,9.05051,0.776,3.269
180.02,9.05625,0.514,3.344
180.12,9.06198,0.822,3.276
180.22,9.06771,0.743,3.379
180.32,9.07345,0.676,3.285
180.42,9.07918,0.407,3.226
180.52,9.08491,0.768,3.109
180.62,9.09065,0.575,3.128
180.72,9.09638,0.738,3.075
180.82,9.10212,-0.795,2.989
180.92,9.10785,0.589,2.924
181.02,9.11358,0.6,3.08
181.22,9.12733,0.194,3.18
181.32,9.13433,-0.081,3.35
181.42,9.14133,-0.586,3.527
181.52,9.14788,-0.384,3.717
181.62,9.15438,0.347,3.253
181.72,9.16088,-0.134,2.815
181.92,9.17165,0.534,3.082
182.02,9.17496,0.297,3.109
182.12,9.17826,0.63,3.169
182.22,9.18157,0.568,3.007
182.32,9.18488,0.57,2.95
182.42,9.18819,-0.432,2.991
182.52,9.19161,0.305,2.968
182.72,9.20039,0.096,2.98
182.92,9.20917,0.221,3.129
183.02,9.21356,0.234,2.846
183.12,9.21787,0.595,2.853
183.22,9.22206,0.036,2.848
183.32,9.22625,0.337,3.19
183.42,9.23044,0.529,3.209
183.52,9.23599,0.188,3.043
183.62,9.24244,0.42,2.97
183.72,9.24889,0.553,3.155
183.82,9.25535,0.609,3.205
183.92,9.2618,0.599,3.239
184.12,9.2747,0.54,2.946
184.22,9.27963,0.436,3.027
184.32,9.28439,0.522,2.867
184.42,9.28915,0.117,2.9
184.52,9.29392,0.462,3.171
184.62,9.29868,0.503,2.904
184.72,9.30344,0.536,2.937
184.82,9.3082,0.544,3.151
184.92,9.31296,0.637,2.982
185.02,9.31873,0.689,2.904
185.12,9.32686,0.179,3.578
185.22,9.33498,0.315,3.206
185.32,9.34156,0.722,3.331
185.42,9.34659,0.77,3.217
185.52,9.35162,0.687,3.189
185.62,9.35665,0.678,3.108
185.72,9.36168,0.664,2.991
185.82,9.3667,0.335,3.254
185.92,9.37173,0.375,2.965
186.02,9.37676,0.408,3.191
186.12,9.38179,0.692,3.139
186.22,9.38682,0.154,4.044
186.32,9.39058,0.546,3.11
186.42,9.39435,0.669,2.968
186.54,9.39887,0.618,2.902
186.64,9.40263,0.519,2.996
186.72,9.40564,0.661,3.03
186.82,9.4094,0.227,3.087
186.92,9.41317,0.525,3.184
187.02,9.41693,0.606,3.225
187.12,9.4207,-0.176,3.761
187.22,9.42446,0.088,3.327
187.32,9.42823,0.439,3.075
187.42,9.43337,0.028,3.54
187.52,9.43852,0.55,3.248
187.6,9.44264,0.194,3.025
187.72,9.44882,-0.032,3.461
187.82,9.45397,-0.042,3.231
187.92,9.45912,-0.105,3.347
188.04,9.4653,0.342,3.177
188.16,9.47173,-0.694,3.547
188.32,9.48048,0.496,2.932
188.42,9.48594,0.503,3.188
188.52,9.49141,0.563,3.132
188.62,9.49688,0.39,3.17
188.72,9.50235,0.276,3.055
188.82,9.50781,-0.445,3.338
188.92,9.51328,0.468,3.257
189.02,9.51875,0.428,3.325
189.12,9.52422,0.544,3.197
189.22,9.52968,0.046,3.078
189.32,9.53515,0.436,2.804
189.42,9.53636,0.327,2.969
189.54,9.53782,-0.263,3.007
189.64,9.53989,0.326,3.196
189.72,9.54431,0.382,3.088
189.82,9.54982,0.328,2.996
189.92,9.55534,0.124,3.369
190.02,9.56126,-0.66,3.35
190.1,9.56613,0.432,2.87
190.12,9.56735,-0.381,3.186
190.2,9.57222,0.316,3.112
190.22,9.57344,0.352,2.701
190.32,9.57954,0.366,2.56
190.32,9.57954,0.254,3.349
190.4,9.58441,0.027,2.901
190.42,9.58563,0.272,3.109
190.5,9.59051,0.404,3.299
190.52,9.59172,0.164,3.306
190.6,9.5966,0.365,3.035
190.62,9.59782,0.221,2.931
190.7,9.60269,-0.665,3.756
190.82,9.61001,0.428,3.003
190.92,9.6161,0.248,3.17
191.32,9.63662,0.096,3.046
191.42,9.64117,0.332,2.721
191.5,9.64481,0.46,3.018
191.62,9.65027,0.07,2.948
191.72,9.65482,0.067,3.27
191.82,9.65937,-0.035,3.056
191.9,9.66301,0.187,3.308
192.02,9.66909,0.321,3.022
192.12,9.67573,0.408,3.045
192.22,9.68236,0.368,2.973
192.34,9.69032,0.253,3.089
192.44,9.69696,0.15,3.161
192.54,9.70359,0.249,3.282
192.66,9.71156,0.311,3.045
192.74,9.71624,-0.2,3.335
192.84,9.72079,0.141,3.124
192.94,9.72534,0.296,2.915
193.06,9.7308,0.259,2.716
193.14,9.73444,0.073,2.81
193.46,9.75367,0.38,2.866
193.64,9.7631,0.134,2.992
194.06,9.78028,-0.11,2.514
194.18,9.78519,-0.758,2.63
194.36,9.79255,0.326,2.558
195.16,9.81933,0.332,2.757
195.88,9.84246,0.134,2.689
195.98,9.8472,-0.136,3.267
196.08,9.85194,-0.325,3.229
196.18,9.85668,0.186,2.752
196.28,9.86182,0.488,2.635
196.38,9.86856,0.313,2.955
196.48,9.8753,0.211,2.802
196.58,9.88204,0.168,2.494
199.56,10.0604,0.089,2.554
199.81,10.0766,0.303,3.031
199.89,10.0812,-0.72,3.222
199.96,10.0852,0.448,2.927
200.06,10.0909,0.318,2.762
200.26,10.1024,0.477,2.733
200.86,10.1367,0.28,2.903
201.46,10.1703,0.323,3.242
202.06,10.2039,-0.189,3.012
202.16,10.2095,0.479,2.579
202.26,10.2151,-0.02,3.156