Depth [mbsf],New_AgeModel,_13C [per mil PDB],_18O [per mil PDB],
298.84,8.22296252,0.94,1.8,
298.94,8.225379843,1.03,2.05,
299.14,8.23021449,0.87,2.02,
299.24,8.231826039,0.83,1.89,
299.34,8.234243363,0.84,2.08,
299.54,8.23907801,0.87,2.1,
299.74,8.243106882,1.15,2.13,
299.84,8.245524205,1.28,2.23,
299.94,8.247941529,1.09,2.14,
300.04,8.250358852,1.07,1.93,
300.14,8.251970401,1.06,2.02,
300.34,8.256805048,1.04,1.86,
300.44,8.259222371,1.02,2.14,
300.54,8.261639695,1.07,1.81,
300.64,8.263251244,1.1,2.02,
300.74,8.265668567,1.32,1.93,
300.84,8.268085891,1.43,2.03,
300.94,8.270503214,1.38,2.1,
301.04,8.272114763,1.36,2.05,
301.14,8.274532086,1.18,1.88,
301.24,8.27694941,1.3,1.93,
301.34,8.279366733,1.47,2.07,
301.44,8.281784057,1.09,1.93,
301.54,8.283395606,1.47,1.95,
301.64,8.285812929,1.17,1.98,
301.84,8.290647576,1.37,2.04,
301.94,8.293064899,1.27,2.35,
302.04,8.294676448,1.26,2.18,
302.24,8.299511095,1.27,2.18,
302.34,8.301928418,1.25,2.33,
302.44,8.304345742,1.25,2.03,
302.54,8.305957291,1.07,1.97,
302.64,8.308374614,1.4,2.13,
302.74,8.310791938,1.31,2.37,
302.84,8.313209261,1.23,2.01,
302.94,8.31482081,1.45,2.32,
303.04,8.318413546,1.29,2.06,
303.14,8.322398699,1.43,1.95,
303.24,8.326383852,1.5,1.86,
303.34,8.330369005,1.49,2.05,
303.44,8.333025773,1.47,1.84,
303.54,8.337010926,1.6,1.81,
303.64,8.340996079,1.6,1.85,
303.74,8.344981232,1.49,1.88,
303.84,8.348966385,1.41,1.81,
303.94,8.351623154,1.39,2.07,
304.04,8.355608307,1.35,1.82,
304.17,8.360849821,1.4,2.16,
304.24,8.362729335,1.33,1.97,
304.34,8.364608849,1.25,2.25,
304.44,8.36742812,1.13,1.97,
304.54,8.370247391,1.2,2.08,
304.64,8.373066661,1.24,1.97,
304.84,8.377765446,1.34,1.83,
304.94,8.380584717,1.52,1.85,
305.04,8.383403987,1.29,1.92,
305.14,8.386223258,1.38,1.86,
305.24,8.389042529,1.38,1.79,
305.34,8.390922043,1.37,1.84,
305.44,8.393741314,1.38,1.85,
305.54,8.396560584,1.36,1.92,
305.64,8.399379855,1.14,1.82,
305.74,8.401259369,1.39,1.98,
305.84,8.40407864,1.24,1.92,
305.94,8.406897911,1.26,2.06,
306.04,8.409717181,1.41,2.09,
306.14,8.412536452,1.17,1.95,
306.24,8.414415966,1.45,2.07,
306.34,8.417235237,1.05,2.02,
306.44,8.420054508,1.26,2.08,
306.54,8.422873778,1.27,1.98,
306.64,8.425693049,1.49,1.97,
306.74,8.427572563,1.55,2.04,
306.84,8.430391834,1.66,2.02,
306.94,8.433211104,1.58,1.94,
307.04,8.436030375,1.57,1.93,
307.14,8.437909889,1.72,1.83,
307.24,8.44072916,1.59,1.96,
307.34,8.443548431,1.32,2.01,
307.44,8.446367701,1.33,1.89,
307.54,8.449186972,1.49,2.08,
307.64,8.451066486,1.35,1.86,
307.74,8.453885757,1.47,2.07,
307.84,8.456705028,1.66,1.96,
307.94,8.459524298,1.78,2.04,
308.04,8.462343569,1.74,1.94,
308.14,8.464223083,1.63,1.99,
308.44,8.472680895,1.62,2.05,
308.54,8.475500166,1.58,2.26,
308.64,8.47737968,1.53,2.15,
308.74,8.480198951,1.64,2.16,
308.84,8.483490281,1.66,2.2,
308.94,8.486893099,1.49,2.12,
309.04,8.489161644,1.6,2,
309.14,8.492564463,1.45,1.86,
309.24,8.495967281,1.64,2.08,
309.34,8.499370099,1.51,2.04,
309.44,8.502772917,1.24,1.89,
309.54,8.505041462,1.67,2.09,
309.64,8.50844428,1.5,2.07,
309.74,8.511847098,1.56,2.03,
309.84,8.515249916,1.47,2.1,
309.94,8.518652735,1.45,2.15,
310.04,8.520751957,1.61,2.25,
310.14,8.523402247,1.52,2.05,
310.24,8.526052536,1.36,2.03,
310.34,8.528702825,1.49,1.95,
310.44,8.530469685,1.46,1.9,
310.54,8.533119974,1.48,2.15,
310.64,8.535770263,1.35,1.87,
310.74,8.538420552,1.37,1.99,
310.84,8.541070842,1.03,1.86,
310.94,8.542837701,1.46,2.33,
311.04,8.5455134,1.1,1.8,
311.24,8.552164457,1.4,1.99,
311.44,8.557707005,1.63,2.02,
311.54,8.561032534,1.35,1.96,
311.64,8.564358063,1.51,1.92,
311.74,8.567683592,1.58,2.01,
311.84,8.569900611,1.48,1.97,
311.94,8.57322614,1.54,2.08,
312.04,8.576551669,1.54,1.97,
312.14,8.579877198,1.48,1.97,
312.24,8.583202726,1.52,2,
312.34,8.585419746,1.49,1.93,
312.44,8.588745275,1.34,1.96,
312.54,8.592070803,1.4,1.84,
312.64,8.595396332,1.36,1.94,
312.74,8.598721861,1.35,2.09,
312.84,8.600879084,1.38,2.14,
312.94,8.603861222,1.28,1.83,
313.04,8.606843361,1.48,2.02,
313.14,8.6098255,1.45,2.06,
313.24,8.611813593,1.45,1.97,
313.34,8.614795731,1.42,1.94,
313.44,8.61777787,1.29,1.84,
313.54,8.620760009,1.36,2.06,
313.64,8.623742148,1.33,1.87,
313.74,8.62573024,1.38,1.86,
313.84,8.628712379,1.37,1.98,
318.04,8.745015791,1.42,2.02,
318.14,8.74799793,1.4,2.07,
318.24,8.750980069,1.45,2.02,
318.34,8.753962208,1.49,1.99,
318.44,8.7559503,1.34,1.87,
318.54,8.758932439,1.33,1.97,
318.64,8.761914578,1.45,1.94,
318.74,8.764896716,1.4,1.96,
318.84,8.767878855,1.39,2.14,
318.94,8.769866948,1.32,1.92,
319.04,8.772849087,1.34,1.97,
319.14,8.775831225,1.22,1.76,
319.24,8.778813364,1.44,2.04,
319.34,8.780801457,1.22,1.87,
319.44,8.783783595,1.38,2.04,
319.54,8.786765734,1.27,1.92,
319.64,8.789747873,1.14,1.97,
319.74,8.792730012,1.21,2.1,
319.84,8.794718104,1,1.86,
319.94,8.797700243,1.14,1.83,
320.14,8.803664521,1.26,2.11,
320.34,8.808634752,1.28,1.7,
320.54,8.814599029,1.27,1.7,
320.64,8.817581168,1.28,2.03,
320.74,8.819569261,1.44,1.71,
320.84,8.8225514,1.37,1.77,
320.94,8.825533538,1.26,1.85,
321.04,8.828515677,1.3,1.93,
321.14,8.831497816,1.3,1.83,
321.24,8.833485908,1.27,1.98,
321.34,8.836468047,1.09,2.08,
321.44,8.839450186,1.06,1.89,
321.54,8.842432325,1.12,1.95,
321.64,8.845414463,1.14,1.92,
321.74,8.847402556,1.07,1.95,
321.84,8.850384695,1.13,1.91,
321.94,8.853366834,1.06,1.97,
322.04,8.856348972,1.06,1.88,
322.14,8.859331111,1.35,2.16,
322.24,8.861319204,1.23,2.19,
322.34,8.864301342,1,2.02,
322.44,8.867283481,1.11,1.9,
322.54,8.87026562,1.23,2.07,
322.64,8.872253712,1.12,2.04,
322.74,8.875235851,1.15,2.07,
322.84,8.87821799,1.27,1.84,
322.94,8.881200129,1.25,1.92,
323.04,8.884182268,1.26,1.68,
323.14,8.88617036,1.44,2.18,
323.24,8.889152499,1.35,1.82,
323.34,8.892134638,1.28,1.95,
323.44,8.895116776,0.98,1.8,
323.54,8.898098915,1.23,1.82,
323.64,8.900087008,1.2,1.94,
323.74,8.903069147,1.01,1.92,
323.84,8.906051285,0.9,1.93,
323.94,8.909033424,0.94,1.91,
324.04,8.911021517,1.01,2.01,
324.14,8.914003655,1.07,2.18,
324.24,8.916985794,0.85,1.95,
324.34,8.919967933,1.03,2.04,
324.44,8.922950072,1,1.99,
324.54,8.924938164,1.07,2.01,
324.64,8.927920303,1.17,1.86,
324.74,8.930902442,1.24,1.93,
324.84,8.933884581,1.24,1.7,
324.94,8.936866719,1.26,1.88,
325.04,8.938854812,1.23,1.84,
325.14,8.941836951,1.25,1.83,
325.24,8.944819089,1.22,1.72,
325.34,8.947801228,1.19,1.8,
325.44,8.949789321,1.21,1.71,
325.54,8.952771459,1.13,1.8,
325.64,8.955753598,1.06,1.84,
325.74,8.958735737,1.12,2.25,
327.74,9.014402328,0.66,1.89,
327.84,9.01639042,0.99,2.02,
327.94,9.019372559,1,1.93,
328.04,9.022354698,1.2,2.02,
328.14,9.025336836,1.2,1.79,
328.24,9.028318975,1.22,1.86,
328.34,9.030307068,1.09,1.67,
328.54,9.036271345,1.21,1.67,
328.64,9.039253484,1.17,2.15,
328.74,9.041241577,1.24,1.82,
328.84,9.044223715,1.24,2.03,
328.94,9.047205854,1.09,1.64,
329.04,9.050187993,1.21,1.97,
329.14,9.053170132,1.06,1.85,
329.24,9.055158224,1.34,2.62,
329.34,9.058140363,1.32,2.54,
329.44,9.061122502,1.23,2.34,
329.54,9.06410464,1.05,2.5,
329.64,9.067086779,1.01,2.34,
329.74,9.069074872,1.04,2.29,
329.84,9.072057011,0.94,2.33,
329.94,9.075039149,0.92,2.18,
330.04,9.078021288,0.69,2.13,
330.14,9.080009381,0.88,2.18,
330.24,9.082991519,0.8,2.04,
330.34,9.085973658,0.87,2.24,
330.44,9.088955797,0.8,2.12,
330.54,9.091937936,0.85,2.03,
330.64,9.093926028,1.03,2.27,
330.74,9.096908167,1.02,1.95,
330.84,9.099890306,0.98,1.93,
330.94,9.102872445,0.9,1.97,
331.04,9.105854583,1.37,2.28,
331.14,9.107842676,0.95,1.96,
331.24,9.110824815,1.03,1.76,
331.34,9.113806953,1.13,2.06,
331.44,9.116789092,1.02,2.12,
331.54,9.118777185,0.89,2.17,
331.64,9.121759324,0.9,1.98,
331.74,9.124741462,1.02,2.06,
331.84,9.127723601,0.98,1.99,
331.94,9.13070574,1.05,1.91,
332.04,9.132693832,1.08,1.92,
332.14,9.135675971,1.12,1.89,
332.24,9.13865811,1.06,2.09,
332.34,9.141640249,1,2,
332.44,9.144622387,1.03,2.2,
332.54,9.14661048,0.89,2.05,
332.64,9.149592619,1.19,2.23,
332.74,9.152574758,1.04,1.87,
332.84,9.155556896,1.17,2.07,
332.94,9.157544989,1.14,1.94,
333.04,9.160527128,1.11,1.9,
333.14,9.163509266,0.92,1.93,
333.24,9.166491405,1.11,2.08,
333.34,9.169473544,1.09,2.07,
333.44,9.171461636,1,2,
333.54,9.174443775,0.98,2.12,
333.64,9.177425914,1.02,2.23,
333.74,9.180408053,1.1,2.16,
333.84,9.183390192,1.04,2.15,
333.94,9.185378284,1.19,2.04,
334.04,9.188360423,1.29,2.04,
334.14,9.191342562,1.26,1.92,
334.34,9.197306839,1.18,1.89,
334.44,9.199294932,1.26,2.24,
334.54,9.202277071,1.19,1.79,
334.64,9.205259209,1.23,1.9,
334.74,9.208241348,1.2,1.92,
334.84,9.210229441,1.28,1.93,
334.94,9.213211579,1.15,1.99,
335.04,9.216193718,1.09,1.85,
335.14,9.219175857,1.17,1.99,
335.24,9.222157996,1.06,1.87,
335.34,9.224146088,1.19,2.12,
337.34,9.279812679,1.03,1.78,
337.44,9.282794818,1.11,1.69,
337.54,9.285776956,1.18,1.66,
337.64,9.287765049,1.18,1.78,
337.74,9.290747188,1.15,1.69,
337.94,9.296711465,1.08,1.72,
338.04,9.299693604,1.03,1.84,
338.14,9.301681696,1.23,1.94,
338.24,9.304663835,1.16,1.83,
338.34,9.307645974,1.14,2,
338.44,9.310628113,1.16,2.05,
338.54,9.313610252,1.06,1.9,
338.64,9.315598344,1.01,1.97,
338.74,9.318580483,1.02,1.92,
338.84,9.321562622,1.09,2.07,
338.94,9.32454476,1.08,1.98,
339.04,9.326532853,1.31,2.25,
339.14,9.329514992,1.01,1.92,
339.24,9.33249713,1.15,2.1,
339.34,9.335479269,1.01,1.9,
339.44,9.338461408,1.01,1.86,
339.54,9.340449501,1.12,1.65,
339.64,9.343431639,1.11,2,
339.74,9.346413778,1.21,1.83,
339.84,9.349395917,1.17,1.76,
339.94,9.352378056,1.04,1.76,
340.04,9.354366148,1.06,1.84,
340.14,9.357348287,1.15,1.89,
340.24,9.360330426,0.95,1.74,
340.34,9.363312565,1.03,2.09,
340.44,9.366294703,0.87,2.06,
340.54,9.368282796,0.91,1.98,
340.64,9.371264935,0.73,2.31,
340.74,9.374247073,0.84,2.19,
340.84,9.377229212,0.87,1.95,
340.94,9.379217305,0.72,1.92,
341.04,9.382199443,1.22,2.05,
341.14,9.385181582,1.17,2.1,
341.24,9.388163721,1.23,2.1,
341.34,9.39114586,1.06,1.86,
341.44,9.393133952,1.2,1.77,
341.54,9.396116091,1.02,1.77,
341.64,9.39909823,1.2,1.71,
341.74,9.402080369,1.11,1.83,
341.84,9.405062507,1.01,1.83,
341.94,9.4070506,1.13,2.19,
342.04,9.410032739,1.14,1.86,
342.14,9.413014877,1.17,2.14,
342.24,9.415997016,0.91,1.65,
342.34,9.417985109,0.99,1.76,
342.44,9.420967248,0.94,1.93,
342.54,9.423949386,0.63,1.73,
342.64,9.426931525,0.95,2.1,
342.74,9.429913664,0.84,1.89,
342.84,9.431901756,0.88,2.17,
342.94,9.434883895,0.68,1.88,
343.04,9.437866034,1.09,2,
343.14,9.440848173,1.11,1.84,
343.24,9.443830311,1.11,1.91,
346.94,9.546217076,0.94,1.89,
347.04,9.548205169,1.04,1.85,
347.14,9.551187307,0.97,2,
347.24,9.554169446,0.97,1.98,
347.34,9.557151585,0.82,1.99,
347.44,9.560133724,0.9,1.91,
347.54,9.562121816,0.7,2.04,
347.64,9.565103955,1,2.02,
347.74,9.568086094,0.68,2.02,
347.84,9.571068233,0.83,1.93,
347.94,9.574050371,0.61,2.01,
348.04,9.576038464,0.95,1.99,
348.14,9.579020603,1.03,1.92,
348.34,9.58498488,1.14,1.96,
348.44,9.586972973,1.17,1.86,
348.54,9.589955112,1.06,2.07,
348.64,9.59293725,1.07,1.95,
348.74,9.595919389,1.23,1.82,
348.84,9.598901528,1.13,1.9,
348.94,9.60088962,1.13,1.85,
349.04,9.603871759,1.29,1.9,
349.14,9.606853898,1.35,1.88,
349.24,9.609836037,1.24,1.73,
349.34,9.612818176,1.03,1.78,
349.44,9.614806268,1.3,1.83,
349.54,9.617788407,1.28,1.86,
349.64,9.620770546,1.11,1.78,
349.74,9.623752684,1.08,1.88,
349.84,9.625740777,1.22,1.89,
349.94,9.628722916,1.21,1.88,
350.04,9.631705054,1.13,2.03,
350.14,9.634687193,0.82,2.15,
350.24,9.637669332,1.08,2.14,
350.34,9.639657425,0.93,2.05,
350.44,9.642639563,1.08,1.87,
350.54,9.645621702,1.18,2.11,
350.64,9.648603841,1.23,2.06,
350.74,9.65158598,1.11,1.89,
350.84,9.653574072,0.94,1.88,
350.94,9.656556211,1.19,1.64,
351.04,9.65953835,1.15,1.75,
351.14,9.662520489,1.23,1.76,
351.24,9.664508581,1.15,1.74,
351.34,9.66749072,1.4,1.88,
351.44,9.670472859,1.25,1.95,
351.54,9.673454997,1.39,2.08,
351.64,9.676437136,1.31,2.23,
351.74,9.678425229,1.22,1.65,
351.84,9.681407367,1.24,2.03,
351.94,9.684389506,1.2,1.65,
352.04,9.687371645,1.18,2.12,
352.14,9.690353784,1.1,1.77,
352.24,9.692341876,1.13,1.89,
352.34,9.695324015,1.23,2.03,
352.44,9.698306154,1.1,2.07,
352.54,9.701288293,1.23,1.97,
352.64,9.703276385,1.21,2.09,
352.74,9.706258524,1.2,1.82,
352.84,9.709240663,1.34,2.08,
352.94,9.712222801,1.37,1.87,
353.04,9.71520494,1.4,1.88,
353.14,9.717193033,1.33,1.7,
353.24,9.720175172,1.33,1.86,
353.34,9.72315731,1.6,1.91,
353.44,9.726139449,1.46,2.01,
353.54,9.729121588,1.3,2.04,
356.64,9.814609566,1.35,2.17,
356.74,9.817591705,1.56,1.9,
356.84,9.820573844,1.4,1.94,
356.94,9.822561936,1.44,1.78,
357.04,9.825544075,1.4,1.92,
357.14,9.828526214,1.37,1.6,
357.34,9.833496445,1.3,1.9,
357.44,9.836478584,1.38,2.16,
357.54,9.839460723,1.35,1.97,
357.64,9.842442861,1.36,2.08,
357.74,9.845425,1.21,1.84,
357.84,9.847413093,1.25,2.04,
357.94,9.850395231,1.24,1.94,
358.04,9.85337737,1.22,1.95,
358.14,9.856359509,1.51,2.18,
358.24,9.859341648,1.37,2.19,
358.34,9.86132974,1.28,1.99,
358.44,9.864311879,1.24,2.16,
358.54,9.867294018,1.26,2.04,
358.64,9.870276157,1.3,2.07,
358.75,9.873258295,1.3,2.06,
358.84,9.875246388,1.26,2.1,
358.95,9.878228527,1.44,2.19,
359.04,9.881210666,1.2,2.08,
359.14,9.884192804,1.33,2.18,
359.24,9.886180897,1.25,2.05,
359.34,9.889163036,1.42,1.97,
359.44,9.892145174,1.41,2.05,
359.54,9.895127313,1.32,1.94,
359.64,9.898109452,1.36,2.09,
359.74,9.900097544,1.4,1.9,
359.84,9.903079683,1.37,1.94,
359.94,9.906061822,1.37,1.89,
360.03,9.908049915,1.17,1.99,
360.14,9.9120261,1.35,1.99,
360.24,9.914014192,1.33,1.97,
360.45,9.91997847,1.21,1.76,
360.64,9.924948701,1.18,1.95,
360.84,9.930912978,1.14,2.03,
360.94,9.933895117,1.12,1.69,
361.04,9.936877256,1.27,1.95,
361.14,9.938865349,1.24,1.78,
361.24,9.941847487,1.29,2.01,
361.34,9.944829626,1.13,1.89,
361.44,9.947811765,1.23,1.96,
361.53,9.949799857,1.1,1.8,
361.64,9.952781996,1.12,1.78,
361.74,9.955764135,1.07,1.65,
361.84,9.958746274,1.27,1.96,
361.94,9.961728413,1.03,1.76,
362.04,9.963716505,1.06,1.94,
362.14,9.966698644,1.16,1.84,
362.24,9.969680783,1.2,1.96,
362.44,9.97564506,1.31,2.01,
362.64,9.980615291,1.25,1.75,
362.73,9.98359743,1.08,1.79,
362.84,9.986579569,1.16,1.9,
362.93,9.988567662,1.21,1.85,
363.02,9.9915498,1.34,2.08,
363.13,9.994531939,1.29,1.93,
363.22,9.996520032,1.31,1.9,
363.32,9.99950217,1.13,1.93,
363.42,10.00248431,0.91,1.92,
363.52,10.00546645,1.17,2.05,
363.64,10.00844859,1.33,2.17,
363.74,10.01143073,1,1.87,
363.84,10.01441286,1.23,1.97,
363.94,10.01640096,1.2,2.02,
364.04,10.0193831,1.29,1.84,
364.14,10.02236523,1.25,1.95,
364.21,10.02435333,1.41,1.84,
364.31,10.02733547,1.28,1.79,
366.24,10.08101396,1.11,1.75,
366.34,10.08300206,1.14,1.72,
366.44,10.08598419,1.26,1.85,
366.54,10.08896633,1.1,1.87,
366.64,10.09194847,1.29,2.02,
366.74,10.09393656,1.27,1.9,
366.84,10.0969187,1.09,1.93,
366.94,10.09990084,1.1,1.84,
367.04,10.10288298,1.19,2.09,
367.14,10.10586512,1.3,1.94,
367.26,10.10884726,1.28,2.04,
367.34,10.11083535,1.3,1.95,
367.44,10.11381749,1.41,1.72,
367.52,10.11580558,1.47,1.82,
367.74,10.12176986,1.48,1.94,
367.84,10.124752,1.48,1.83,
367.94,10.12773414,1.45,1.72,
368.04,10.13071628,1.58,1.82,
368.14,10.13270437,1.61,1.9,
368.24,10.13568651,1.36,1.81,
368.34,10.13866865,1.47,1.93,
368.44,10.14165079,1.51,2.23,
368.54,10.14463292,1.52,2,
368.64,10.14662102,1.5,1.97,
368.74,10.14960316,1.21,1.93,
368.84,10.15258529,1.34,1.88,
368.94,10.15556743,1.36,1.95,
369.04,10.15854957,1.24,1.95,
369.14,10.16053766,1.41,2.17,
369.24,10.1635198,1.43,2.13,
369.34,10.16650194,1.37,1.95,
369.44,10.16948408,1.28,1.94,
369.54,10.17147217,1.4,1.89,
369.64,10.17445431,1.46,1.98,
369.74,10.17743645,1.47,1.98,
369.94,10.18340073,1.56,2,
370.04,10.18538882,1.58,1.87,
370.14,10.18837096,1.33,2.04,
370.24,10.1913531,1.27,1.94,
370.34,10.19433524,1.3,1.86,
370.44,10.19731738,1.33,2.04,
370.54,10.19930547,1.37,1.78,
370.74,10.20526975,1.37,1.86,
370.84,10.20825188,1.31,1.78,
370.94,10.21023998,1.24,1.89,
371.04,10.21322212,1.17,1.78,
371.14,10.21620425,1.19,1.9,
371.34,10.22216853,1.2,2.09,
371.44,10.22415662,1.24,1.7,
371.54,10.22713876,1.2,2.03,
371.64,10.2301209,1.09,1.67,
371.74,10.23310304,1.24,1.86,
371.84,10.23608518,1.12,1.35,
371.94,10.23807327,1.18,1.71,
372.14,10.24403755,1.15,1.77,
372.34,10.25000183,1.1,1.83,
372.54,10.25497206,1.25,1.82,
372.74,10.26093634,1.24,1.68,
372.94,10.26590657,1.35,1.63,
373.04,10.26888871,1.26,1.65,
373.14,10.27187085,1.3,1.67,
373.34,10.27684108,1.36,1.79,
373.44,10.27982322,1.27,1.75,
373.54,10.28280535,1.26,2.05,
373.64,10.28578749,1.35,1.8,
373.74,10.28876963,1.14,1.84,
373.84,10.29075772,1.25,1.96,
373.94,10.29373986,1.24,1.93,
374.04,10.296722,1.34,1.92,
375.84,10.34642431,1.26,1.69,
375.94,10.34940645,1.31,1.76,
376.04,10.35238859,1.19,1.86,
376.14,10.35437668,1.25,1.77,
376.24,10.35735882,1.13,1.74,
376.34,10.36034096,1.29,1.62,
376.44,10.3633231,1.28,1.78,
376.54,10.36630524,1.29,1.51,
376.64,10.36829333,1.18,1.83,
376.74,10.37127547,1.19,1.59,
376.84,10.37425761,1.2,1.85,
376.94,10.37723975,1.23,1.81,
377.04,10.37922784,1.34,2.01,
377.14,10.38220998,1.12,2,
377.24,10.38519212,1.27,2.01,
377.34,10.38817426,1.24,2.06,
377.44,10.3911564,1.2,1.92,
377.54,10.39314449,1.31,2.06,
377.64,10.39612663,1.3,1.94,
377.74,10.39910877,1.29,1.97,
377.84,10.40209091,1.06,1.93,
377.94,10.40507304,1.28,1.97,
378.04,10.40706114,1.14,1.87,
378.14,10.41004328,1.31,2.09,
378.24,10.41302541,1.25,1.87,
378.44,10.41898969,1.15,1.83,
378.54,10.42097778,1.39,1.92,
378.64,10.42395992,1.35,1.75,
378.74,10.42694206,1.35,1.74,
378.84,10.4299242,1.2,1.75,
378.94,10.43191229,1.2,1.64,
379.04,10.43489443,1.27,1.69,
379.14,10.43787657,1.16,1.49,
379.24,10.44085871,1.22,1.68,
379.34,10.44384085,0.99,1.53,
379.44,10.44582894,0.97,1.82,
379.54,10.44881108,0.86,1.46,
379.64,10.45179322,1.06,1.98,
379.74,10.45477536,0.95,1.81,
379.84,10.4577575,0.91,1.98,
379.94,10.45974559,1.08,1.97,
380.04,10.46272773,1.09,1.93,
380.34,10.4706801,1.14,1.37,
380.44,10.47366224,0.93,1.63,
380.54,10.47664437,0.93,1.34,
380.64,10.47962651,1.26,1.53,
380.74,10.48260865,1.26,1.7,
380.84,10.48459674,1.25,1.66,
380.94,10.48757888,1.17,1.6,
381.04,10.49056102,1.25,1.68,
381.14,10.49354316,1.06,1.5,
381.24,10.4965253,1.39,1.77,
381.34,10.49851339,0.99,1.29,
381.44,10.50149553,1.46,1.53,
381.64,10.50745981,1.16,1.82,
381.84,10.51243004,1.44,2.08,
382.04,10.51839432,1.18,1.74,
382.24,10.52336455,1.16,1.77,
382.44,10.52932883,1.28,1.88,
382.64,10.5352931,1.04,1.44,
382.84,10.54026334,1.18,1.4,
385.54,10.6148168,1.33,1.83,
385.64,10.61779894,1.34,1.92,
385.74,10.62078108,1.32,1.78,
385.84,10.62376322,1.3,1.62,
385.94,10.62674536,1.44,1.83,
386.04,10.62873345,1.41,1.8,
386.14,10.63171559,1.36,1.77,
386.24,10.63469773,1.28,1.79,
386.34,10.63767987,1.37,1.86,
386.44,10.63966796,1.22,1.88,
386.54,10.6426501,1.16,1.8,
386.64,10.64563224,1.17,1.98,
386.74,10.64861438,1,1.67,
386.84,10.65159652,1.2,1.87,
386.94,10.65358461,1.08,1.59,
387.04,10.65656675,1.23,2.07,
387.14,10.65954889,0.9,1.48,
387.24,10.66253103,1.06,1.87,
387.34,10.66551316,1.15,1.86,
387.44,10.66750126,1.06,1.77,
387.54,10.6704834,1.09,1.66,
387.64,10.67346553,1.05,1.46,
387.74,10.67644767,1.2,1.6,
387.84,10.67843577,1.02,1.57,
387.94,10.6814179,0.88,1.36,
388.04,10.68440004,1.01,1.47,
388.14,10.68738218,1.14,1.74,
388.24,10.69036432,1.03,1.63,
388.34,10.69235241,1.01,1.67,
388.44,10.69533455,1.12,1.9,
388.54,10.69831669,1.05,1.67,
388.64,10.70129883,1.21,1.75,
388.74,10.70428097,1.07,1.67,
388.84,10.70626906,1.16,1.62,
388.94,10.7092512,1.01,1.71,
389.04,10.71223334,1.32,1.66,
389.14,10.71521548,1.35,1.55,
389.24,10.71720357,1.31,1.56,
389.34,10.72018571,1.19,1.61,
389.44,10.72316785,1.16,1.65,
389.54,10.72614999,1.22,1.75,
389.64,10.72913212,1.3,1.71,
389.74,10.73112022,1.19,1.91,
389.84,10.73410236,1.24,1.95,
390.04,10.74006663,1.2,1.92,
390.14,10.74304877,0.91,1.7,
390.24,10.74503686,1.04,1.82,
390.34,10.748019,1.17,1.79,
390.44,10.75100114,1,1.75,
390.54,10.75398328,1.36,1.89,
390.64,10.75597137,1.15,1.77,
390.74,10.75895351,1.33,1.64,
390.84,10.76193565,1.29,1.69,
390.94,10.76491779,1.49,1.76,
391.14,10.76988802,1.14,1.83,
391.24,10.77287016,1.42,1.67,
391.34,10.7758523,1.35,1.73,
391.44,10.77883444,1.24,1.71,
391.64,10.78380467,1.06,1.89,
391.74,10.78678681,1.07,2.15,
391.84,10.78976895,1.08,2.03,
391.94,10.79275109,1.18,1.98,
392.04,10.79573322,1.19,1.78,
392.14,10.79772132,1.23,1.6,
392.24,10.80070346,1.12,1.97,
392.34,10.80368559,1.03,1.39,
392.44,10.80666773,1.08,1.94,
395.14,10.8812212,1.47,1.78,
395.24,10.88420334,1.28,1.83,
395.34,10.88619143,1.5,1.76,
395.44,10.88917357,1.2,1.91,
395.54,10.89215571,1.39,1.87,
395.64,10.89513785,1.15,1.89,
395.74,10.89811999,1.37,1.89,
395.84,10.90010808,1.22,1.82,
395.94,10.90309022,1.24,1.96,
396.04,10.90607236,1.18,1.91,
396.14,10.9090545,1.3,2.11,
396.24,10.91203664,1.02,2.02,
396.34,10.91402473,1.17,2,
396.44,10.91700687,1.03,2.11,
396.64,10.92297115,1.16,1.83,
396.74,10.92495924,1.17,1.96,
396.84,10.92794138,0.97,1.77,
396.94,10.93092352,0.98,2.14,
397.04,10.93390565,1.08,1.63,
397.14,10.93688779,0.9,1.86,
397.24,10.93887589,0.88,1.47,
397.34,10.94185802,0.95,1.71,
397.44,10.94484016,0.96,1.58,
397.54,10.9478223,0.81,1.88,
397.64,10.95080444,1.05,1.88,
397.74,10.95378658,0.89,1.87,
397.84,10.95577467,0.81,1.77,
397.94,10.95875681,0.92,1.99,
398.04,10.96173895,0.83,1.89,
398.14,10.96472109,0.91,1.96,
398.24,10.96770323,1.24,1.75,
398.34,10.97068537,1.18,1.89,
398.44,10.97267346,1.17,1.59,
398.54,10.9756556,1.22,1.76,
398.64,10.97863774,1.19,1.64,
398.74,10.98161987,1.19,1.77,
398.84,10.98460201,1.36,1.64,
398.94,10.98758415,1.25,1.85,
399.04,10.98957224,1.17,1.5,
399.14,10.99255438,1.27,2.12,
399.24,10.99553652,1.18,1.66,
399.34,10.99851866,1.21,2,
399.44,11.0015008,1.35,2.01,
399.54,11.00448294,1.39,2.05,
399.64,11.00746508,1.42,2.03,
399.74,11.00945317,1.32,1.89,
399.84,11.01243531,1.4,1.89,
399.94,11.01541745,1.35,2.07,
400.04,11.01839959,1.34,1.71,
400.14,11.02138172,1.27,1.95,
400.24,11.02436386,1.37,1.79,
400.34,11.02635196,1.19,1.92,
400.44,11.02933409,1.25,1.88,
400.54,11.03231623,1.19,1.89,
400.64,11.03529837,1.25,1.92,
400.74,11.03828051,1.15,1.91,
400.84,11.04126265,1.2,1.8,
400.94,11.04325074,1.11,1.92,
401.04,11.04623288,1.35,1.92,
401.14,11.04921502,1.15,1.98,
401.24,11.05219716,1.23,1.99,
401.34,11.0551793,1.15,1.94,
401.44,11.05816144,1.07,1.95,
401.54,11.06114358,1.14,1.93,
401.64,11.06313167,1.19,1.96,
401.74,11.06611381,1.11,1.87,
404.74,11.15060774,1.31,1.94,
404.84,11.15358988,1.49,1.84,
404.94,11.15657202,1.53,1.85,
405.04,11.15955415,1.28,1.58,
405.14,11.16253629,1.62,1.85,
405.24,11.16551843,1.41,1.76,
405.34,11.16750652,1.44,1.9,
405.44,11.17048866,1.58,1.86,
405.54,11.1734708,1.5,1.78,
405.64,11.17645294,1.58,1.81,
405.74,11.17943508,1.6,2,
405.84,11.18241722,1.58,1.86,
405.94,11.18539936,1.46,2.03,
406.04,11.18738745,1.55,1.78,
406.14,11.19036959,1.43,2.04,
406.24,11.19335173,1.51,1.81,
406.34,11.19633387,1.55,1.98,
406.44,11.19931601,1.45,1.9,
406.54,11.20229814,1.41,1.83,
406.64,11.20428624,1.46,1.76,
406.74,11.20726838,1.43,1.98,
406.84,11.21025051,1.38,1.91,
406.94,11.21323265,1.26,1.97,
407.04,11.21621479,1.4,1.81,
407.14,11.21919693,1.38,1.97,
407.24,11.22118502,1.48,1.89,
407.34,11.22416716,1.46,1.92,
407.44,11.2271493,1.56,1.88,
407.54,11.23013144,1.52,1.97,
407.64,11.23311358,1.42,1.83,
407.74,11.23609572,1.49,1.94,
407.84,11.23907786,1.55,1.87,
407.94,11.24106595,1.52,1.96,
408.04,11.24404809,1.52,1.9,
408.14,11.24703023,1.46,2.02,
408.24,11.25001236,1.55,1.86,
408.34,11.2529945,1.61,2.18,
408.44,11.25597664,1.46,1.93,
408.54,11.25796473,1.49,1.94,
408.64,11.26094687,1.59,1.98,
408.74,11.26392901,1.54,1.89,
408.84,11.26691115,1.41,1.89,
408.94,11.26989329,1.52,1.94,
409.04,11.27287543,1.39,1.98,
409.14,11.27486352,1.46,1.99,
409.24,11.27784566,1.43,1.98,
409.34,11.2808278,1.33,2.12,
409.44,11.28380994,1.46,2.05,
409.54,11.28679208,1.24,2.16,
409.64,11.28977421,1.43,1.93,
409.74,11.29275635,1.29,1.97,
409.84,11.29474445,1.55,1.95,
409.94,11.29772658,1.48,1.95,
410.04,11.30070872,1.53,1.77,
410.14,11.30369086,1.55,1.93,
410.24,11.306673,1.5,1.84,
410.34,11.30965514,1.52,1.9,
410.44,11.31164323,1.45,1.98,
410.54,11.31462537,1.52,1.79,
410.64,11.31760751,1.48,1.96,
410.74,11.32058965,1.55,2.1,
410.84,11.32357179,1.41,2.02,
414.54,11.42794664,1.35,1.83,
414.84,11.43589901,1.37,2.02,
414.94,11.43888115,1.58,1.67,
415.04,11.44186329,1.42,1.9,
415.14,11.44484543,1.19,1.52,
415.24,11.44782757,1.5,1.82,
415.34,11.45080971,1.58,1.77,
415.44,11.45379185,1.41,1.9,
415.54,11.45577994,1.4,1.73,
415.64,11.45876208,1.39,1.81,
415.74,11.46174422,1.37,1.69,
415.84,11.46472636,1.16,1.7,
415.94,11.4677085,1.43,1.76,
416.04,11.47069063,1.24,1.76,
416.14,11.47267873,1.09,1.65,
416.24,11.47566087,1.21,1.92,
416.34,11.478643,1.1,1.99,
416.44,11.48162514,1.06,1.84,
416.54,11.48460728,1.37,1.9,
416.84,11.49255965,1.3,1.84,
416.94,11.49554179,1.22,1.58,
417.04,11.49852393,1.46,1.88,
417.14,11.50150607,1.38,2.03,
417.24,11.50448821,1.43,1.92,
417.44,11.50945844,1.36,1.81,
417.54,11.51244058,1.19,2.03,
417.64,11.51542272,1.05,1.86,
417.74,11.51840485,0.97,1.88,
417.84,11.52138699,0.96,1.9,
417.94,11.52436913,1.28,1.87,
418.04,11.52635722,1.14,2.02,
418.14,11.52933936,1.21,1.99,
418.24,11.5323215,1.02,1.44,
418.34,11.53530364,1.16,1.69,
418.44,11.53828578,1.19,1.74,
418.54,11.54126792,1.2,1.7,
418.64,11.54623815,1.22,1.8,
418.74,11.54922029,1.09,1.74,
418.94,11.55220243,1.1,1.88,
419.04,11.55518457,1.01,1.52,
419.14,11.5581667,1.19,1.9,
419.24,11.56114884,1.21,1.87,
419.34,11.56313694,1.15,1.78,
419.44,11.56611907,1.1,1.67,
419.54,11.56910121,1.16,1.98,
419.64,11.57208335,1.16,1.93,
419.74,11.57506549,0.97,2,
419.84,11.57804763,1.32,1.75,
419.94,11.58003572,1.26,2.03,
420.04,11.58301786,1.17,1.59,
420.14,11.586,1.02,1.72,