Depth [m],Age [ka BP],Foram bent δ13C [‰ PDB],Foram bent δ18O [‰ PDB]
71.53,15940,1.64,1.6
71.59,15959,1.58,1.8
71.69,15992,1.36,1.71
71.74,16002,1.66,1.69
71.79,16012,1.35,1.62
71.84,16022,1.5,1.66
71.99,16052,1.78,1.89
72.14,16083,1.22,1.4
72.19,16088,1.75,1.44
72.24,16093,1.36,1.39
72.29,16098,1.59,1.38
72.34,16103,1.54,1.53
72.39,16109,1.65,1.45
72.44,16114,1.52,1.87
72.49,16119,1.88,1.47
72.54,16124,1.78,1.5
72.59,16129,1.92,1.6
72.69,16140,1.65,1.81
72.73,16144,2.03,1.88
72.79,16150,1.44,1.39
72.99,16171,0.98,1.82
73.04,16179,1.62,1.37
73.09,16187,1.22,1.66
73.14,16195,1.4,1.47
73.19,16204,1.45,1.5
73.24,16212,1.52,1.52
73.29,16220,1.23,1.57
73.34,16229,1.39,1.57
73.44,16245,1.28,1.45
73.49,16254,1.13,1.46
73.55,16264,1.18,1.48
73.59,16270,1.15,0.89
73.64,16278,1.73,1.63
73.69,16287,1.4,1
73.74,16295,1.49,1.12
73.79,16303,1.06,1.23
73.84,16312,1.23,1.25
73.89,16320,1.43,1.18
73.94,16328,0.98,1.02
73.99,16337,1.17,1.09
74.04,16345,1.3,1.45
74.09,16353,1.36,1.3
74.14,16361,1.48,1.74
74.19,16370,1.33,1.3
74.24,16378,1.48,1.58
74.29,16386,1.49,1.34
74.34,16395,1.27,1.1
74.39,16403,1.13,1.61
74.44,16411,1.25,1.13
74.49,16420,1.58,1.24
74.54,16428,1.58,1.53
74.59,16436,1.46,1.27
74.64,16444,0.76,1.01
74.75,16463,1.59,1.24
74.8,16472,1.53,0.93
74.84,16479,1.68,1.83
74.89,16488,1.62,1.42
74.94,16496,1.53,1.19
74.99,16505,1.26,1.48
75.04,16514,1.46,1.38
75.09,16522,1.25,1.5
75.14,16531,1.32,1.71
75.19,16540,1.44,1.62
75.24,16548,1.61,1.71
75.29,16557,1.36,1.51
75.39,16574,1.32,1.48
75.49,16592,1.43,1.31
75.74,16635,1.56,1.75
75.79,16643,0.8,1.16
75.84,16652,0.93,1.27
75.89,16661,1.02,1.41
75.94,16669,1.13,1.8
75.99,16678,1.24,1.62
76.09,16695,1.2,1.51
76.19,16713,1.1,1.75
76.24,16721,0.79,1.03
76.29,16730,0.9,1.38
76.34,16739,1.01,1.13
76.39,16747,1.17,1.28
76.44,16756,1.07,1.51
76.49,16765,1.18,1.54
76.54,16773,1.48,1.72
76.59,16782,1.22,1.62
77.14,16877,1.26,1.62
77.19,16882,1.45,1.87
77.24,16888,1.26,1.9
77.29,16893,1.22,1.89
77.34,16899,1.16,1.72
77.39,16904,1.05,1.55
77.44,16910,1.19,1.65
77.49,16915,1.41,1.81
77.54,16920,1.16,1.76
77.59,16926,1.12,1.73
77.64,16931,1.2,1.83
77.69,16937,1.02,1.67
77.74,16942,1.12,1.74
77.79,16947,1.27,1.83
77.84,16953,1.13,1.57
77.89,16958,1.21,1.78
77.94,16964,1.14,1.9
77.99,16969,0.94,1.52
78.04,16975,0.97,1.55
78.09,16980,1.31,1.97
78.14,16985,1.13,1.88
78.19,16991,1.22,1.83
78.24,16996,1.02,1.71
78.29,17002,1.16,1.53
78.34,17007,1.14,1.48
78.39,17013,1.25,1.7
78.44,17019,1.12,1.8
78.49,17025,1.17,1.69
78.54,17031,0.98,1.96
78.59,17037,1.27,1.77
78.64,17043,1.18,1.84
78.69,17049,1.1,1.72
78.74,17055,1.13,1.71
78.79,17061,1.16,1.82
78.84,17067,0.98,1.52
78.89,17073,1.07,1.66
78.94,17079,0.96,1.73
78.99,17085,1.02,1.57
79.04,17091,1.29,1.81
79.09,17097,1.15,1.76
79.14,17103,1.36,1.81
79.19,17109,1.03,1.93
79.24,17115,1.22,1.68
79.34,17127,1.16,1.95
79.39,17133,1.22,2.03
79.44,17139,1.17,1.94
79.49,17145,1.15,1.76
79.54,17151,1.07,1.69
79.59,17157,1.22,1.88
79.64,17163,1.01,1.73
79.69,17169,1.04,1.78
79.74,17175,1.11,1.81
79.79,17181,0.99,1.7
79.84,17187,0.98,1.42
79.89,17193,1.11,1.74
79.94,17199,0.93,1.81
79.99,17205,1.25,1.98
80.04,17211,1.13,1.79
80.09,17217,1.14,1.83
80.14,17223,1.06,1.89
80.19,17229,1.39,2.34
80.24,17234,1.29,2.02
80.29,17240,1.1,2
80.34,17245,1.35,2.03
80.39,17251,1.16,1.89
80.44,17256,1.21,1.89
80.49,17261,1.16,2
80.54,17267,1.23,1.98
80.59,17272,1.3,1.91
80.64,17278,1.11,1.71
80.69,17283,1.33,2.41
80.74,17288,1.06,1.54
80.79,17294,1.16,1.89
80.84,17299,1.09,1.72
80.89,17305,0.91,1.51
80.94,17310,0.85,1.77
80.99,17316,1.18,1.89
81.04,17321,1.06,1.8
81.09,17326,0.97,1.5
81.14,17332,1.05,1.69
81.19,17337,0.89,1.23
81.24,17343,0.91,1.52
81.29,17348,0.85,1.44
81.34,17353,1.14,2.22
81.39,17363,0.8,1.82
81.44,17373,1.22,1.85
81.59,17403,1.48,2.01
81.64,17413,1.15,2.04
81.69,17423,1.01,1.87
81.74,17433,1.08,1.86
81.79,17443,0.95,1.52
81.84,17453,0.83,1.49
81.89,17460,0.64,1.58
82.09,17486,1.06,2.18
82.14,17493,0.73,1.6
82.19,17499,0.98,1.87
82.24,17506,0.94,2.02
82.29,17512,1.05,1.85
82.34,17519,0.85,1.91
82.39,17525,0.83,1.66
82.44,17532,0.79,1.81
82.49,17538,0.77,1.77
82.54,17545,0.78,1.51
82.59,17550,0.97,1.65
82.64,17554,0.64,1.53
82.69,17558,0.66,1.71
82.72,17561,0.76,1.42
82.79,17567,0.62,1.29
82.84,17571,0.72,1.47
82.89,17575,0.66,1.28
82.94,17579,0.89,2.18
82.97,17582,1.04,2.09
82.98,17583,0.84,0.98
83.03,17597,0.79,1.61
83.08,17612,0.98,1.9
83.13,17626,0.98,1.77
83.18,17641,1.22,2.01
83.24,17658,0.7,1.2
83.28,17664,0.92,1.52
83.33,17672,0.93,1.62
83.38,17680,1.11,2.06
83.43,17688,0.87,1.62
83.48,17696,0.95,1.84
83.53,17704,0.88,1.57
83.58,17712,1.07,2.3
83.63,17720,0.74,1.57
83.68,17728,0.98,1.86
83.74,17737,0.88,1.89
83.78,17744,0.86,1.63
83.83,17752,0.89,1.64
83.88,17760,0.94,1.75
83.93,17767,1,1.91
83.98,17775,0.79,1.39
84.03,17783,1.19,2.27
84.08,17790,1.04,2
84.13,17797,1,1.74
84.18,17805,0.93,1.79
84.23,17812,0.81,1.77
84.28,17819,1,1.8
84.33,17827,1.02,1.57
84.38,17833,0.93,1.69
84.43,17839,1.04,1.86
84.48,17845,1.13,2.06
84.53,17852,0.96,2.06
84.58,17858,0.77,1.86
84.63,17864,0.73,1.59
84.68,17871,1.06,2.2
84.73,17877,0.9,1.79
84.78,17884,0.88,1.96
84.83,17891,1.05,1.77
84.88,17897,0.89,1.98
84.93,17904,0.72,1.71
84.98,17911,0.79,1.87
85.03,17917,0.71,1.62
85.08,17924,0.79,1.91
85.13,17931,0.82,1.47
85.18,17937,0.7,1.59
85.23,17944,0.49,1.44
85.28,17948,0.58,1.47
85.33,17952,0.6,1.74
85.38,17957,0.73,1.54
85.43,17961,0.66,1.65
85.48,17965,0.76,1.66
85.53,17970,0.77,1.6
85.58,17974,0.89,1.88
85.63,17978,0.62,1.47
85.68,17982,0.67,1.86
85.73,17987,1.04,1.83
85.78,17991,0.62,1.93
85.83,17995,0.97,1.71
85.88,18000,1,1.97
85.93,18005,0.8,1.56
85.98,18011,0.82,1.7
86.03,18017,0.62,1.66
86.08,18023,0.5,1.82
86.13,18029,0.57,1.63
86.16,18033,0.6,1.63
86.18,18035,0.72,1.53
86.24,18042,0.67,1.96
86.27,18046,0.74,2
86.29,18048,0.52,1.78
86.33,18053,0.49,1.73
86.38,18059,0.47,1.75
86.43,18065,0.42,1.64
86.54,18078,0.42,1.47
86.59,18084,0.45,1.55
86.63,18089,0.41,1.42
86.68,18095,0.47,1.55
86.74,18102,0.56,1.64
86.79,18108,0.86,1.89
86.84,18114,0.99,1.62
86.89,18120,1.03,1.72
86.93,18124,0.93,2.1
86.98,18129,0.84,1.87
87.04,18135,0.9,1.68
87.09,18140,0.94,2.06
87.13,18144,0.74,1.86
87.18,18149,0.94,2.11
87.24,18155,0.77,1.77
87.29,18160,0.86,1.8
87.34,18165,0.94,1.55
87.39,18170,0.73,1.58
87.43,18174,0.66,1.55
87.48,18179,0.82,1.7
87.54,18185,0.75,1.59
87.59,18190,0.48,1.48
87.63,18194,0.78,1.56
87.68,18199,0.57,1.74
87.74,18205,0.9,1.55
87.79,18210,0.86,1.71
87.84,18215,0.75,1.62
87.89,18220,0.73,1.47
87.93,18224,0.65,1.69
87.98,18227,0.67,1.34
88.04,18231,0.94,1.75
88.09,18234,0.95,1.74
88.13,18237,1.04,1.5
88.18,18240,1.09,1.87
88.24,18243,1.01,1.48
88.3,18247,0.73,1.55
88.35,18250,0.98,1.72
88.4,18253,1.2,2.19
88.44,18256,0.81,1.75
88.49,18259,0.95,2
88.55,18262,0.79,1.66
88.6,18265,0.59,1.93
88.64,18272,1.03,1.8
88.69,18280,0.83,1.86
88.75,18289,0.79,1.69
88.8,18297,0.8,1.83
88.85,18305,0.73,1.59
88.9,18313,0.56,1.63
88.94,18319,0.52,1.61
88.99,18327,1.02,1.94
89.05,18332,0.69,1.88
89.1,18336,0.6,1.63
89.14,18339,0.69,1.61
89.19,18343,0.71,1.67
89.25,18348,0.64,1.61
89.3,18352,0.83,1.62
89.35,18356,0.8,2.05
89.4,18361,0.74,2.12
89.44,18364,0.76,1.71
89.49,18368,0.91,1.97
89.55,18372,0.71,1.89
89.6,18375,0.81,1.74
89.64,18378,0.8,1.74
89.68,18381,0.67,1.9
89.74,18385,0.72,1.86
89.79,18388,0.65,1.41
89.84,18392,0.88,1.79
89.89,18395,0.63,1.86
89.93,18398,0.58,1.82
89.98,18401,0.71,2
90.04,18405,0.61,1.63
90.13,18411,0.7,1.62
90.24,18419,0.59,1.45
90.29,18422,0.95,1.76
90.34,18426,0.65,1.62
90.39,18429,0.44,1.58
90.43,18432,0.38,1.66
90.48,18435,0.43,1.65
90.54,18438,0.8,1.81
90.59,18441,1.1,2.16
90.64,18444,1.03,1.98
90.69,18447,1.01,1.85
90.74,18450,0.91,1.9
90.84,18456,0.63,1.86
90.88,18464,0.91,1.8
90.93,18473,1.22,1.78
90.98,18483,0.96,1.87
91.03,18492,1.23,1.75
91.13,18502,1,1.58
91.18,18507,0.89,1.8
91.24,18512,0.64,1.83
91.34,18520,0.91,1.83
91.39,18524,0.83,1.93
91.43,18527,0.88,1.75
91.48,18531,0.86,1.65
91.54,18536,0.85,1.65
91.59,18540,1.05,1.73
91.63,18543,0.7,1.67
91.68,18547,0.59,1.81
91.74,18552,0.58,1.67
91.79,18559,1.07,1.91
91.84,18565,0.9,2.02
91.89,18571,1.19,2.09
91.93,18576,0.84,1.69
91.98,18582,0.82,1.84
92.04,18589,1.02,1.85
92.09,18595,0.6,1.99
92.13,18599,0.96,1.86
92.18,18603,0.92,1.96
92.24,18609,0.86,1.86
92.29,18613,0.81,2.07
92.35,18619,1.13,1.82
92.39,18622,0.93,1.74
92.43,18626,0.63,1.74
92.48,18630,0.69,1.66
92.5,18632,0.86,1.73
92.53,18635,0.64,1.77
92.58,18639,0.76,1.78
92.63,18644,0.62,1.53
92.68,18649,0.76,1.66
92.73,18653,0.49,1.96
92.83,18662,0.85,1.92
92.88,18667,0.58,1.6
92.93,18671,0.57,1.49
92.98,18676,1.09,1.96
93.03,18680,0.83,1.88
93.08,18685,1.14,1.95
93.13,18689,0.96,2.01
93.18,18694,0.83,1.61
93.24,18699,0.93,1.99
93.28,18703,0.8,1.6
93.33,18708,0.78,1.93
93.38,18712,0.62,1.1
93.43,18715,0.96,1.59
93.48,18718,0.97,1.77
93.53,18720,1.19,1.6
93.58,18723,0.75,1.65
93.63,18726,0.8,1.38
93.68,18729,1.09,1.82
93.74,18732,0.93,1.6
93.78,18734,1.18,1.96
93.83,18737,0.82,1.6
93.93,18743,0.7,1.38
93.98,18745,0.77,1.2
94.03,18748,0.99,1.6
94.08,18751,0.59,1.41
94.13,18755,0.64,1.66
94.18,18758,0.82,1.53
94.23,18762,1.28,1.98
94.28,18765,0.81,1.72
94.33,18769,1.15,1.98
94.38,18772,1.03,1.87
94.43,18776,0.84,1.82
94.48,18780,0.75,1.86
94.53,18783,0.64,1.87
94.63,18790,0.84,1.76
94.68,18794,0.79,1.71
94.73,18797,0.74,1.94
94.78,18801,0.81,2.01
94.83,18804,1.23,2.05
94.88,18808,1.16,1.87
94.93,18812,1.27,1.91
94.98,18815,0.88,1.81
95.03,18819,0.75,1.7
95.08,18822,0.87,1.93
95.13,18826,0.63,1.62
95.18,18829,0.59,1.47
95.23,18833,0.81,1.79
95.28,18836,1.02,2.18
95.33,18840,1.02,1.98
95.38,18843,0.68,1.68
95.43,18846,0.7,1.88
95.48,18850,0.78,1.85
95.53,18853,0.62,1.83
95.63,18860,0.54,1.83
95.68,18864,0.76,1.74
95.74,18868,0.59,1.56
95.78,18870,1,1.88
95.83,18881,0.88,1.59
95.88,18891,0.9,1.88
95.93,18902,0.9,2.16
95.98,18912,0.71,1.7
96.03,18917,0.75,2.01
96.08,18921,0.95,1.98
96.13,18925,0.79,1.87
96.18,18930,0.99,1.91
96.24,18935,0.97,2.07
96.28,18938,0.9,1.94
96.33,18942,1.17,1.81
96.38,18946,0.95,1.78
96.43,18949,0.84,1.51
96.48,18953,0.72,1.68
96.53,18957,0.92,1.59
96.58,18961,0.76,1.96
96.63,18965,0.85,2.09
96.68,18969,1.11,2.28
96.73,18973,0.85,2.09
96.78,18977,0.87,2.03
96.83,18981,0.72,1.87
96.88,18986,0.95,1.63
96.93,18990,1.09,1.96
96.98,18994,0.83,1.76
97.03,18999,1.03,1.68
97.08,19003,0.87,1.71
97.13,19007,0.98,2.32
97.18,19012,1.17,1.79
97.23,19016,1.14,1.94
97.28,19020,1.14,1.85
97.33,19024,1.1,1.78
97.38,19028,1.26,2.05
97.43,19032,1.13,1.83
97.48,19037,1.22,2.08
97.53,19041,1.1,1.82
97.63,19049,1.03,2.02
97.68,19058,1.03,1.99
97.73,19067,1.09,1.79
97.78,19075,1.05,2.04
97.83,19084,1.03,1.81
97.88,19093,1.18,1.99
97.93,19101,1.24,1.92
97.98,19110,0.76,1.78
98.03,19117,1.17,2.21
98.08,19124,1.18,2.19
98.13,19131,1.06,1.9
98.18,19138,1.12,1.89
98.23,19145,1.25,1.82
98.28,19152,1.18,1.96
98.32,19157,0.95,1.84
98.38,19166,,2.12
98.43,19170,1.02,1.89
98.59,19184,0.94,1.73
98.63,19188,0.77,1.5
98.68,19192,1.15,2.12
98.73,19197,0.64,1.79
98.78,19201,1,1.84
98.83,19206,0.86,1.89
98.88,19211,1.26,2.03
98.93,19215,0.85,1.92
98.98,19220,0.65,1.85
99.04,19226,0.87,1.91
99.09,19231,0.87,1.6
99.13,19234,0.81,1.79
99.18,19239,0.7,1.72
99.23,19244,0.54,2.06
99.28,19250,0.88,1.92
99.48,19272,0.58,1.48
99.57,19277,0.77,1.92
99.93,19298,1.02,1.9
100.13,19309,1.14,1.97
100.18,19312,1.32,2.15
100.23,19315,1.12,2.28
100.28,19318,1.3,2.36
100.33,19321,1.19,2.05
100.43,19327,,2.03
100.53,19335,1.04,2.1
100.58,19338,0.93,2
100.63,19342,1.31,1.98
100.68,19346,0.83,2.17
100.78,19354,0.98,2.13
100.83,19358,1.43,2.1
100.88,19362,1.28,2.39
100.93,19365,1.27,2.25
100.98,19368,1,2
101.03,19371,0.93,2.19
101.07,19373,1.04,2.07
101.13,19376,0.76,2.12
101.18,19379,0.86,1.96
101.22,19382,0.95,2.11
101.28,19385,0.71,2.53
101.33,19388,0.48,1.48
101.38,19392,0.84,1.58
101.43,19396,0.81,1.8
101.48,19400,0.57,1.73
101.53,19404,0.74,1.8
101.58,19408,0.63,1.75
101.63,19412,0.86,2.15
101.68,19416,0.91,2
101.74,19421,0.85,2.08
101.79,19425,0.81,1.77
101.83,19428,0.68,1.78
101.88,19434,0.76,2.12
102.03,19451,1.01,2.04
102.08,19457,1.11,2.24
102.13,19463,0.52,1.94
102.19,19470,0.91,2.21
102.24,19476,0.8,2.17
102.29,19481,0.74,2.2
102.33,19486,1.06,2.11
102.48,19503,0.71,1.92
102.59,19516,0.58,1.65
102.63,19521,0.51,1.86
102.68,19527,0.59,1.74
102.73,19533,0.57,1.86
102.78,19538,0.48,1.82
102.93,19556,0.29,1.48
103.03,19568,0.54,1.76
103.08,19574,0.7,2.11
103.13,19579,0.68,1.69
103.18,19585,1.02,1.8
103.28,19597,0.62,1.86
103.33,19603,0.7,1.62
103.38,19609,0.87,1.72
103.43,19615,0.78,1.89
103.48,19620,0.69,1.7
103.53,19626,0.57,1.69
103.59,19633,0.21,1.65
103.63,19636,0.73,1.77
103.68,19641,0.77,1.41
103.73,19645,0.77,1.34
103.78,19649,0.95,1.75
103.83,19653,0.47,1.25
103.88,19657,0.52,1.27
103.93,19661,0.87,1.95
103.98,19665,0.56,1.67
104.03,19669,0.77,1.81
104.09,19673,0.83,1.93
104.13,19676,0.83,2.05
104.18,19680,1.01,2.03
104.23,19684,1.11,2.31
104.29,19688,0.91,2.19
104.33,19691,0.97,2.27
104.43,19698,1.16,2.28
104.48,19702,0.99,2.12
104.53,19706,0.83,1.81
104.59,19710,0.89,1.8
104.63,19713,0.91,2.08
104.68,19717,0.8,1.94
104.73,19721,0.8,1.68
104.78,19724,0.76,1.82
104.83,19728,0.87,2.12
104.88,19732,0.83,2.14
104.93,19736,0.85,2.07
104.98,19741,0.76,2.05
105.03,19746,0.97,2.01
105.09,19751,0.8,1.98
105.13,19755,0.84,1.89
105.18,19759,0.75,1.68
105.23,19764,0.7,1.76
105.28,19769,0.84,1.67
105.33,19773,0.75,1.98
105.38,19778,0.88,1.86
105.43,19782,0.82,1.94
105.48,19787,0.9,1.97
105.53,19792,0.58,1.64
105.59,19797,0.09,1.34
105.63,19800,0.39,1.62
105.73,19807,0.34,1.58
105.78,19811,0.5,1.64
105.83,19814,0.49,1.74
105.88,19818,1.01,1.95
105.93,19821,0.91,1.88
106.03,19828,0.75,1.75
106.09,19832,0.67,1.64
106.13,19835,0.51,1.71
106.18,19839,0.77,1.73
106.28,19846,0.77,1.8
106.33,19850,0.91,2.05
106.38,19853,0.94,2.05
106.43,19860,0.82,1.68
106.48,19867,0.9,1.66
106.53,19874,0.41,1.79
106.59,19883,0.96,1.68
106.63,19888,0.69,1.59
106.68,19896,0.81,1.72
106.73,19903,0.57,1.9
106.78,19910,0.55,1.46
106.83,19917,0.36,1.36
106.88,19920,0.54,1.65
106.93,19924,0.62,1.73
106.98,19928,0.35,1.83
107.03,19931,0.78,1.71
107.08,19935,0.37,1.94
107.13,19939,0.75,2.08
107.18,19942,0.5,1.87
107.23,19946,0.55,1.83
107.28,19950,0.51,2
107.33,19953,0.52,1.94
107.38,19957,0.39,1.77
107.43,19961,0.26,1.74
107.48,19964,0.63,1.78
107.53,19968,0.52,1.73
107.63,19975,0.56,1.9
107.68,19979,0.44,1.71
107.73,19982,0.51,1.87
107.78,19986,0.54,1.57
107.83,19990,0.34,1.73
107.88,19993,-0.14,1.29
107.93,19997,0.39,1.22
107.98,20002,0.09,1.84
107.99,20003,0.52,1.8
108.04,20008,0.31,1.9
108.09,20013,0.55,1.85
108.13,20017,0.25,1.7
108.18,20022,0.4,1.44
108.24,20028,0.12,1.58
108.29,20033,-0.35,1.28
108.34,20038,0.77,1.57
108.39,20044,0.92,1.49
108.43,20048,0.76,1.4
108.48,20053,0.53,1.25
108.54,20059,0.86,1.48
108.59,20064,0.64,1.33
108.63,20068,0.4,1.44
108.68,20073,0.46,1.74
108.73,20078,-0.11,0.93
108.79,20081,0.84,1.82
108.84,20084,0.79,1.53
108.89,20087,0.63,1.65
108.93,20090,0.83,1.64
108.99,20093,0.62,1.81
109.04,20096,0.52,1.69
109.08,20099,0.47,2.12
109.13,20101,0.77,1.57
109.18,20104,0.69,1.79
109.23,20107,0.73,1.99
109.28,20110,0.52,1.61
109.34,20114,0.82,2
109.39,20117,0.04,1.19
109.49,20126,0.28,1.63
109.54,20131,0.43,1.47
109.58,20134,0.86,1.56
109.63,20139,0.67,1.48
109.68,20143,0.52,1.41
109.73,20148,0.46,1.21
109.78,20152,0.56,1.23
109.84,20158,0.73,1.04
109.89,20162,0.6,1.59
109.93,20165,0.46,1.49
109.98,20168,0.46,1.6
110.08,20176,0.67,2.07
110.13,20179,0.85,1.91
110.18,20183,0.76,1.97
110.23,20187,0.85,1.78
110.29,20191,0.96,1.98
110.35,20196,0.8,1.74
110.39,20199,0.66,1.86
110.43,20202,0.63,1.75
110.49,20206,0.62,1.82
110.54,20210,0.75,1.73
110.59,20214,0.75,2.02
110.63,20217,0.85,2.07
110.69,20227,0.56,1.73
110.74,20236,0.5,1.8
110.79,20245,0.63,1.73
110.84,20254,0.86,1.9
110.89,20262,0.84,1.85
110.93,20269,0.87,1.61
110.99,20280,0.77,1.56
111.04,20285,0.7,1.6
111.09,20290,0.5,1.65
111.13,20294,0.6,1.66
111.18,20299,0.9,1.78
111.29,20310,0.39,1.59
111.34,20315,0.9,1.75
111.38,20320,0.76,1.59
111.43,20325,0.81,1.6
111.48,20330,0.59,1.89
111.54,20336,0.81,1.9
111.58,20339,0.51,1.77
111.59,20340,0.48,1.74
111.68,20346,0.72,1.67
111.73,20350,0.64,1.67
111.78,20353,0.57,1.57
111.83,20357,0.55,1.72
111.88,20361,0.52,1.31
111.93,20368,0.46,1.82
112.03,20382,0.66,2.07
112.09,20391,0.22,1.29
112.13,20397,0.2,1.06
112.18,20404,0.59,1.26
112.23,20410,0.63,1.43
112.28,20417,0.74,2.1
112.33,20425,0.54,1.56
112.38,20433,0.31,1.52
112.43,20440,0.5,1.43
112.53,20456,0.67,1.67
112.59,20465,0.89,1.68
112.63,20472,0.67,1.77
112.68,20480,0.6,1.52
112.73,20487,0.32,1.24
112.78,20495,0.87,1.74
112.83,20503,0.66,1.64
112.88,20511,1.02,1.63
112.93,20519,0.23,1.26
112.98,20525,0.93,1.74
113.03,20532,0.75,1.73
113.09,20539,0.86,2.19
113.13,20544,0.42,1.56
113.18,20551,0.89,2.05
113.23,20557,0.86,2.07
113.29,20565,0.96,1.58
113.33,20570,1.11,2.01
113.38,20576,1.1,1.87
113.43,20583,1.09,1.57
113.48,20589,0.63,1.77
113.58,20602,0.13,0.95
113.63,20607,0.7,1.98
113.68,20612,0.47,1.22
113.73,20617,0.41,1.79
113.78,20622,0.25,1.26
113.83,20627,0.81,1.72
113.88,20633,0.9,1.79
113.93,20638,0.92,2.15
114.03,20648,1.02,1.94
114.09,20655,1.1,2.09
114.13,20660,1.12,2.12
114.18,20667,1.16,2.18
114.23,20673,1.01,2.1
114.28,20679,0.99,2.16
114.38,20692,1.02,2.17
114.48,20705,0.74,1.88
114.6,20720,0.27,0.92
114.68,20730,0.63,1.81
114.73,20736,0.76,2.11
114.78,20743,0.58,1.88
114.83,20749,0.94,2.03
114.88,20755,0.66,1.89
114.93,20762,0.66,1.7
114.98,20768,0.55,1.46
115,20771,0.79,1.93
115.03,20775,0.78,1.66
115.08,20783,0.82,1.72
115.13,20790,0.69,1.44
115.19,20799,0.73,1.34
115.23,20805,0.55,1.04
115.29,20814,0.31,1.44
115.33,20820,0.7,1.71
115.38,20827,0.27,1.44
115.43,20835,0.87,1.35
115.49,20843,0.94,1.66
115.54,20851,0.33,0.85
115.58,20856,0.6,1.72
115.69,20869,0.37,1.67
115.79,20881,0.68,1.94
115.88,20892,0.25,1.71
115.94,20899,0.43,1.99
115.99,20905,0.59,2.56
116.04,20911,0.88,1.89
116.08,20915,0.53,1.78
116.13,20921,0.39,1.52
116.18,20926,0.58,1.9
116.34,20944,0.61,2.12
116.39,20949,1.18,2.7
116.44,20955,0.93,1.72
116.54,20966,0.54,1.61
116.63,20988,0.9,1.67
116.69,21001,0.38,1.47
116.74,21011,0.61,1.94
116.78,21019,0.78,1.96
116.84,21032,1.23,2.9
116.89,21041,0.76,1.97
116.94,21050,0.44,2.3
116.98,21058,0.86,1.72
117.13,21086,0.91,2.11
117.24,21106,1.57,3
117.34,21116,1.06,2.06
117.44,21125,0.79,1.85
117.54,21135,1.42,2.01
117.58,21139,0.68,1.91
117.63,21144,0.7,1.83
117.69,21149,0.74,1.92
117.79,21159,0.98,1.64
117.89,21169,0.77,1.26
117.94,21173,1.04,2.15
118.29,21203,0.48,1.19
118.34,21208,1.12,2.72
118.39,21213,0.55,1.94
118.48,21221,0.53,1.66
118.59,21232,0.9,2.07
118.64,21237,0.86,1.8
118.69,21242,0.91,1.78
118.73,21246,0.48,1.33
119.84,21357,0.57,2.1
119.89,21362,0.16,1.96
119.94,21367,0.17,1.38
119.99,21373,0.65,1.92
120.04,21379,0.63,1.93
120.08,21383,0.68,2.04
120.13,21389,1.24,2.47
120.19,21396,0.65,2.01
120.24,21402,0.65,1.68
120.29,21408,0.83,2.1
120.34,21414,0.93,1.9
120.44,21425,1.1,1.86
120.49,21430,0.76,1.38
120.54,21434,0.96,1.48
120.58,21438,0.72,1.63
120.68,21446,0.63,1.62
120.73,21451,0.54,1.81
120.79,21456,0.72,1.6
120.88,21464,0.79,1.82
120.93,21468,0.61,1.7
120.98,21473,0.49,1.39
121.08,21482,0.58,1.72
121.18,21490,0.13,1.16
121.29,21500,0.5,1.52
121.48,21517,1.16,1.41
121.53,21521,0.75,1.51
121.58,21526,0.71,1.31
121.63,21530,0.03,1.32
121.68,21535,0.98,1.44
121.73,21539,0.7,1.89
121.88,21554,0.66,1.74
121.93,21559,0.5,1.81
121.98,21563,0.49,1.53
122.03,21568,0.41,1.85
122.08,21573,0.63,1.89
122.13,21578,0.51,2
122.18,21582,0.81,2.01
122.23,21587,0.19,1.88
122.29,21593,0.45,1.84
122.34,21598,0.31,1.71
122.38,21601,0.63,1.65
122.43,21606,0.29,1.6
122.46,21609,0.47,1.5
122.53,21616,0.7,1.73
122.58,21619,0.53,1.61
122.63,21623,0.39,1.73
122.68,21627,0.47,1.48
122.73,21630,0.3,1.59
122.79,21635,0.25,1.13
122.83,21638,0.51,1.32
122.88,21641,0.61,1.29
122.93,21645,0.33,1.15
122.98,21650,0.79,2.24
123.03,21656,0.36,1.92
123.08,21661,0.47,1.99
123.13,21666,0.61,2.04
123.48,21704,0.81,1.5
123.53,21709,0.63,1.51
123.58,21714,0.65,1.19
123.63,21720,0.42,1.3
123.68,21725,0.96,1.46
123.73,21730,0.6,1.36
123.88,21744,0.26,0.75
123.93,21748,0.89,1.74
123.98,21753,0.32,1.02
124.08,21761,0.8,1.19
124.13,21765,0.52,1.31
124.33,21782,0.77,1.38
124.38,21786,0.95,1.69
124.43,21790,0.61,1.53
124.48,21795,1.35,1.9
124.53,21799,1.22,1.53
124.58,21803,1.24,1.71
125.48,21879,1.42,1.83
125.53,21883,1.25,1.67
125.63,21892,0.93,1.79
125.68,21896,0.97,1.74
125.74,21901,1.06,1.9
125.89,21913,1.67,1.67
125.94,21918,0.99,1.68
125.99,21922,0.83,1.57
126.09,21930,0.79,1.65
126.14,21934,0.8,1.99
126.19,21938,1.54,1.9
126.24,21941,0.95,2
126.29,21945,1.13,2.02
126.34,21949,0.84,1.98
126.39,21953,1.36,1.92
126.44,21956,1.27,1.85
126.49,21960,0.9,1.77
126.53,21963,0.72,1.67
126.59,21968,1.26,1.59
126.63,21971,1.02,1.92
126.69,21975,0.75,1.7
126.74,21979,0.95,1.82
126.85,21987,1.04,1.82
126.89,21990,1.5,1.71
126.94,21994,1.21,1.59
127.04,22002,0.47,1.47
127.09,22006,0.43,1.42
127.13,22011,1.36,1.77
127.24,22023,0.86,1.7
127.29,22028,0.97,1.85
127.34,22033,1.43,1.81
127.44,22044,0.58,1.7
127.54,22058,1.38,1.86
127.79,22093,0.46,1.68
127.93,22109,0.61,1.53
128.04,22122,0.47,1.61
128.09,22127,1.3,1.7
128.13,22132,0.53,1.58
128.24,22140,0.81,1.34
128.29,22144,1.31,1.84
128.35,22149,1.04,1.29
128.39,22152,1.12,1.44
129.14,22208,1.1,1.58
129.24,22215,1.34,1.89
129.34,22223,1.95,1.89
129.39,22226,1.28,1.98
129.6,22242,1.63,2.07
129.63,22244,1.78,2
129.69,22249,1.51,2.06
129.74,22253,1.41,1.66
129.8,22257,1.67,2.07
129.83,22259,1.29,1.92
129.89,22264,1.36,2.16
129.94,22268,1.14,1.97
129.99,22271,1.51,1.92
130.04,22275,1.4,1.7
130.09,22279,1.59,2.03
130.13,22282,1.35,1.91
130.19,22286,1.48,1.75
130.24,22290,1.29,1.71
130.29,22294,1.52,2.11
130.34,22298,1.04,2.01
130.39,22301,1.3,2.08
130.44,22305,1.04,1.58
130.49,22309,0.75,1.78
130.54,22313,1.35,2.05
130.59,22316,1.57,1.9
130.63,22319,1.36,1.76
130.69,22324,1.11,1.77
130.74,22328,0.92,1.4
130.79,22334,1.06,1.93
130.84,22340,1.63,1.9
130.89,22346,1.2,2.14
130.94,22352,1.45,1.94
130.99,22359,0.99,2.08
131.04,22365,1.11,1.89
131.09,22371,1.21,1.89
131.13,22376,1.3,1.42
131.18,22380,1.38,1.86
131.24,22385,1.31,1.46
131.29,22389,1.42,1.54
131.33,22392,1.07,1.43
131.38,22396,1.11,1.68
131.48,22404,1.07,1.96
131.53,22408,1.45,1.87
131.58,22412,1.13,1.5
131.64,22417,1.18,1.24
131.69,22420,1.25,1.61
131.79,22426,1.18,1.87
131.84,22428,1.34,1.73
131.89,22431,1.28,1.73
131.94,22434,1.3,1.78
131.99,22437,1.26,2.04
132.04,22440,1.41,1.92
132.14,22445,1.16,2.05
132.19,22448,1.42,2.06
132.24,22451,1.18,1.61
132.29,22454,1.49,1.89
132.34,22457,1.42,1.8
132.39,22459,1.32,1.95
132.44,22462,1.46,1.88
132.49,22465,1.18,2.15
132.54,22468,1.55,1.67
132.59,22471,1.36,2.17
132.64,22473,0.98,1.79
132.69,22476,1.24,1.92
132.79,22482,1.3,1.87
132.84,22485,1.3,1.5
132.89,22488,1.07,1.37
132.94,22490,1.23,1.24
132.99,22493,0.88,1.08
133.04,22497,1.24,1.49
133.09,22501,1.25,1.93
133.14,22505,1.04,1.66
133.19,22509,1.35,1.75
133.24,22513,1.32,1.43
133.29,22516,1.04,1.62
133.34,22520,1.53,1.61
133.39,22524,1.64,1.89
133.44,22528,1.65,1.61
133.49,22532,1.14,1.4
133.54,22535,1.43,2.09
133.59,22538,1.05,2.09
133.64,22541,1.19,2.16
133.69,22543,1.38,2.24
133.74,22546,0.99,2.14
133.79,22549,1.26,1.63
133.84,22552,1.05,2.26
133.89,22555,1.22,2.36
133.94,22557,1.05,2.17
133.99,22560,1.13,2.14
134.04,22562,1.44,2.09
134.09,22565,1.46,2.04
134.14,22567,1.38,1.97
134.19,22570,1.47,2.08
134.24,22572,1.46,2.04
134.29,22575,1.46,2.23
134.34,22577,1.41,1.89
134.39,22580,1.28,2.02
134.44,22582,1.21,1.94
134.49,22585,1.14,1.9
134.54,22587,1.02,1.93
134.58,22589,1.07,1.91
134.63,22592,1.01,1.7
134.68,22594,1.18,1.89
134.73,22597,1.22,2.1
134.78,22599,1.31,2.01
134.83,22602,1.32,1.95
134.89,22605,1.4,2.12
134.94,22607,1.29,1.59
134.99,22610,1.35,1.64
135.04,22613,1.14,1.61
135.09,22615,1.09,1.72
135.13,22617,1,1.68
135.24,22623,1.12,1.71
135.29,22626,1.28,2.01
135.33,22628,1.36,1.81
135.38,22630,1.4,1.89
135.44,22634,1.25,1.86
135.49,22636,1.02,1.87
135.54,22639,0.92,1.57
135.59,22641,1.22,2.08
135.63,22643,1.19,1.59
135.69,22647,1.17,2.02
135.74,22649,1.27,1.5
135.79,22653,1.21,1.6
135.84,22656,1.2,1.63
135.89,22660,1.18,1.74
135.94,22663,1.4,1.56
135.99,22667,1.17,1.88
136.04,22670,1.21,1.67
136.09,22674,1.19,1.85
136.13,22677,1.01,1.83
136.19,22681,0.92,2.07
136.23,22684,1.61,1.92
136.29,22688,1.14,2.06
136.33,22691,1.16,1.73
136.44,22698,1.14,1.48
136.49,22701,1.24,1.56
136.54,22704,1.25,1.67
136.59,22706,0.92,1.74
136.63,22708,1.11,1.91
136.69,22712,1.06,1.77
136.74,22714,0.72,1.65
136.79,22717,0.8,1.88
136.84,22719,1.06,1.78
136.89,22722,0.8,1.83
136.94,22725,1.26,1.7
136.99,22727,1.08,1.67
137.04,22730,1.12,1.7
137.09,22733,0.87,1.72
137.13,22735,1.07,1.48
137.19,22739,1.33,1.93
137.24,22742,1.32,1.88
137.29,22745,0.65,1.94
137.34,22748,0.93,1.92
137.39,22751,0.96,1.89
137.44,22755,1.09,1.82
137.49,22758,1.14,2.19
137.54,22761,1.02,1.98
137.59,22764,1.14,2.13
137.63,22767,1.17,1.95
137.68,22770,1.2,2.01
137.74,22773,1.06,1.98
137.79,22775,1.16,1.68
137.83,22777,1.01,1.56
137.88,22779,0.93,1.46
137.94,22782,1.07,1.7
137.99,22784,0.83,1.53
138.04,22787,0.73,1.64
138.09,22789,0.79,1.63
138.13,22791,1.04,1.72
138.18,22793,0.57,1.52
138.24,22795,1.32,1.95
138.29,22798,1.11,1.61
138.34,22800,1.18,1.75
138.39,22802,1.22,1.72
138.44,22804,1.33,1.74
138.49,22807,1.04,1.85
138.54,22809,1.04,1.88
138.64,22813,0.58,1.62
138.69,22815,0.75,1.52
138.74,22822,1.26,1.72
138.79,22828,0.77,2.19
138.84,22835,1.15,1.81
138.89,22841,1.29,2.01
138.94,22848,1.13,1.66
138.99,22854,1.35,1.93
139.04,22860,1.2,1.91
139.09,22867,1.01,1.61
139.13,22868,1.18,1.94
139.18,22871,1.06,1.88
139.24,22873,1.05,2.07
139.29,22875,1.11,1.93
139.33,22877,1.04,1.85
139.38,22879,0.85,1.77
139.44,22882,0.79,1.71
139.49,22884,0.84,1.73
139.54,22886,0.64,1.66
139.59,22888,1.13,1.7
139.63,22890,1.13,1.56
139.68,22892,1.37,1.65
139.74,22894,1.1,1.77
139.8,22897,1.3,1.36
139.89,22901,0.97,1.25
139.94,22903,1.35,1.43
139.98,22904,1.53,1.72
140.07,22908,1.25,1.83
140.15,22912,1.12,1.78
140.2,22914,1.47,2.11
140.3,22918,1.03,2.44
140.4,22924,1.54,2.05
140.45,22928,1.66,2.06
140.5,22931,1.06,1.81
140.55,22934,1.17,2.28
140.6,22937,1.19,1.89
140.65,22940,1.48,2.03
140.7,22944,1.5,2.25
140.75,22947,1.58,2.31
140.8,22950,1.54,2.32
140.85,22953,1.48,2.15
140.9,22956,1.5,2.26
140.95,22960,1.6,2.22
141,22963,1.24,2.17
141.05,22966,1.33,1.92
141.1,22969,1.49,1.97
141.15,22972,1.5,1.97
141.2,22976,1.41,1.89
141.25,22979,1.53,1.96
141.35,22985,1.3,2.19
141.4,22988,1.53,1.93
141.45,22991,1.47,2.1
141.5,22995,1.38,2.08
141.55,22998,1.25,2.03
141.6,23001,1.34,1.99
141.65,23004,1.13,1.94
141.7,23007,1.47,1.92
141.75,23011,1.43,1.85
141.8,23014,1,1.71
141.95,23023,0.91,1.83
142,23027,1.39,2.1
142.05,23030,1.33,2.3
142.1,23033,1.33,2.26
142.2,23039,1.35,2.6
142.3,23046,0.78,1.8
142.35,23050,1.5,2.39
142.4,23053,1.26,2.21
142.45,23056,1.25,1.97
142.5,23060,1.03,1.87
142.55,23063,1.4,2.19
142.6,23066,1.45,2.06
142.65,23070,0.99,1.8
142.7,23073,1.34,2.43
142.75,23076,1.79,2.17
142.8,23080,1.25,2.09
142.9,23086,1.13,2.34
142.95,23090,1.22,2.59
143,23093,1.29,2.42
143.05,23096,1.13,2.62
143.1,23100,1.14,2.17
143.15,23103,1.07,2.57
143.2,23106,1.08,2.21
143.25,23110,1.17,2.21
143.3,23113,1.16,2.22
143.35,23116,1.36,2.56
143.4,23120,1.02,2.28
143.45,23123,1.51,2.47
143.5,23125,1.34,2.07
143.6,23130,0.88,1.86
143.65,23132,1.46,1.62
143.75,23137,0.62,1.75
143.8,23139,0.96,1.91
143.85,23142,1.33,2.21
143.9,23144,1.03,2.05
143.95,23146,0.68,1.91
144,23149,0.64,1.9
144.05,23151,1.07,2.05
144.15,23156,1.17,1.92
144.2,23158,0.93,1.66
144.25,23160,1.11,2.02
144.3,23163,0.94,1.76
144.4,23167,0.63,1.73
144.45,23170,0.77,2.07
144.55,23174,0.96,1.45
144.6,23177,1.23,1.8
144.65,23179,0.94,1.61
144.75,23184,0.87,1.68
144.8,23186,0.83,1.64
144.85,23188,0.88,1.54
144.9,23190,0.7,1.7
144.95,23193,1.22,1.38
145,23195,0.78,1.78
145.05,23197,0.99,1.3
145.1,23200,1.47,2.11
145.15,23202,1.08,2.26
145.2,23204,1.12,2.08
145.25,23207,1.06,1.84
145.3,23209,0.89,1.55
145.35,23211,1.03,1.92
145.45,23216,1.22,1.86
145.48,23217,1.15,1.87
145.56,23221,0.63,1.75
145.6,23223,1.11,1.95
145.64,23225,0.66,1.73
145.69,23227,1.23,1.86
145.74,23230,0.67,1.62
145.78,23231,0.78,1.7
145.84,23234,0.92,1.58
145.89,23236,0.72,1.41
145.94,23239,0.76,1.52
145.98,23241,0.7,1.4
146.03,23243,0.85,1.67
146.08,23245,0.57,1.36
146.13,23248,0.67,1.68
146.18,23250,0.63,1.88
146.23,23252,0.36,1.68
146.28,23255,0.93,1.37
146.38,23259,0.41,1.5
146.43,23262,0.53,1.24
146.48,23265,0.65,1.38
146.53,23268,0.88,1.32
146.58,23271,0.66,1.54
146.63,23275,0.63,1.71
146.68,23278,0.51,1.09
146.73,23281,0.56,1.53
146.78,23284,0.72,1.83
146.83,23288,0.61,1.6
146.88,23291,0.74,1.7
146.93,23294,0.47,1.48
146.98,23297,0.63,1.43
147.03,23301,0.83,1.62
147.08,23304,0.71,1.65
147.13,23307,0.73,1.67
147.18,23310,0.81,1.4
147.23,23314,0.73,1.67
147.28,23317,0.78,1.55
147.33,23320,0.85,1.78
147.38,23323,0.74,1.74
147.43,23325,0.61,1.3
147.48,23328,0.94,1.54
147.53,23330,0.73,1.46
147.58,23333,0.8,1.57
147.63,23335,0.82,1.36
147.68,23338,0.7,1.67
147.73,23341,0.46,1.39
147.78,23343,0.64,1.52
147.83,23346,0.8,1.6
147.88,23348,0.52,1.52
147.93,23351,0.92,1.75
147.98,23353,0.7,1.71
148.03,23356,0.85,1.49
148.08,23358,0.57,1.49
148.13,23361,0.63,1.47
148.18,23363,0.46,1.52
148.23,23366,0.99,1.39
148.28,23369,0.79,1.38
148.33,23371,0.79,1.39
148.38,23374,0.84,1.39
148.43,23376,0.65,1.27
148.48,23379,0.75,1.15
148.53,23382,0.56,1.21
148.58,23385,0.96,1.9
148.63,23388,1,1.92
148.68,23391,0.91,1.76
148.73,23394,1.1,1.91
148.78,23397,1.02,1.64
148.83,23400,1.06,1.71
148.88,23403,1.05,1.94
148.93,23406,1.17,1.71
148.98,23409,1.05,1.59
149.03,23412,1.14,1.49
149.08,23416,0.79,1.25
149.13,23419,1.03,1.37
149.18,23422,0.75,1.07
149.23,23424,1.15,1.8
149.33,23430,1.2,1.61
149.43,23436,1.1,1.69
149.48,23439,1.02,1.73
149.53,23442,1.21,1.75
149.58,23445,1.1,1.82
149.63,23448,0.69,1.47
149.68,23450,1.24,1.89
149.73,23453,0.96,1.75
149.78,23456,1.2,1.88
149.83,23459,1.14,1.58
149.88,23462,1.08,1.55
149.93,23465,0.93,1.29
149.98,23468,0.93,1.14
150.03,23470,1,1.26
150.08,23473,0.96,1.81
150.13,23476,1.12,1.3
150.18,23479,1.07,1.69
150.23,23481,1.12,1.58
150.28,23484,1.02,1.63
150.33,23487,1,1.46
150.38,23490,0.77,1.29
150.43,23492,1.13,1.48
150.48,23495,1.02,1.63
150.55,23499,1.05,1.35
150.59,23501,1.38,1.36
150.64,23504,0.97,1.42
150.69,23507,1.39,1.54
150.74,23509,1.13,1.65
150.79,23512,1.2,1.67
150.84,23515,1.07,1.84
150.89,23518,1.06,1.83
150.94,23520,0.92,1.85
150.99,23523,1.29,1.81
151.04,23526,1.09,1.93
151.09,23528,1.25,2.03
151.19,23534,0.71,1.35
151.24,23537,0.94,1.37
151.34,23542,0.91,1.23
151.39,23545,0.99,1.78
151.44,23547,1.13,1.67
151.49,23550,0.81,1.91
151.54,23552,0.86,1.68
151.59,23554,1,1.88
151.64,23557,0.83,1.81
151.69,23559,1.04,1.72
151.74,23562,1.1,1.9
151.79,23564,1.16,1.91
151.89,23569,1,1.73
151.94,23572,1.06,1.64
151.99,23574,0.97,1.51
152.09,23579,0.86,1.71
152.14,23582,0.99,1.39
152.19,23585,1.24,1.71
152.29,23591,1.14,1.91
152.34,23595,0.74,1.83
152.39,23598,1.26,1.83
152.44,23601,1.15,1.61
152.49,23604,1.22,1.8
152.54,23608,1.01,1.68
152.59,23611,1.07,1.73
152.64,23614,0.82,1.35
152.69,23617,0.79,1.42
152.74,23620,1,1.37
152.79,23624,1,1.48
152.84,23628,0.78,1.38
152.89,23632,0.86,1.76
152.94,23636,0.86,1.56
152.99,23640,1.01,1.84
153.04,23644,0.76,1.46
153.09,23648,0.81,1.65
153.14,23651,0.79,1.35
153.19,23655,0.72,1.38
153.24,23659,0.62,1.1
153.29,23663,1.04,1.15
153.39,23670,0.99,1.78
153.44,23674,0.57,1.13
153.49,23678,0.58,1.66
153.54,23682,0.58,1.58
153.59,23685,0.49,1.5
153.64,23689,0.63,1.25
153.69,23693,0.56,1.48
153.74,23697,0.74,1.37
153.79,23700,0.51,1.42
153.84,23704,0.61,1.34
153.89,23708,0.67,1.59
153.94,23712,0.55,1.38
153.99,23715,0.47,1.53
154.04,23719,0.41,1.33
154.09,23723,0.71,1.56
154.14,23726,0.4,1.19
154.19,23730,0.35,1.21
154.24,23734,0.41,1.02
154.29,23738,0.17,0.84
154.34,23741,0.54,1.05
154.39,23745,0.28,1.24
154.44,23748,0.52,1.49
154.49,23752,0.64,1.41
154.54,23755,0.16,1.04
154.59,23759,0.51,1.33
154.64,23762,0.51,1.31
154.69,23766,0.19,1.25
154.74,23769,0.44,1.19
154.79,23773,0.73,1.31
154.84,23776,0.3,1.01
154.89,23780,0.73,1.73
154.94,23783,0.79,1.49
154.99,23786,0.64,1.65
155.04,23789,0.63,1.45
155.09,23792,0.82,1.83
155.14,23795,0.7,1.61
155.19,23798,0.76,1.71
155.24,23801,0.64,1.27
155.29,23805,0.7,1.46
155.34,23808,0.67,1.25
155.39,23811,0.7,1.4
155.44,23814,0.44,1.13
155.49,23817,0.39,1.2
155.54,23820,0.55,1.08
155.59,23823,0.63,1.38
155.64,23826,0.67,1.2
155.69,23829,0.48,1.59
155.74,23832,0.45,1.32
155.79,23835,0.66,1.26
155.84,23838,0.67,1.55
155.89,23841,0.93,1.62
155.94,23844,0.7,1.3
155.99,23847,0.89,1.66
156.04,23850,0.99,1.31
156.09,23853,0.81,1.14
156.14,23856,0.52,1.6
156.19,23859,0.82,1.3
156.24,23862,0.85,1.39
156.34,23868,0.83,1.59
156.39,23871,0.78,1.59
156.44,23874,0.76,1.47
156.49,23877,0.94,1.68
156.54,23880,0.88,1.47
156.59,23883,1.01,1.45
156.64,23886,0.96,1.33
156.69,23889,0.66,1.48
156.74,23892,0.89,1.23
156.84,23897,0.42,1.13
156.89,23900,0.8,1.66
156.94,23902,0.68,1.4
156.99,23904,1.11,1.51
157.04,23907,0.8,1.72
157.09,23909,0.92,1.79
157.14,23912,0.86,1.65
157.19,23914,0.94,1.87
157.24,23916,0.91,1.36
157.29,23919,1,1.62
157.34,23921,0.94,1.54
157.39,23923,0.87,1.69
157.44,23926,0.82,1.35
157.49,23928,0.82,1.63
157.54,23931,0.78,1.72
157.59,23933,0.95,1.86
157.64,23935,0.58,1.45
157.69,23938,1.06,1.95
157.74,23940,0.66,2.06
157.79,23943,0.92,1.94
157.84,23945,0.99,1.65
157.89,23947,1.03,1.55
157.94,23950,0.91,1.38
157.99,23952,0.9,1.81
158.04,23954,0.95,1.57
158.09,23957,0.89,1.89
158.14,23959,0.73,1.58
158.19,23962,0.61,1.49
158.24,23964,0.79,1.63
158.34,23969,0.8,1.72
158.39,23971,0.75,1.82
158.44,23974,0.74,1.59
158.49,23976,0.62,1.52
158.54,23978,0.56,1.36
158.59,23981,0.96,1.44
158.64,23983,0.63,1.4
158.69,23985,1.14,1.28
158.74,23988,0.78,1.55
158.79,23990,0.88,1.29
158.84,23993,0.64,1.51
158.89,23995,0.68,1.91
158.94,23997,0.75,1.86
158.99,24000,0.66,1.87
159.04,24002,0.57,1.54
159.09,24005,0.59,1.44
159.14,24007,0.56,1.41
159.19,24009,0.81,1.56
159.24,24012,0.69,1.25
159.34,24023,0.86,1.5
159.39,24029,0.41,1.74
159.44,24035,0.49,1.6
159.49,24040,0.49,1.94
159.54,24046,0.55,1.83
159.59,24052,0.36,1.65
159.64,24058,0.56,1.07
159.79,24075,0.67,1.76
159.84,24081,0.44,1.25
159.89,24086,0.68,1.53
159.94,24092,0.54,1.51
160.04,24104,0.38,1.18
160.09,24109,0.68,1.56
160.14,24115,0.86,1.52
160.24,24127,0.63,1.22
160.29,24132,1.01,2
160.34,24137,0.65,1.57
160.44,24147,0.96,1.63
160.49,24152,0.82,1.68
160.54,24157,0.76,1.5
160.59,24162,0.9,1.64
160.64,24167,0.81,1.44
160.69,24172,0.91,1.48
160.74,24177,0.73,1.38
160.84,24184,0.59,1.63
160.89,24187,0.88,1.61