Ma,U1146 bent d13C [per mil PDB] (Cibicidoides wuellerstorfi + ..,U1146 bent d18O [per mil PDB] (Cibicidoides wuellerstorfi + ..
4.751362814,0.01,2.39
4.75608373,-0.01,2.41
4.758444189,0.18,2.5
4.760804647,0.09,2.37
4.763165105,0.08,2.4
4.765525564,-0.04,2.31
4.767886022,-0.04,2.37
4.77024648,-0.2,2.35
4.772606939,-0.04,2.35
4.774967397,-0.1,2.43
4.777327855,-0.18,2.33
4.779688314,-0.17,2.48
4.782048772,-0.02,2.49
4.784409231,-0.16,2.4
4.786769689,-0.09,2.35
4.789130147,-0.06,2.52
4.791490606,-0.06,2.49
4.793851064,0.01,2.44
4.796211522,-0.09,2.38
4.798571981,-0.02,2.38
4.800932439,-0.09,2.41
4.803292897,-0.23,2.39
4.805653356,-0.08,2.34
4.808013814,0,2.34
4.810374272,-0.17,2.31
4.812734731,-0.23,2.3
4.815095189,-0.15,2.39
4.817455647,-0.08,2.39
4.819816106,-0.03,2.3
4.822176564,0.09,2.48
4.824537022,-0.23,2.46
4.826897481,-0.03,2.52
4.829257939,0.03,2.52
4.831618398,0,2.46
4.833978856,-0.03,2.34
4.836339314,0.13,2.6
4.838699773,0.03,2.45
4.841060231,0.01,2.4
4.843420689,-0.03,2.32
4.845781148,0.03,2.26
4.848141606,0.03,2.44
4.850502064,-0.01,2.37
4.852862523,-0.03,2.39
4.855222981,0.02,2.38
4.857583439,-0.17,2.41
4.859943898,-0.21,2.3
4.862304356,-0.16,2.41
4.864664814,-0.23,2.4
4.867025273,-0.29,2.41
4.869385731,-0.17,2.23
4.87174619,-0.28,2.39
4.874106648,-0.16,2.54
4.876467106,-0.22,2.42
4.878827565,-0.2,2.59
4.881188023,-0.3,2.66
4.883548481,-0.26,2.69
4.88590894,-0.21,2.81
4.888269398,-0.23,2.78
4.890629856,-0.61,2.77
4.892990315,-0.56,2.59
4.895350773,-0.5,2.66
4.897711231,-0.26,2.64
4.90007169,-0.35,2.6
4.902432148,-0.26,2.46
4.904792606,-0.14,2.51
4.907153065,-0.17,2.44
4.909513523,-0.03,2.49
4.911873981,0.02,2.41
4.91423444,-0.09,2.39
4.916594898,0.06,2.58
4.918955357,-0.03,2.57
4.921315815,0.18,2.44
4.923676273,0.12,2.49
4.926036732,0.08,2.36
4.92839719,0.06,2.34
4.930757648,0.03,2.35
4.933118107,0.13,2.45
4.935478565,0.14,2.34
4.937839023,0.02,2.56
4.940199482,0.07,2.47
4.94255994,0.15,2.41
4.944920398,0.06,2.33
4.947280857,-0.04,2.39
4.949641315,-0.02,2.41
4.952001773,0.04,2.36
4.954362232,0.19,2.5
4.95672269,0.14,2.55
4.959083149,0.22,2.58
4.961443607,-0.04,2.33
4.963804065,0.01,2.54
4.966164524,-0.38,2.53
4.97088544,0.07,2.34
4.973245899,-0.04,2.41
4.975606357,0.03,2.39
4.977966815,-0.13,2.49
4.980327274,0.02,2.49
4.982687732,0,2.65
4.98504819,-0.03,2.49
4.987408649,-0.11,2.48
4.989769107,-0.14,2.73
4.992129565,-0.11,2.64
4.994490024,-0.24,2.62
4.996850482,-0.29,2.62
4.99921094,-0.28,2.69
5.001571399,-0.21,2.71
5.003931857,-0.16,2.56
5.006292316,-0.08,2.66
5.008652774,-0.2,2.71
5.011013232,-0.08,2.66
5.013373691,-0.11,2.62
5.015734149,-0.06,2.63
5.018094607,-0.09,2.54
5.020455066,-0.09,2.56
5.022815524,0.12,2.58
5.025175982,0.12,2.57
5.027536441,0.06,2.49
5.029896899,0.12,2.53
5.032257357,0.04,2.44
5.034617816,0,2.42
5.036978274,0.16,2.56
5.039338732,0.2,2.35
5.041699191,0.09,2.41
5.044059649,0.15,2.37
5.046420108,0.17,2.21
5.048780566,0.11,2.59
5.051141024,0.31,2.39
5.053501483,0.13,2.42
5.055861941,0.22,2.35
5.058222399,0.2,2.33
5.060582858,0.01,2.37
5.062943316,0.01,2.37
5.065303774,0.16,2.28
5.067664233,0.13,2.29
5.070024691,-0.08,2.31
5.072385149,0.02,2.25
5.074745608,-0.01,2.6
5.077106066,0.03,2.47
5.079466524,0,2.33
5.081826983,-0.13,2.45
5.084187441,0.11,2.49
5.086547899,0.09,2.56
5.088908358,-0.01,2.56
5.091268816,0.02,2.47
5.093629275,0,2.5
5.095989733,-0.02,2.48
5.098350191,0,2.55
5.10071065,0.07,2.58
5.103071108,0.18,2.6
5.105431566,0.16,2.59
5.107792025,0.22,2.62
5.110152483,0.22,2.57
5.112512941,0.17,2.51
5.1148734,0.33,2.42
5.117233858,0.21,2.58
5.119594316,0.3,2.25
5.121954775,0.11,2.37
5.124315233,0.22,2.32
5.126675691,0.2,2.44
5.12903615,0.34,2.5
5.131396608,0.23,2.36
5.133757067,0.37,2.5
5.136117525,0.31,2.49
5.138477983,0.38,2.36
5.140838442,0.46,2.5
5.1431989,0.29,2.45
5.145559358,0.14,2.53
5.147919817,0.19,2.5
5.150280275,0.25,2.47
5.152640733,0.08,2.52
5.155001192,0.13,2.59
5.15736165,0.12,2.5
5.159722108,0.2,2.59
5.162082567,0.07,2.53
5.164443025,0.15,2.69
5.166803483,0.19,2.53
5.169163942,0.06,2.54
5.1715244,0.04,2.41
5.173884858,-0.03,2.42
5.176245317,0.07,2.49
5.178605775,0.12,2.52
5.180966234,0.19,2.51
5.183326692,0.23,2.56
5.184742967,0.15,2.63
5.187103425,0.14,2.49
5.189463884,0.08,2.49
5.191824342,0.11,2.49
5.1941848,0.01,2.44
5.196545259,0.09,2.47
5.198905717,0.17,2.51
5.201266175,0.27,2.41
5.203626634,0.04,2.56
5.205987092,0.08,2.51
5.216373109,0.24,2.46
5.218733567,0.05,2.46
5.221094026,-0.05,2.28
5.223454484,0.08,2.51
5.225814942,-0.13,2.49
5.228175401,-0.16,2.59
5.230535859,-0.11,2.56
5.232896317,-0.05,2.47
5.235256776,0.03,2.34
5.237617234,0.15,2.3
5.239977692,0.22,2.47
5.242338151,0,2.35
5.244698609,0.16,2.56
5.247059067,0.17,2.7
5.249419526,0.3,2.4
5.251779984,0.07,2.43
5.254140442,0.21,2.43
5.256500901,0.12,2.56
5.258861359,-0.01,2.52
5.261221817,-0.09,2.54
5.263582276,0.02,2.67
5.265942734,0.01,2.42
5.268303193,0.18,2.47
5.270663651,-0.03,2.52
5.273024109,0.19,2.47
5.275384568,0.21,2.38
5.277745026,0.28,2.4
5.280105484,0.17,2.42
5.282465943,0.28,2.14
5.284826401,0.29,2.11
5.287186859,0.4,2.57
5.289547318,0.02,2.45
5.291907776,-0.2,2.63
5.294268234,-0.17,2.61
5.296628693,-0.09,2.6
5.298989151,0.01,2.53
5.301349609,-0.08,2.58
5.303710068,0.15,2.54
5.306070526,0.15,2.57
5.308430985,0.11,2.59
5.310791443,0.21,2.55
5.313151901,0.1,2.6
5.31551236,-0.05,2.65
5.317872818,0.19,2.6
5.320233276,-0.04,2.54
5.322593735,0.11,2.67
5.324954193,0.02,2.53
5.327314651,0.18,2.53
5.32967511,0.1,2.56
5.332035568,0.28,2.39
5.334396026,0.43,2.51
5.336756485,0.33,2.65
5.339116943,0.17,2.34
5.341477401,0.41,2.29
5.34383786,0.39,2.54
5.346198318,0.19,2.48
5.348558777,0.19,2.46
5.350919235,-0.03,2.43
5.353279693,0.02,2.57
5.355640152,0.23,2.4
5.35800061,0.1,2.58
5.360361068,0.04,2.76
5.362721527,0.06,2.42
5.365081985,0.01,2.53
5.367442443,0.05,2.57
5.369802902,-0.03,2.62
5.37216336,0.03,2.58
5.374523818,-0.03,2.65
5.376884277,-0.13,2.81
5.379244735,-0.07,2.93
5.381605193,-0.2,3.04
5.383965652,-0.2,2.69
5.38632611,-0.11,2.71
5.388686568,-0.1,2.72
5.391047027,-0.14,2.7
5.393407485,0.06,2.77
5.395767944,0.11,2.76
5.398128402,0.01,2.6
5.40048886,0.18,2.58
5.402849319,0.09,2.63
5.405209777,0.1,2.61
5.407570235,0.14,2.61
5.409930694,0.1,2.5
5.412291152,0.03,2.6
5.41465161,0.13,2.61
5.417012069,0.24,2.65
5.419372527,0.23,2.45
5.421732985,0.25,2.51
5.424093444,0.25,2.41
5.426453902,0.2,2.59
5.42881436,0.12,2.35
5.431174819,0.13,2.13
5.433535277,0.15,2.3
5.435895736,-0.02,2.42
5.438256194,0.18,2.4
5.440616652,0.3,2.41
5.442977111,0.24,2.44
5.445337569,-0.09,2.48
5.450058486,0.03,2.4
5.452418944,0.14,2.45
5.454779402,-0.07,2.5
5.457139861,-0.08,2.56
5.459500319,-0.27,2.64
5.461860777,-0.38,2.79
5.464221236,-0.37,2.89
5.466581694,-0.38,2.83
5.468942152,-0.58,2.57
5.471302611,-0.34,2.63
5.473663069,-0.23,2.77
5.476023527,-0.18,2.89
5.478383986,-0.13,2.8
5.480744444,0.22,2.58
5.483104903,0.03,2.44
5.485465361,0.14,2.51
5.487825819,0.08,2.53
5.490186278,0.08,2.59
5.492546736,0.15,2.56
5.494907194,0.1,2.59
5.497267653,0.08,2.55
5.499628111,0.11,2.31
5.501988569,0.09,2.32
5.504349028,0.28,2.19
5.506709486,0.07,2.52
5.509069944,0.18,2.49
5.511430403,0.14,2.39
5.513790861,0.23,2.41
5.516151319,0.41,2.4
5.518511778,0.32,2.39
5.520872236,0.28,2.29
5.523232695,0.29,2.5
5.525593153,0.47,2.36
5.527953611,0.38,2.44
5.53031407,0.3,2.4
5.532674528,0.29,2.53
5.535034986,0.28,2.48
5.537395445,0.07,2.46
5.539755903,0.22,2.54
5.542116361,0.14,2.57
5.54447682,0.13,2.47
5.546837278,0.01,2.31
5.549197736,-0.01,2.58
5.551558195,-0.12,2.65
5.553918653,0.14,2.59
5.556279111,0.03,2.52
5.55863957,-0.01,2.67
5.561000028,0.06,2.62
5.563360486,0.05,2.39
5.565720945,0.19,2.43
5.568081403,-0.01,2.4
5.570441862,-0.12,2.37
5.57280232,-0.04,2.39
5.575162778,-0.02,2.38
5.577523237,-0.12,2.27
5.579883695,-0.11,2.48
5.582244153,-0.02,2.39
5.584604612,-0.1,2.4
5.58696507,-0.03,2.29
5.589325528,0,2.27
5.591685987,-0.06,2.36
5.594046445,-0.01,2.34
5.596406903,-0.25,2.37
5.598767362,-0.14,2.52
5.60112782,0.06,2.62
5.603488278,0.05,2.72
5.605848737,0.06,2.61
5.608209195,0.01,2.57
5.610569654,0.13,2.49
5.612930112,-0.11,2.5
5.61529057,-0.1,2.55
5.617651029,0.01,2.57
5.620011487,-0.01,2.46
5.622371945,-0.37,2.32
5.624732404,-0.06,2.37
5.627092862,0.08,2.56
5.631813779,-0.05,2.54
5.634174237,0.16,2.49
5.636534695,0.15,2.42
5.638895154,0.06,2.35
5.641255612,0.35,2.32
5.64361607,0.23,2.07
5.645976529,0.3,2.41
5.648336987,0.36,2.45
5.650697445,0.29,2.28
5.653057904,0.23,2.49
5.654946271,0.26,2.46
5.657306729,0.06,2.35
5.659667187,0.12,2.48
5.662027646,-0.25,2.62
5.664388104,-0.07,2.77
5.666748562,-0.05,2.76
5.669109021,-0.17,2.96
5.671469479,-0.14,3.1
5.688464779,-0.02,2.61
5.690825237,0.1,2.69
5.693185696,0.01,2.54
5.695546154,0.19,2.57
5.697906613,0.03,2.64
5.700267071,-0.04,2.48
5.702627529,0,2.55
5.704987988,0.06,2.55
5.707348446,0.05,2.61
5.709708904,-0.05,2.6
5.712069363,0.04,2.67
5.714429821,-0.05,2.55
5.716790279,-0.14,2.61
5.719150738,-0.18,2.48
5.721511196,-0.27,2.58
5.723871654,-0.31,2.5
5.726232113,-0.4,2.55
5.728592571,-0.5,2.73
5.730953029,-0.38,2.79
5.733313488,-0.43,2.85
5.735673946,-0.54,2.89
5.738034404,-0.35,2.77
5.740394863,-0.53,2.66
5.742755321,-0.34,2.64
5.74511578,-0.37,2.48
5.747476238,-0.08,2.64
5.749836696,-0.34,2.35
5.752197155,-0.37,2.39
5.754557613,-0.15,2.59
5.756918071,-0.12,2.55
5.75927853,-0.21,2.51
5.761638988,-0.22,2.68
5.763999446,-0.28,2.66
5.766359905,-0.35,2.56
5.768720363,-0.41,2.4
5.771080821,-0.32,2.46
5.77344128,-0.14,2.6
5.775801738,-0.17,2.43
5.778162196,-0.2,2.58
5.780522655,-0.17,2.5
5.782883113,-0.25,2.6
5.785243572,-0.37,2.45
5.78760403,-0.43,2.51
5.789964488,-0.46,2.66
5.792324947,-0.43,2.69
5.794685405,-0.47,2.62
5.797045863,-0.51,2.64
5.799406322,-0.33,2.7
5.80176678,-0.28,2.44
5.804127238,-0.23,2.58
5.806487697,-0.17,2.56
5.808848155,-0.19,2.53
5.811208613,-0.17,2.47
5.813569072,-0.15,2.44
5.81592953,-0.22,2.39
5.818289988,-0.07,2.48
5.820650447,0.03,2.55
5.823010905,-0.07,2.59
5.825371363,0.01,2.54
5.827731822,-0.03,2.4
5.83009228,-0.13,2.6
5.832452739,-0.11,2.55
5.834813197,-0.12,2.52
5.837173655,-0.14,2.4
5.839534114,-0.15,2.71
5.841894572,-0.11,2.56
5.84425503,-0.23,2.5
5.846615489,-0.05,2.46
5.848975947,-0.16,2.5
5.851336405,-0.27,2.62
5.853696864,-0.41,2.51
5.856057322,-0.29,2.73
5.85841778,-0.44,2.59
5.860778239,-0.34,2.77
5.863138697,-0.27,2.5
5.865499155,-0.32,2.55
5.867859614,-0.19,2.59
5.870220072,-0.23,2.59
5.872580531,-0.42,2.66
5.874940989,-0.42,2.44
5.877301447,-0.41,2.3
5.879661906,-0.36,2.48
5.882022364,-0.42,2.38
5.884382822,-0.5,2.56
5.886743281,-0.58,2.59
5.889103739,-0.74,2.61
5.891464197,-0.64,2.79
5.893824656,-0.59,2.62
5.900906031,-0.36,2.32
5.903266489,-0.36,2.5
5.905626947,-0.25,2.37
5.907987406,-0.2,2.4
5.910347864,-0.21,2.37
5.912708322,-0.17,2.37
5.915068781,-0.12,2.47
5.917429239,-0.09,2.4
5.919789698,-0.27,2.49
5.922150156,-0.08,2.48
5.924510614,-0.13,2.46
5.926871073,-0.03,2.57
5.929231531,-0.13,2.58
5.931591989,-0.11,2.45
5.933952448,-0.22,2.55
5.936312906,-0.18,2.41
5.938673364,-0.27,2.53
5.941033823,-0.15,2.66
5.943394281,-0.08,2.67
5.945754739,-0.19,2.71
5.948115198,-0.28,2.56
5.950475656,-0.13,2.74
5.952836114,-0.2,2.7
5.955196573,-0.17,2.42
5.957557031,-0.26,2.64
5.95991749,-0.02,2.75
5.962277948,-0.07,2.59
5.964638406,-0.07,2.43
5.966998865,-0.07,2.58
5.969359323,0.07,2.41
5.971719781,0.02,2.54
5.97408024,0.18,2.57
5.976440698,0.04,2.56
5.978801156,0.13,2.54
5.981161615,0.19,2.48
5.983522073,0.13,2.37
5.985882531,0.07,2.5
5.98824299,-0.22,2.52
5.990603448,-0.01,2.48
5.992963906,-0.16,2.36
5.995324365,-0.17,2.37
5.997684823,-0.23,2.62
6.000045282,-0.23,2.57
6.00240574,-0.36,2.65
6.004766198,-0.43,2.87
6.007126657,-0.32,2.79
6.009487115,-0.41,2.88
6.011847573,-0.42,2.86
6.014208032,-0.34,2.57
6.01656849,-0.3,2.58
6.018928948,0.09,2.52
6.021289407,0.1,2.57
6.023649865,-0.31,2.62
6.026010323,-0.23,2.57
6.028370782,-0.04,2.46
6.03073124,-0.22,2.37
6.033091698,-0.15,2.29
6.035452157,-0.18,2.4
6.037812615,-0.17,2.39
6.040173073,-0.21,2.48
6.042533532,-0.18,2.44
6.04489399,-0.26,2.49
6.047254449,0.1,2.56
6.049614907,-0.09,2.6
6.051975365,-0.13,2.55
6.054335824,-0.14,2.55
6.056696282,-0.1,2.55
6.061417199,-0.18,2.43
6.063777657,-0.14,2.43
6.066138115,-0.16,2.44
6.068498574,-0.08,2.68
6.070859032,-0.12,2.56
6.07321949,-0.09,2.75
6.075579949,0.14,2.58
6.077940407,0.12,2.72
6.080300865,0.12,2.53
6.082661324,0.19,2.4
6.085021782,0.18,2.67
6.087382241,0.22,2.61
6.089742699,0.15,2.39
6.092103157,0.23,2.41
6.094463616,0.36,2.61
6.095954223,0.23,2.48
6.097369512,0.31,2.48
6.098784801,0.15,2.39
6.10020009,-0.15,2.45
6.101615378,0.01,2.31
6.103030667,-0.25,2.35
6.104445956,-0.1,2.48
6.105861245,-0.39,2.65
6.107276534,-0.41,2.42
6.108691822,-0.3,2.58
6.110107111,-0.41,2.86
6.1115224,-0.47,2.83
6.112937689,-0.4,2.71
6.114352978,-0.26,2.75
6.128505865,-0.41,2.82
6.129921154,-0.27,2.76
6.131336443,-0.42,2.59
6.132751732,-0.27,2.71
6.135582309,-0.12,2.46
6.136997598,0.01,2.52
6.138412887,0.07,2.49
6.139828176,0.11,2.5
6.141243465,0.09,2.36
6.142658753,0.09,2.35
6.144074042,0.17,2.42
6.145489331,0.16,2.47
6.14690462,0.24,2.56
6.148319908,0.24,2.52
6.149735197,0.2,2.51
6.151150486,0.12,2.52
6.152565775,0.17,2.65
6.153981064,0.19,2.4
6.155396352,0.13,2.49
6.156811641,0.13,2.58
6.15822693,0.21,2.51
6.159642219,0.14,2.58
6.161057508,0.01,2.41
6.162472796,-0.06,2.54
6.163888085,0.06,2.4
6.165303374,-0.02,2.56
6.166718663,-0.11,2.63
6.168133951,-0.02,2.62
6.16954924,0.05,2.58
6.170964529,0.12,2.59
6.172379818,0.16,2.51
6.173795107,0.2,2.4
6.175210395,0.06,2.52
6.176625684,0.03,2.4
6.178040973,0,2.4
6.179456262,0.03,2.59
6.180871551,-0.02,2.48
6.182286839,-0.08,2.45
6.183702128,-0.18,2.48
6.185117417,0.06,2.47
6.186532706,0.16,2.58
6.187947995,0.16,2.58
6.189363283,0.03,2.52
6.190778572,0.04,2.47
6.192193861,0,2.44
6.19360915,0.03,2.43
6.195024438,-0.04,2.47
6.196439727,-0.09,2.53
6.197855016,-0.19,2.51
6.199270305,-0.22,2.48
6.200685594,-0.26,2.65
6.202100882,-0.37,2.67
6.203516171,-0.3,2.69
6.20493146,-0.28,2.69
6.206346749,-0.22,2.61
6.207762038,-0.1,2.54
6.209177326,0.09,2.69
6.210592615,0.04,2.62
6.212007904,-0.02,2.64
6.213423193,0,2.45
6.214838481,-0.02,2.49
6.21625377,0.12,2.51
6.217669059,0.09,2.43
6.219084348,0.1,2.44
6.220499637,0.12,2.52
6.221914925,0.06,2.6
6.223330214,0.01,2.59
6.224745503,0.03,2.49
6.226160792,0.12,2.47
6.227576081,0.06,2.77
6.228991369,-0.01,2.56
6.230406658,-0.01,2.41
6.231821947,0.01,2.63
6.233237236,-0.16,2.55
6.234652524,-0.16,2.48
6.236067813,-0.16,2.32
6.237483102,-0.25,2.67
6.238898391,-0.24,2.72
6.24031368,-0.24,2.7
6.241728968,-0.28,2.64
6.243144257,-0.24,2.67
6.244559546,-0.2,2.63
6.245974835,-0.26,2.71
6.247390124,-0.21,2.66
6.248805412,0.01,2.65
6.250220701,0.09,2.73
6.25163599,0.02,2.73
6.253051279,0.14,2.59
6.254466568,-0.06,2.72
6.255315741,0.19,2.56
6.25673103,0.15,2.31
6.258146318,0.38,2.58
6.259456456,0.33,2.51
6.260628269,0.19,2.63
6.261800082,0.35,2.58
6.262971896,0.27,2.41
6.264143709,0.37,2.53
6.265315522,0.13,2.27
6.266487336,0.26,2.6
6.267659149,0.11,2.54
6.268830962,0.13,2.54
6.270002776,0,2.56
6.271174589,0.03,2.69
6.272346402,-0.1,2.51
6.273518216,-0.08,2.48
6.274690029,-0.23,2.48
6.275861842,-0.27,2.56
6.277033656,-0.33,2.54
6.278205469,-0.37,2.73
6.279377282,-0.55,2.65
6.280549096,-0.39,2.73
6.281720909,-0.53,2.73
6.282892722,-0.61,2.65
6.284064536,-0.32,2.61
6.285236349,-0.24,2.58
6.286408162,-0.17,2.31
6.287579976,0,2.48
6.288751789,-0.16,2.37
6.289923602,-0.08,2.12
6.290861053,-0.1,2.53
6.291095415,-0.19,2.18
6.292267229,-0.12,2.22
6.293439042,-0.21,2.25
6.294610855,-0.15,2.41
6.295782669,-0.12,2.57
6.296954482,-0.1,2.59
6.297891933,-0.01,2.5
6.299063746,-0.05,2.58
6.300469922,0.05,2.46
6.301407373,0.04,2.62
6.303750999,0,2.57
6.304922813,-0.11,2.55
6.306094626,-0.12,2.52
6.307266439,-0.13,2.53
6.309610066,-0.12,2.52
6.310781879,-0.29,2.72
6.311953693,-0.32,2.69
6.313125506,-0.34,2.8
6.314297319,-0.38,2.72
6.315469133,-0.18,2.51
6.316640946,-0.12,2.68
6.317812759,-0.18,2.74
6.318984573,-0.11,2.69
6.320156386,0.05,2.45
6.321328199,0.05,2.76
6.322500013,0.13,2.62
6.323671826,-0.06,2.54
6.324843639,-0.19,2.48
6.32578109,0.14,2.42
6.326952903,0.16,2.45
6.328124716,0.22,2.58
6.32929653,0.12,2.57
6.330468343,-0.093,2.45
6.331640156,0.051,2.48
6.33281197,0.064,2.57
6.333983783,-0.15,2.61
6.335155596,0.1,2.57
6.33632741,0.18,2.46
6.337499223,-0.04,2.34
6.338671036,0.022,2.53
6.341014663,0.2,2.45
6.342186476,0.31,2.56
6.34335829,0.22,2.54
6.344530103,0.15,2.48
6.345467554,0.07,2.4
6.346639367,0.04,2.31
6.34781118,-0.016,2.39
6.348982994,-0.016,2.38
6.350154807,-0.1,2.45
6.35132662,-0.032,2.48
6.352498434,-0.015,2.43
6.353670247,-0.084,2.52
6.35484206,-0.16,2.49
6.356013874,0.036,2.6
6.357185687,-0.12,2.29
6.3583575,-0.14,2.55
6.359529314,-0.33,2.48
6.360701127,-0.21,2.49
6.36187294,-0.35,2.49
6.363044754,-0.34,2.47
6.364401824,-0.53,2.37
6.366087096,-0.33,2.74
6.367772367,-0.36,2.71
6.369457638,-0.22,2.59
6.371142909,-0.28,2.62
6.372828181,-0.3,2.44
6.374513452,-0.083,2.65
6.376198723,-0.096,2.44
6.377883995,-0.025,2.38
6.379569266,-0.1,2.46
6.381254537,-0.026,2.47
6.382939809,0.2,2.52
6.38462508,-0.08,2.54
6.386310351,-0.26,2.45
6.387995623,0.14,2.46
6.389680894,0.12,2.5
6.391366165,0.14,2.5
6.393051436,0.18,2.48
6.394736708,0.086,2.59
6.396421979,0.088,2.4
6.39810725,-0.12,2.35
6.399792522,-0.053,2.4
6.401477793,-0.43,2.37
6.403163064,-0.072,2.5
6.404848336,-0.074,2.54
6.406533607,-0.084,2.5
6.408218878,-0.083,2.49
6.40990415,-0.25,2.64
6.411589421,-0.12,2.5
6.413274692,0.056,2.39
6.414959963,-0.06,2.47
6.416645235,0.029,2.52
6.418330506,0.14,2.47
6.420069442,0.28,2.48
6.4220626,0.22,2.37
6.424055758,0.24,2.44
6.426048915,0.19,2.48
6.428042073,0.12,2.5
6.430035231,0.21,2.42
6.432028389,0.14,2.6
6.434021546,0.09,2.56
6.436014704,0.19,2.45
6.438007862,0.003,2.41
6.44000102,0.053,2.35
6.441994178,-0.04,2.43
6.443987335,-0.063,2.49
6.445980493,0.065,2.43
6.447973651,0.06,2.56
6.449966809,-0.006,2.53
6.451959967,-0.12,2.45
6.453953124,-0.21,2.53
6.455946282,-0.16,2.57
6.45793944,-0.23,2.46
6.459932598,-0.098,2.44
6.461925756,0.085,2.62
6.463918913,-0.062,2.65
6.465912071,0.16,2.66
6.467905229,0.037,2.6
6.469101124,0.11,2.49
6.471094281,0.017,2.58
6.473087439,-0.009,2.62
6.475080597,0.22,2.63
6.479066912,0.082,2.53
6.48106007,0.05,2.45
6.483053228,0.31,2.64
6.485046386,0.26,2.49
6.487039544,0.3,2.51
6.489032701,0.074,2.45
6.490627228,0.15,2.61
6.492620385,0.17,2.65
6.494613543,0.16,2.49
6.495809438,0.068,2.44
6.497802596,-0.12,2.51
6.499795754,0.009,2.59
6.501788911,0.032,2.66
6.503782069,-0.056,2.61
6.505775227,-0.062,2.6
6.507768385,-0.089,2.32
6.509761542,-0.17,2.61
6.5117547,-0.23,2.46
6.513747858,0.06,2.56
6.515741016,0.034,2.74
6.517734174,0.099,2.64
6.519727331,0.091,2.65
6.521720489,0.13,2.48
6.523713647,0.21,2.7
6.525706805,0.055,2.49
6.527699963,-0.051,2.3
6.52969312,0.12,2.59
6.531686278,-0.064,2.54
6.533679436,0.062,2.49
6.535672594,0.094,2.42
6.537665752,0.038,2.65
6.539658909,-0.11,2.51
6.541652067,0.045,2.48
6.543645225,0.018,2.47
6.545638383,-0.3,2.46
6.54763154,-0.21,2.42
6.549624698,-0.29,2.25
6.551617856,-0.25,2.45
6.553611014,-0.31,2.56
6.555600406,-0.23,2.52
6.5575872,-0.36,2.63
6.559573995,-0.38,2.44
6.56156079,-0.13,2.51
6.563547584,-0.19,2.53
6.565534379,-0.038,2.6
6.567521174,-0.2,2.55
6.569507968,0.018,2.39
6.571494763,0.048,2.36
6.573481557,0.021,2.31
6.575468352,-0.029,2.35
6.577455147,-0.075,2.45
6.579441941,-0.034,2.62
6.581428736,-0.07,2.55
6.583415531,-0.005,2.58
6.585402325,0.063,2.47
6.58738912,0.027,2.55
6.589375914,-0.03,2.48
6.591362709,0.005,2.48
6.593349504,-0.012,2.36
6.595336298,-0.067,2.53
6.597323093,-0.08,2.49
6.599309888,-0.004,2.62
6.601296682,0,2.52
6.603283477,-0.043,2.47
6.605270271,0.042,2.58
6.607257066,0.006,2.51
6.609243861,0.069,2.6
6.611230655,-0.057,2.49
6.61321745,-0.027,2.56
6.615204245,-0.1,2.45
6.617191039,-0.052,2.48
6.619177834,-0.03,2.46
6.621164629,-0.085,2.59
6.623151423,-0.18,2.42
6.625138218,-0.19,2.44
6.627125012,-0.33,2.49
6.629111807,-0.24,2.52
6.633085396,-0.29,2.43
6.635072191,-0.29,2.57
6.637058986,-0.43,2.47
6.63904578,-0.41,2.53
6.641032575,-0.34,2.46
6.643019369,-0.16,2.55
6.645006164,-0.27,2.49
6.646992959,-0.2,2.49
6.648979753,-0.29,2.41
6.650966548,-0.36,2.41
6.652953343,-0.059,2.39
6.654940137,-0.35,2.41
6.656926932,0.033,2.46
6.658913726,-0.19,2.45
6.660900521,-0.18,2.52
6.662887316,-0.21,2.42
6.66487411,-0.21,2.48
6.666860905,-0.13,2.31
6.6688477,-0.45,2.4
6.670834494,-0.22,2.35
6.672821289,-0.18,2.19
6.674706853,-0.19,2.24
6.676469394,-0.52,2.19
6.678231936,-0.36,2
6.679994478,-0.48,2.43
6.68175702,-0.28,2.14
6.683519562,-0.63,2.4
6.685282104,-0.46,2.65
6.687044645,-0.63,2.57
6.688807187,-0.51,2.67
6.690569729,-0.27,2.5
6.692332271,-0.23,2.45
6.694094813,-0.16,2.51
6.695857354,-0.19,2.43
6.697619896,-0.16,2.33
6.699382438,-0.4,2.34
6.70114498,-0.35,2.29
6.702907522,-0.13,2.55
6.704670064,-0.23,2.48
6.706432605,-0.17,2.52
6.708195147,-0.15,2.45
6.709957689,-0.042,2.56
6.711720231,-0.12,2.43
6.713482773,-0.24,2.35
6.715245315,0.025,2.54
6.717007856,-0.042,2.41
6.718770398,-0.062,2.44
6.72053294,-0.094,2.41
6.722295482,-0.057,2.45
6.724058024,-0.076,2.47
6.725820565,-0.043,2.4
6.727583107,-0.076,2.44
6.729345649,-0.17,2.51
6.731108191,-0.25,2.45
6.732870733,-0.33,2.35
6.734633275,-0.21,2.57
6.736395816,-0.12,2.51
6.738158358,-0.15,2.4
6.7399209,-0.05,2.45
6.741683442,-0.19,2.61
6.743445984,-0.061,2.4
6.745208525,-0.13,2.49
6.746971067,-0.34,2.32
6.748733609,-0.1,2.24
6.750496151,-0.22,2.42
6.752258693,-0.093,2.31
6.754021235,0.045,2.45
6.755783776,-0.046,2.44
6.757546318,-0.2,2.38
6.75930886,-0.051,2.6
6.761071402,-0.26,2.56
6.762833944,-0.17,2.44
6.764596485,-0.57,2.34
6.766359027,-0.34,2.32
6.768121569,-0.26,2.37
6.769884111,-0.68,2.33
6.771646653,-0.35,2.27
6.773409195,-0.51,2.3
6.775171736,-0.59,2.37
6.776934278,-0.44,2.53
6.77869682,-0.52,2.46
6.780459362,-0.21,2.41
6.782221904,-0.078,2.45
6.783984445,-0.09,2.25
6.785746987,-0.1,2.23
6.787509529,-0.11,2.31
6.789272071,0.11,1.97
6.791034613,0.003,2.16
6.792797155,0.11,2.22
6.794559696,0.11,2.4
6.796322238,-0.019,2.31
6.79808478,0.053,2.37
6.799847322,-0.098,2.46
6.801609864,0.083,2.44
6.803372406,0.067,2.44
6.805134947,0.021,2.39
6.806897489,-0.32,2.53
6.808660031,0.16,2.55
6.810422573,0.086,2.62
6.812185115,-0.082,2.37
6.813947656,-0.25,2.46
6.815710198,-0.32,2.29
6.81747274,-0.26,2.38
6.819235282,0.073,2.54
6.820997824,0.16,2.51
6.822760366,0.2,2.32
6.824522907,-0.002,2.4
6.826285449,0.12,2.5
6.828047991,-0.086,2.4
6.831573075,0.13,2.36
6.835098158,0.059,2.43
6.838623242,0.092,2.4
6.840385784,0.12,2.53
6.843910867,-0.11,2.29
6.845673409,-0.31,2.37
6.847435951,-0.32,2.43
6.849198493,-0.27,2.42
6.850961035,-0.25,2.65
6.852723576,-0.46,2.5
6.854486118,-0.37,2.61
6.85624866,-0.41,2.55
6.858011202,-0.28,2.62
6.859773744,-0.14,2.63
6.861536286,0.14,2.7
6.863298827,0.15,2.37
6.865061369,0.17,2.62
6.866823911,0.17,2.53
6.868586453,0.24,2.41
6.870252609,0.17,2.5
6.871898867,0.18,2.61
6.873545125,0.18,2.49
6.875191383,0.11,2.36
6.876837642,-0.042,2.41
6.8784839,-0.002,2.62
6.880130158,-0.087,2.56
6.881776416,-0.14,2.45
6.883422674,-0.15,2.46
6.885068932,-0.2,2.41
6.88671519,-0.041,2.47
6.888361448,-0.16,2.48
6.890007706,-0.14,2.51
6.891653964,-0.28,2.46
6.893300222,-0.15,2.53
6.89494648,-0.016,2.55
6.896592738,-0.044,2.53
6.898238996,-0.042,2.52
6.899885254,0.012,2.34
6.901531512,0.074,2.51
6.90317777,-0.048,2.39
6.904824028,0.071,2.46
6.906470286,-0.058,2.4
6.908116544,-0.087,2.31
6.909762802,0.003,2.39
6.91140906,-0.055,2.58
6.913055318,-0.076,2.52
6.914701576,0.054,2.3
6.916347834,-0.11,2.62
6.917994092,-0.22,2.66
6.91964035,-0.3,2.46
6.921286608,-0.25,2.59
6.922932866,-0.076,2.59
6.924579124,-0.069,2.49
6.926225382,-0.22,2.59
6.92787164,-0.2,2.39
6.929517898,-0.13,2.55
6.932810414,-0.44,2.5
6.934456672,-0.48,2.64
6.93610293,-0.49,2.66
6.937749188,-0.41,2.65
6.939395447,-0.16,2.61
6.941041705,0.03,2.56
6.942687963,0.08,2.65
6.944334221,0.11,2.65
6.945980479,0.09,2.66
6.947626737,0.12,2.57
6.949272995,0.18,2.52
6.950919253,0.19,2.55
6.952565511,0.18,2.47
6.954211769,0.13,2.5
6.955858027,0.14,2.59
6.957504285,0.09,2.48
6.959150543,0.01,2.48
6.960796801,0.02,2.5
6.962443059,0,2.59
6.964089317,0,2.6
6.965735575,-0.04,2.64
6.967381833,-0.01,2.52
6.969028091,-0.05,2.54
6.970674349,-0.08,2.48
6.972320607,-0.24,2.31
6.97397109,-0.05,2.53
6.975623261,-0.18,2.27
6.977275431,-0.09,2.6
6.978927602,-0.11,2.45
6.980579772,-0.03,2.48
6.982231943,-0.02,2.48
6.983884113,0.03,2.34
6.985536284,-0.05,2.57
6.987188454,0.05,2.6
6.988840625,0.04,2.51
6.990492795,0.04,2.51
6.992144966,-0.05,2.42
6.993797136,0.09,2.57
6.995449307,-0.12,2.46
6.997101477,-0.42,2.39
6.998753648,-0.04,2.44
7.000405818,-0.08,2.45
7.002057989,-0.11,2.5
7.003710159,-0.02,2.55
7.00536233,-0.1,2.6
7.010318841,-0.11,2.62
7.011971012,-0.26,2.56
7.013623182,-0.15,2.49
7.015275353,-0.28,2.5
7.016927523,-0.19,2.53
7.018579693,-0.08,2.52
7.020231864,-0.14,2.51
7.021884034,-0.09,2.57
7.023536205,-0.18,2.44
7.025188375,-0.06,2.51
7.026840546,-0.06,2.52
7.028492716,0.01,2.46
7.030144887,-0.01,2.54
7.031797057,-0.1,2.57
7.033449228,-0.11,2.56
7.035101398,-0.09,2.59
7.036753569,0.08,2.53
7.038405739,0.02,2.38
7.04005791,0.1,2.44
7.04171008,0.02,2.39
7.043362251,0,2.26
7.045014421,-0.05,2.3
7.046666592,-0.06,2.32
7.048318762,-0.07,2.34
7.049970933,0.05,2.33
7.051623103,-0.07,2.31
7.053275274,-0.16,2.41
7.054927444,-0.14,2.39
7.056579615,-0.24,2.36
7.058231785,-0.35,2.54
7.059883956,-0.26,2.55
7.061536126,-0.41,2.39
7.063188297,-0.32,2.49
7.064831213,-0.3,2.46
7.06629018,-0.26,2.61
7.067749148,0.02,2.37
7.069208115,0.09,2.46
7.070667082,-0.06,2.47
7.07212605,0.14,2.47
7.073585017,0.21,2.47
7.075043984,-0.02,2.38
7.076502952,0.29,2.34
7.077961919,0.34,2.4
7.079420886,0.23,2.39
7.080879854,0.28,2.51
7.082338821,0.2,2.42
7.083797788,0.28,2.43
7.085256756,0.34,2.3
7.086715723,0.27,2.35
7.08817469,0.24,2.23
7.089633658,0.14,2.31
7.091092625,0.22,2.29
7.092551592,0.2,2.29
7.09401056,0.16,2.27
7.095469527,0.16,2.46
7.096928494,0.06,2.34
7.098387461,0.03,2.4
7.099846429,0.09,2.54
7.101305396,0.05,2.46
7.102764363,-0.06,2.52
7.104223331,-0.19,2.48
7.105682298,-0.34,2.41
7.107141265,-0.43,2.53
7.108892026,-0.24,2.49
7.110350994,-0.16,2.49
7.111809961,-0.2,2.43
7.113268928,-0.12,2.49
7.114727896,0.12,2.44
7.116186863,0.17,2.38
7.11764583,-0.07,2.35
7.119104798,0.09,2.28
7.120563765,0.07,2.2
7.122022732,-0.15,2.14
7.123520125,0.09,2.25
7.125028734,0.2,2.23
7.126537343,0.34,2.3
7.128045952,0.25,2.34
7.129554562,0.21,2.48
7.131063171,0.18,2.44
7.13257178,-0.05,2.46
7.134080389,0.19,2.41
7.135588999,0.16,2.25
7.137097608,0.2,2.38
7.138606217,0.1,2.27
7.140114826,0.05,2.21
7.141623435,-0.05,2.4
7.142830323,0.01,2.42
7.144338932,0.13,2.4
7.145847541,0.11,2.35
7.14735615,0.22,2.33
7.14886476,-0.032,2.37
7.150373369,0.25,2.27
7.151881978,0.15,2.28
7.153390587,0.19,2.19
7.154899196,0.16,2.16
7.156407806,0.2,2.17
7.157916415,0.38,2.36
7.159425024,0.39,2.33
7.160933633,0.41,2.23
7.162442242,0.41,2.28
7.163950852,0.42,2.36
7.165459461,0.37,2.52
7.16696807,0.27,2.45
7.168476679,0.39,2.51
7.169985288,0.39,2.5
7.171493898,0.42,2.64
7.173002507,0.35,2.55
7.174511116,0.3,2.56
7.176019725,0.23,2.48
7.177528335,0.42,2.54
7.179036944,0.42,2.45
7.180545553,0.4,2.5
7.182054162,0.33,2.6
7.183562771,0.2,2.5
7.185071381,0.44,2.6
7.18657999,0.39,2.54
7.188088599,0.46,2.54
7.189597208,0.42,2.55
7.191105817,0.45,2.59
7.192614427,0.47,2.53
7.194123036,0.54,2.49
7.195631645,0.51,2.45
7.197140254,0.53,2.53
7.198648863,0.5,2.48
7.200157473,0.4,2.4
7.201666082,0.33,2.16
7.203174691,0.42,2.31
7.2046833,0.42,2.37
7.20619191,0.35,2.38
7.207700519,0.29,2.27
7.209209128,0.28,2.42
7.210717737,0.15,2.46
7.212226346,0.18,2.56
7.213734956,0.19,2.51
7.215243565,0.08,2.64
7.216752174,0.13,2.57
7.218260783,0.03,2.44
7.219769392,0.15,2.54
7.221278002,0.37,2.46
7.222786611,0.19,2.07
7.22429522,0.52,2.39
7.225803829,0.45,2.32
7.227312438,0.5,2.13
7.228821048,0.52,2.28
7.230329657,0.5,2.17
7.231838266,0.66,2.18
7.233346875,0.62,2.21
7.234855485,0.58,2.35
7.236364094,0.55,2.21
7.237872703,0.59,2.38
7.239381312,0.51,2.18
7.240889921,0.52,2.18
7.242382302,0.49,2.24
7.243869666,0.42,2.24
7.245357031,0.35,2.08
7.246844396,0.21,2.38
7.248331761,0.22,2.26
7.249819126,0.25,2.29
7.251306491,0.23,2.27
7.252793856,0.07,2.44
7.254281221,0.13,2.55
7.255768585,0.13,2.61
7.25725595,-0.05,2.49
7.258743315,0.11,2.56
7.26023068,0.23,2.54
7.261718045,0.35,2.55
7.26320541,0.47,2.37
7.264692775,0.49,2.32
7.26618014,0.49,2.25
7.269154869,0.55,2.14
7.270642234,0.55,2.08
7.272129599,0.46,2.19
7.273616964,0.61,2.23
7.278079059,0.54,2.23
7.279566424,0.56,2.27
7.281053788,0.5,2.59
7.282541153,0.51,2.54
7.284028518,0.52,2.21
7.285515883,0.62,2.29
7.287003248,0.45,2.27
7.288490613,0.57,2.33
7.289977978,0.37,2.26
7.291465343,0.56,2.38
7.292952707,0.56,2.4
7.294440072,0.5,2.37
7.295927437,0.37,2.4
7.297414802,0.52,2.45
7.298902167,0.22,2.43
7.300389532,0.51,2.52
7.301876897,0.52,2.32
7.303364262,0.45,2.42
7.304851627,0.47,2.33
7.306338991,0.44,2.42
7.307826356,0.49,2.22
7.309313721,0.55,2.29
7.310801086,0.39,2.38
7.312288451,0.51,2.27
7.313775816,0.55,2.28
7.315263181,0.49,2.09
7.316750546,0.63,2.29
7.31823791,0.45,2.16
7.319725275,0.51,2.17
7.32121264,0.56,2.2
7.322700005,0.38,2.11
7.324186232,0.52,2.19
7.325671744,0.4,2.09
7.327157256,0.59,2.12
7.328642767,0.38,2.24
7.330128279,0.52,2.08
7.331613791,0.54,2.32
7.333099302,0.57,2.38
7.334584814,0.47,2.28
7.336070326,0.5,2.22
7.337555837,0.27,2.23
7.339041349,0.46,2.29
7.340526861,0.25,2.35
7.342012373,0.54,2.41
7.343497884,0.47,2.31
7.344983396,0.53,2.33
7.346468908,0.55,2.37
7.347954419,0.55,2.55
7.349439931,0.66,2.35
7.350925443,0.69,2.23
7.352410954,0.64,2.33
7.353896466,0.69,2.36
7.355381978,0.54,2.18
7.35686749,0.55,2.12
7.358353001,0.71,2.27
7.359838513,0.7,2.27
7.361324025,0.62,2.26
7.362809536,0.68,2.18
7.364295048,0.58,2.24
7.36578056,0.56,2.28
7.367266071,0.63,2.18
7.368751583,0.64,2.25
7.370237095,0.43,1.98
7.371722607,0.68,2.3
7.373208118,0.68,2.28
7.37469363,0.64,2.36
7.376179142,0.61,2.28
7.377664653,0.55,2.42
7.379150165,0.56,2.39
7.380635677,0.53,2.48
7.382121188,0.58,2.45
7.3836067,0.53,2.44
7.385092212,0.46,2.33
7.386577724,0.46,2.58
7.388063235,0.44,2.27
7.389548747,0.58,2.41
7.391034259,0.63,2.34
7.39251977,0.53,2.4
7.394005282,0.56,2.39
7.395490794,0.62,2.31
7.396976305,0.66,2.19
7.398461817,0.64,2.27
7.399947329,0.63,2.14
7.40143284,0.52,2.17
7.402918352,0.65,2.16
7.404403864,0.63,2.15
7.405889376,0.53,2.23
7.407374887,0.55,2.15
7.408860399,0.67,2.31
7.410345911,0.53,2.35
7.411831422,0.56,2.33
7.413316934,0.56,2.3
7.414802446,0.54,2.45
7.416287957,0.5,2.5
7.417773469,0.65,2.37
7.419258981,0.49,2.36
7.420744493,0.54,2.33
7.422230004,0.6,2.38
7.423715516,0.48,2.41
7.425201028,0.64,2.44
7.426686539,0.49,2.54
7.428172051,0.54,2.48
7.429657563,0.44,2.37
7.431143074,0.51,2.38
7.432628586,0.64,2.27
7.434114098,0.59,2.44
7.43559961,0.55,2.47
7.437085121,0.59,2.24
7.438570633,0.49,2.27
7.440056145,0.5,2.22
7.441541656,0.67,2.22
7.443027168,0.53,2.19
7.44451268,0.56,1.85
7.445998191,0.59,1.95
7.447483703,0.47,2.12
7.448969215,0.5,1.93
7.450454727,0.42,2.25
7.451940238,0.69,2.33
7.45342575,0.64,2.32
7.454911262,0.57,2.45
7.456396773,0.6,2.29
7.457882285,0.54,2.25
7.459367797,0.42,2.45
7.460853308,0.34,2.47
7.463824332,0.43,2.67
7.465345172,0.63,2.45
7.46687343,0.53,2.38
7.468401689,0.57,2.44
7.469929947,0.68,2.53
7.471458206,0.67,2.46
7.472986464,0.69,2.17
7.474514723,0.59,2.36
7.476042981,0.62,2.31
7.47757124,0.74,2.11
7.479099498,0.79,2.08
7.480627757,0.66,2.03
7.482156015,0.74,2.18
7.483684273,0.8,2.27
7.485212532,0.65,2.21
7.48674079,0.8,1.97
7.488269049,0.63,2.28
7.489797307,0.7,2.22
7.492853824,0.63,2.19
7.494382083,0.6,2.14
7.495910341,0.43,2.35
7.4974386,0.47,2.25
7.498966858,0.53,2.27
7.500495117,0.53,2.36
7.502023375,0.49,2.51
7.503551634,0.47,2.44
7.505079892,0.43,2.6
7.50660815,0.53,2.34
7.508136409,0.42,2.36
7.509664667,0.46,2.4
7.511192926,0.32,2.3
7.512721184,0.49,2.05
7.514249443,0.45,2.49
7.515777701,0.6,2.22
7.51730596,0.61,2.45
7.518834218,0.54,2.31
7.520362477,0.56,2.25
7.521890735,0.61,2.16
7.523418994,0.62,2.2
7.524947252,0.72,2.08
7.526475511,0.7,2.29
7.528003769,0.61,2.26
7.529532027,0.68,2.36
7.531060286,0.68,2.28
7.532588544,0.59,2.15
7.534116803,0.64,2.34
7.535645061,0.52,2.32
7.53717332,0.51,2.4
7.538701578,0.52,2.08
7.540229837,0.46,2.2
7.541758095,0.41,2.33
7.543286354,0.53,2.15
7.544814612,0.43,2.28
7.546342871,0.54,2.06
7.547871129,0.48,2.46
7.549399388,0.26,2.52
7.550927646,0.34,2.56
7.552455905,0.39,2.7
7.553984163,0.24,2.38
7.555512421,0.51,2.43
7.55704068,0.43,2.38
7.558568938,0.57,2.4
7.560097197,0.6,2.22
7.561625455,0.55,2.23
7.563153714,0.62,2.16
7.564681972,0.52,2.25
7.566210231,0.56,2.21
7.567738489,0.64,2.24
7.569266748,0.64,2.18
7.570795006,0.83,2.11
7.572323265,0.78,2.38
7.573851523,0.76,2.45
7.575379782,0.7,2.4
7.57690804,0.72,2.49
7.578436298,0.62,2.47
7.579964557,0.56,2.53
7.581492815,0.59,2.55
7.583021074,0.71,2.57
7.584549332,0.62,2.56
7.586077591,0.65,2.37
7.587605849,0.64,2.45
7.589134108,0.69,2.58
7.590662366,0.67,2.46
7.592190625,0.61,2.43
7.593718883,0.83,2.61
7.595247142,0.78,2.57
7.5967754,0.64,2.41
7.598303659,0.67,2.54
7.599831917,0.77,2.42
7.601360175,0.63,2.46
7.602888434,0.69,2.39
7.604416692,0.77,2.31
7.605944951,0.81,2.2
7.607473209,0.62,2.23
7.609001468,0.63,2.29
7.610529726,0.63,2.31
7.612057985,0.68,2.15
7.613586243,0.77,2.33
7.615114502,0.81,2.47
7.61664276,0.68,2.56
7.618171019,0.71,2.35
7.619699277,0.84,2.42
7.621227536,0.75,2.12
7.622755794,0.8,2.25
7.624284053,0.82,2.39
7.627340569,0.92,2.58
7.628868828,0.72,2.35
7.630397086,0.87,2.43
7.631925345,0.8,2.46
7.633453603,0.71,2.3
7.634981862,1,2.26
7.63651012,0.92,2.25
7.638038379,1,2.06
7.639530169,0.55,2.13
7.640971509,0.7,2.21
7.645295528,1.1,2.31
7.646736868,1.1,2.34
7.648178208,0.91,2.32
7.649619548,1,2.33
7.651060888,1,2.22
7.652502227,1,2.18
7.653943567,0.83,2.52
7.655384907,0.94,2.33
7.656826247,0.95,2.37
7.658267587,0.95,2.5
7.659708926,0.8,2.41
7.661150266,0.8,2.36
7.662591606,0.83,2.46
7.664032946,0.9,2.4
7.665474286,0.83,2.3
7.666915625,0.71,2.51
7.668356965,0.83,2.25
7.669798305,0.79,2.25
7.671239645,0.49,2.54
7.672680985,0.74,2.17
7.674122324,0.69,2.52
7.675563664,0.86,2.4
7.677005004,0.88,2.24
7.678446344,0.99,2.28
7.679887684,0.91,2.31
7.681329023,0.84,2.32
7.682770363,0.95,2.27
7.684211703,1,2.27
7.685653043,0.98,2.07
7.687094383,0.87,2.27
7.688535722,0.98,2.26
7.689977062,0.99,2.21
7.691418402,0.92,2.35
7.692859742,1,2.45
7.694301082,0.92,2.38
7.695742422,0.43,2.57
7.697183761,0.69,2.31
7.698625101,0.67,2.59
7.700066441,0.79,2.38
7.701507781,0.71,2.35
7.702949121,0.53,2.47
7.70439046,0.72,2.35
7.7058318,0.5,2.26
7.70727314,0.57,2.49
7.70871448,0.81,2.41
7.71015582,0.97,2.52
7.711597159,0.61,2.39
7.713038499,0.68,2.46
7.714479839,1.1,2.38
7.715921179,1,2.33
7.717362519,1.1,2.42
7.718803858,0.97,2.17
7.720245198,0.93,2.36
7.721686538,0.86,2.37
7.723127878,0.79,2.26
7.724569218,1.1,2.32
7.726010557,1,2.33
7.727451897,1.1,2.52
7.728893237,1.1,2.37
7.730334577,0.81,2.53
7.731775917,0.79,2.54
7.733217256,0.81,2.63
7.734576535,0.88,2.57
7.735901982,0.83,2.53
7.737227429,0.83,2.54
7.738552875,0.84,2.34
7.739878322,0.87,2.55
7.741203769,0.87,2.39
7.742529215,0.99,2.51
7.743854662,0.76,2.24
7.745180108,0.68,2.43
7.746505555,0.86,2.45
7.747831002,0.98,2.38
7.749156448,0.96,2.34
7.750481895,0.99,2.47
7.751807341,0.99,2.12
7.753132788,0.47,2.56
7.754458235,0.93,2.42
7.755783681,1,2.36
7.757109128,1.1,2.47
7.758434575,1,2.56
7.759760021,1,2.43
7.761085468,1,2.44
7.762410914,0.98,2.35
7.763736361,1.1,2.41
7.765061808,0.92,2.35
7.766387254,0.89,2.5
7.767712701,0.87,2.49
7.769038148,0.91,2.41
7.770363594,0.99,2.43
7.773014487,0.92,2.32
7.774339934,0.9,2.33
7.775665381,1.1,2.27
7.776990827,0.74,2.57
7.778316274,0.9,2.34
7.77964172,0.93,2.48
7.780967167,0.89,2.21
7.78361806,0.89,2.41
7.784943507,0.87,2.46
7.786268954,0.85,2.19
7.7875944,0.78,2.07
7.788919847,0.85,2.41
7.790245293,0.79,1.97
7.79157074,0.37,2.11
7.792896187,0.83,2.32
7.794221633,0.8,2.35
7.79554708,0.66,2.45
7.796872526,0.64,2.38
7.798197973,0.35,2.33
7.79952342,0.6,2.21
7.800848866,0.88,2.24
7.802174313,0.79,2.41
7.80349976,0.81,2.41
7.804825206,0.94,2.4
7.806150653,1,2.33
7.807476099,0.97,2.13
7.808801546,1.1,2.38
7.810126993,0.6,2.51
7.811452439,1,2.48
7.812777886,0.99,2.08
7.814103333,0.97,2.17
7.815428779,1.1,2.26
7.816754226,0.9,2.21
7.818079672,0.88,2.35
7.819405119,1,2.32
7.820730566,0.89,2.27
7.822056012,0.83,2.35
7.823381459,0.96,2.67
7.824706905,0.81,2.55
7.826297441,0.82,2.52
7.827622888,0.88,2.39
7.828948335,0.85,2.27
7.830273781,0.67,2.35
7.831599228,0.78,2.47
7.832924674,0.74,2.41
7.834250121,0.75,2.31
7.835575568,0.77,2.36
7.836901014,1,2.39
7.838226461,0.63,2.34
7.839551908,0.96,2.45
7.840877354,1,2.38
7.842202801,0.76,2.5
7.843528247,1,2.29
7.844853694,0.96,2.47
7.846179141,0.93,2.51
7.847504587,0.91,2.47
7.848830034,0.75,2.38
7.850155481,0.81,2.5
7.851480927,0.79,2.4
7.852806374,0.8,2.48
7.85413182,0.68,2.36
7.855192178,0.67,2.34
7.856517624,0.54,2.24
7.857843071,0.2,2.46
7.859168518,0.37,2.53
7.860493964,0.49,2.42
7.861819411,0.49,2.44
7.863144857,0.45,2.39
7.864470304,0.53,2.56
7.865795751,0.49,2.42
7.867121197,0.43,2.35
7.868446644,0.64,2.37
7.870224161,0.57,2.36
7.872484857,0.55,2.08
7.874745552,0.55,2.31
7.877006247,0.52,2.42
7.879266942,0.48,2.27
7.881527638,0.49,2.45
7.883788333,0.25,2.42
7.886049028,0.31,2.49
7.888309724,0.32,2.58
7.890570419,0.26,2.49
7.892831114,0.61,2.45
7.89509181,0.5,2.45
7.897352505,0.6,2.49
7.8996132,0.54,2.41
7.901873895,0.58,2.44
7.904134591,0.46,2.52
7.906395286,0.51,2.48
7.908655981,0.45,2.56
7.910916677,0.49,2.4
7.913177372,0.42,2.42
7.915438067,0.48,2.51
7.917698763,0.41,2.38
7.919959458,0.31,2.47
7.922220153,0.5,2.46
7.924480848,0.48,2.38
7.926741544,0.53,2.5
7.929002239,0.51,2.5
7.931262934,0.61,2.46
7.93352363,0.57,2.38
7.935784325,0.61,2.52
7.93804502,0.57,2.5
7.940305716,0.6,2.31
7.942566411,0.57,2.38
7.944827106,0.4,2.63
7.947087801,0.45,2.51
7.949348497,0.5,2.46
7.951609192,0.53,2.51
7.953869887,0.62,2.5
7.956130583,0.7,2.59
7.958391278,0.74,2.66
7.960651973,0.72,2.54
7.962912669,0.61,2.42
7.969694754,0.68,2.52
7.974216145,0.71,2.53
7.97647684,0.52,2.55
7.978737536,0.64,2.52
7.980998231,0.68,2.45
7.983258926,0.64,2.54
7.985519622,0.61,2.56
7.987780317,0.35,2.44
7.990041012,0.52,2.44
7.992301707,0.44,2.39
7.994562403,0.56,2.28
7.996823098,0.49,2.23
7.998853771,0.67,2.15
8.000194088,0.52,2.21
8.001534406,0.58,2.31
8.002874723,0.59,2.23
8.004215041,0.58,2.33
8.005555358,0.64,2.27
8.008235993,0.46,2.43
8.009576311,0.49,2.51
8.010916628,0.41,2.54
8.012256946,0.38,2.28
8.013597263,0.37,2.4
8.014937581,0.59,2.35
8.016277898,0.72,2.39
8.017618216,0.71,2.44
8.018958533,0.67,2.34
8.020298851,0.73,2.38
8.021639168,0.61,2.26
8.022979486,0.78,2.19
8.024319803,0.75,2.37
8.025660121,0.79,2.51
8.027000438,0.79,2.41
8.028340756,0.8,2.5
8.029681073,0.68,2.34
8.031021391,0.64,2.47
8.032361708,0.85,2.08
8.035042343,0.72,2.36
8.03638266,0.56,2.23
8.037722978,0.66,2.18
8.039063295,0.59,2.49
8.040403613,0.69,2.65
8.04174393,0.7,2.68
8.043084248,0.71,2.57
8.044424565,0.66,2.8
8.045764883,0.77,2.67
8.0471052,0.73,2.58
8.048445518,0.7,2.72
8.049785835,0.79,2.44
8.051126153,0.71,2.8
8.05246647,0.91,2.64
8.053806788,0.88,2.53
8.055147105,0.7,2.59
8.056487423,0.89,2.59
8.05782774,0.85,2.47
8.059168058,0.89,2.58
8.060508375,0.89,2.47
8.061848693,0.84,2.56
8.06318901,0.85,2.48
8.064529328,0.85,2.47
8.065929071,0.93,2.31
8.067425888,0.87,2.55
8.068922705,0.91,2.43
8.070419522,0.91,2.51
8.071916339,0.89,2.43
8.073413157,0.74,2.22
8.074909974,0.85,2.44
8.076406791,0.83,2.56
8.077903608,0.86,2.61
8.079400425,0.84,2.43
8.080897242,0.84,2.55
8.08239406,0.78,2.45
8.083890877,0.64,2.33
8.085387694,0.62,2.46
8.086884511,0.66,2.5
8.088381328,0.72,2.37
8.089878145,0.69,2.49
8.091374963,0.55,2.23
8.09287178,0.57,2.59
8.094368597,0.68,2.53
8.095865414,0.66,2.49
8.097362231,0.61,2.6
8.098859048,0.64,2.55
8.100355865,0.69,2.57
8.101852683,0.62,2.56
8.1033495,0.54,2.54
8.104846317,0.73,2.56
8.106343134,0.77,2.57
8.107839951,0.7,2.55
8.109336768,0.73,2.6
8.110833586,0.75,2.57
8.112330403,0.73,2.5
8.11382722,0.7,2.6
8.115324037,0.77,2.61
8.116820854,0.81,2.6
8.118317671,0.77,2.64
8.119814488,0.84,2.55
8.121311306,0.82,2.59
8.122808123,0.82,2.61
8.12430494,0.81,2.61
8.125801757,0.81,2.59
8.127298574,0.88,2.47
8.128795391,0.82,2.4
8.130292209,0.83,2.48
8.131789026,0.8,2.49
8.133285843,0.82,2.48
8.13478266,0.78,2.51
8.136279477,0.81,2.42
8.137776294,0.77,2.43
8.139273112,0.68,2.52
8.140769929,0.65,2.48
8.142266746,0.69,2.38
8.143763563,0.72,2.51
8.14526038,0.53,2.43
8.146757197,0.69,2.3
8.148254014,0.71,2.49
8.149750832,0.48,2.54
8.151247649,0.49,2.6
8.152744466,0.55,2.51
8.154241283,0.42,2.49
8.1557381,0.56,2.36
8.157234917,0.71,2.35
8.158731735,0.58,2.47
8.160228552,0.69,2.34
8.161725369,0.61,2.41
8.163222186,0.67,2.31
8.164719003,0.67,2.34
8.16621582,0.77,2.44
8.167712637,0.88,2.51
8.169209455,0.8,2.42
8.170706272,0.74,2.3
8.172203089,0.68,2.37
8.173699906,0.64,2.45
8.175196723,0.61,2.45
8.17669354,0.65,2.34
8.178190358,0.65,2.29
8.179687175,0.6,2.32
8.181183992,0.64,2.3
8.182680809,0.55,2.38
8.184177626,0.62,2.42
8.185674443,0.58,2.53
8.187171261,0.41,2.41
8.188668078,0.41,2.46
8.190164895,0.56,2.39
8.191661712,0.44,2.45
8.193158529,0.6,2.38
8.194655346,0.86,2.5
8.196152163,0.76,2.38
8.197648981,0.86,2.42
8.199145798,0.86,2.36
8.200642615,0.99,2.29
8.202139432,0.98,2.51
8.204064671,0.98,2.44
8.206548461,1,2.38
8.209032251,0.89,2.55
8.213999831,0.85,2.28
8.21648362,0.59,2.44
8.21896741,0.88,2.31
8.2214512,0.54,2.54
8.22393499,0.93,2.38
8.226418779,0.91,2.41
8.231386359,0.79,2.35
8.233870149,0.87,2.42
8.236353939,0.74,2.4
8.238837728,0.88,2.49
8.241321518,0.72,2.48
8.243805308,0.87,2.54
8.246289098,0.8,2.46
8.248772887,0.75,2.27
8.251256677,0.7,2.44
8.253740467,0.77,2.04
8.256224257,0.65,2.07
8.258708047,0.74,2.1
8.261191836,0.72,1.97
8.263675626,0.75,2.28
8.266159416,0.59,2.25
8.268643206,0.67,2.35
8.271126995,0.73,2.68
8.273610785,0.69,2.27
8.276094575,0.71,2.28
8.278578365,0.67,2.59
8.281062154,0.65,2.23
8.284042702,0.68,2.21
8.286526492,0.6,2.23
8.289010282,0.63,2.28
8.291494072,0.73,2.43
8.293977861,0.62,2.22
8.296461651,0.69,2.56
8.298945441,0.69,2.3
8.301429231,0.57,2.47
8.30391302,0.76,2.35
8.30639681,0.65,2.57
8.3088806,0.45,2.24
8.31136439,0.47,2.38
8.313848179,0.5,2.46
8.316331969,0.42,2.44
8.318815759,0.4,2.67
8.321299549,0.41,2.63
8.323783339,0.3,2.74
8.326267128,0.37,2.59
8.328750918,0.46,2.49
8.331234708,0.55,2.65
8.333718498,0.66,2.62
8.336202287,0.64,2.5
8.338686077,0.78,2.62
8.341169867,0.75,2.56
8.343653657,0.81,2.47
8.345640689,0.76,2.57
8.346137447,0.73,2.47
8.348124478,0.75,2.57
8.348621236,0.89,2.31
8.350608268,0.67,2.47
8.353092058,0.64,2.52
8.355575848,0.7,2.59
8.358059637,0.63,2.58
8.360543427,0.6,2.49
8.363027217,0.62,2.6
8.367994797,0.56,2.54
8.370478586,0.54,2.54
8.372962376,0.53,2.49
8.375446166,0.42,2.51
8.377929956,0.32,2.4
8.380413745,0.15,2.44
8.382897535,0.29,2.44
8.385381325,0.19,2.37
8.387865115,0.17,2.49
8.390348904,0.44,2.56
8.392832694,0.38,2.54
8.395316484,0.49,2.44
8.397800274,0.59,2.36
8.400284064,0.58,2.28
8.402767853,0.6,2.43
8.405251643,0.56,2.32
8.407735433,0.59,2.41
8.410219223,0.62,2.49
8.412703012,0.65,2.44
8.415186802,0.62,2.54
8.417670592,0.53,2.55
8.420154382,0.38,2.25
8.422638172,0.46,2.3
8.425121961,0.33,2.16
8.427252099,0.42,2.28
8.428934641,0.38,2.38
8.430617183,0.41,2.6
8.432299725,0.39,2.49
8.433982267,0.48,2.54
8.435664809,0.6,2.31
8.437347351,0.62,2.46
8.439029893,0.57,2.47
8.440712435,0.56,2.37
8.442394977,0.55,2.38
8.44407752,0.64,2.45
8.445760062,0.69,2.24
8.447442604,0.77,2.44
8.449125146,0.66,2.48
8.450807688,0.7,2.4
8.45249023,0.49,2.62
8.454172772,0.79,2.54
8.455855314,0.68,2.38
8.457537856,0.55,2.69
8.459220398,0.66,2.67
8.460902941,0.78,2.55
8.462585483,0.64,2.41
8.464268025,0.76,2.53
8.465950567,0.95,2.42
8.467633109,0.24,2.46
8.469315651,0.15,2.44
8.470998193,0.88,2.42
8.472680735,0.31,2.38
8.474363277,0.86,2.43
8.476045819,0.87,2.35
8.477728362,0.88,2.46
8.479410904,0.87,2.39
8.481093446,0.61,2.38
8.482775988,0.92,2.34
8.48445853,0.99,2.46
8.486141072,0.93,2.29
8.487823614,0.77,2.33
8.489506156,0.9,2.33
8.49287124,0.94,2.28
8.494553783,0.96,2.38
8.496236325,0.98,2.44
8.497918867,0.54,2.57
8.499601409,0.81,2.4
8.501283951,0.76,2.47
8.502966493,0.88,2.46
8.504649035,0.77,2.31
8.508014119,0.87,2.36
8.509696661,0.9,2.36
8.511379204,0.81,2.28
8.513061746,0.85,2.3
8.51642683,0.8,2.42
8.518109372,0.83,2.37
8.519791914,0.96,2.93
8.521474456,0.91,2.64
8.523156998,0.71,2.6
8.52483954,0.96,2.47
8.526522082,0.92,2.41
8.528204625,0.83,2.47
8.529887167,1,2.36
8.531569709,1,2.36
8.533252251,0.95,2.32
8.534934793,1,2.35
8.536617335,1,2.44
8.538299877,1,2.41
8.539982419,0.95,2.27
8.541664961,0.94,2.26
8.543347503,0.73,2.19
8.545162591,0.92,2.29
8.546992293,0.61,2.15
8.548821996,0.7,2.36
8.550651698,0.62,2.29
8.5524814,0.94,2.43
8.554311103,0.8,2.51
8.556140805,0.69,2.38
8.557970508,0.75,2.61
8.55980021,0.74,2.41
8.561629912,0.89,2.54
8.563459615,0.85,2.59
8.565289317,0.9,2.46
8.56711902,0.95,2.49
8.568948722,0.99,2.23
8.570778424,0.95,2.45
8.572608127,1,2.35
8.574437829,1.1,2.51
8.576267532,1.1,2.33
8.578097234,1,2.16
8.579926936,0.79,2.3
8.581756639,1.1,2.35
8.583586341,1.1,2.29
8.585416044,0.95,2.39
8.587245746,0.77,2.35
8.589075448,0.85,2.73
8.590905151,0.93,2.15
8.592734853,0.93,2.64
8.594564556,0.92,2.47
8.596394258,0.94,2.53
8.59822396,0.88,2.61
8.600053663,0.92,2.76
8.601883365,0.98,2.65
8.603713068,0.83,2.68
8.60554277,0.96,2.66
8.607372472,0.92,2.64
8.609202175,0.94,2.79
8.611031877,0.89,2.72
8.61286158,0.91,2.55
8.614691282,0.82,2.66
8.616520984,0.85,2.68
8.618350687,0.82,2.62
8.619448508,0.91,2.52
8.621278211,0.81,2.37
8.623107913,0.82,2.66
8.624937615,0.75,2.53
8.626767318,0.8,2.53
8.632256425,0.51,2.56
8.634086127,0.68,2.33
8.63591583,0.64,2.83
8.637745532,0.66,2.67
8.639575235,0.61,2.51
8.641404937,0.53,2.4
8.643234639,0.54,2.55
8.645064342,0.63,2.54
8.646894044,0.72,2.46
8.648723747,0.68,2.51
8.650553449,0.67,2.42
8.652383151,0.64,2.38
8.654212854,0.7,2.45
8.656042556,0.73,2.36
8.657872259,0.76,2.2
8.659701961,0.56,2.26
8.661531663,0.41,2.25
8.663361366,0.42,2.05
8.665461332,0.46,2.12
8.667619101,0.34,2.56
8.66977687,0.41,2.72
8.671934639,0.35,2.63
8.674092408,0.3,2.53
8.676250177,0.2,2.53
8.678407945,0.43,2.64
8.680565714,0.37,2.58
8.682723483,0.66,2.52
8.684881252,0.52,2.33
8.687039021,0.64,2.33
8.68919679,0.55,2.33
8.691354559,0.7,2.37
8.693512328,0.54,2.61
8.695670097,0.74,2.44
8.697827866,0.55,2.55
8.699985634,0.6,2.53
8.702143403,0.66,2.47
8.704301172,0.76,2.49
8.706458941,0.74,2.19
8.70861671,0.64,2.26
8.710774479,0.68,2.37
8.712932248,0.78,2.36
8.715090017,0.74,2.56
8.717247786,0.82,2.36
8.719405555,0.69,2.5
8.721563323,0.65,2.53
8.723721092,0.53,2.6
8.725878861,0.76,2.78
8.72803663,0.73,2.56
8.730194399,0.8,2.6
8.732352168,0.61,2.69
8.734509937,0.81,2.47
8.736667706,0.8,2.43
8.738825475,0.85,2.47
8.740983244,0.86,2.34
8.743141012,0.75,2.48
8.745298781,0.62,2.55
8.74745655,0.79,2.4
8.749614319,0.86,2.3
8.751772088,0.75,2.23
8.753929857,0.65,2.19
8.756087626,0.78,2.08
8.758245395,0.72,2.11
8.760403164,0.64,2.23
8.762560933,0.62,2.28
8.764718701,0.69,2.3
8.76687647,0.75,2.49
8.769034239,0.73,2.49
8.771192008,0.77,2.52
8.773349777,0.7,2.35
8.775507546,0.83,2.36
8.777665315,0.99,2.34
8.779823084,0.76,2.2
8.781980853,0.71,2.32
8.784138622,0.66,2.27
8.78629639,0.59,2.23
8.788454159,0.71,2.22
8.790611928,0.72,2.26
8.792769697,0.69,2.39
8.794927466,0.76,2.43
8.797085235,0.74,2.59
8.799243004,0.71,2.5
8.801400773,0.73,2.47
8.803558542,0.71,2.49
8.805716311,0.76,2.55
8.807874079,0.71,2.46
8.810031848,0.78,2.48
8.812189617,0.79,2.59
8.814347386,0.75,2.65
8.816505155,0.81,2.54
8.818662924,0.97,2.66
8.820820693,0.95,2.51
8.822978462,0.97,2.52
8.825136231,1,2.71
8.827294,1.1,2.4
8.829451768,1,2.33
8.831609537,1,2.31
8.833767306,1,2.51
8.835925075,0.99,2.44
8.838082844,0.87,2.53
8.840240613,0.89,2.29
8.842398382,0.9,2.46
8.844556151,0.92,2.54
8.84671392,0.9,2.51
8.848871689,0.91,2.4
8.851029457,0.95,2.5
8.853187226,0.92,2.56
8.855344995,0.92,2.55
8.857502764,1,2.48
8.859660533,0.92,2.33
8.861818302,0.98,2.5
8.863976071,0.91,2.45
8.86613384,1,2.33
8.868310311,1,2.19
8.871092347,0.82,2.3
8.873874382,0.73,2.37
8.876656418,0.63,2.4
8.879438453,0.79,2.26
8.882220489,0.82,2.64
8.885002525,0.72,2.59
8.88778456,0.98,2.51
8.890566596,0.84,2.58
8.893348631,0.97,2.64
8.896130667,0.85,2.56
8.898912703,0.83,2.44
8.901694738,0.99,2.57
8.904476774,0.92,2.61
8.907258809,0.86,2.55
8.910040845,0.07,2.52
8.915604916,0.79,2.47
8.918386952,0.78,2.59
8.921168987,0.76,2.61
8.923951023,0.8,2.57
8.926733059,0.56,2.63
8.929515094,0.84,2.49
8.93229713,0.77,2.5
8.935079165,0.8,2.68
8.937861201,0.69,2.44
8.940643237,0.72,2.5
8.943425272,0.7,2.36
8.948989344,0.77,2.35
8.951771379,0.68,2.3
8.954079302,0.65,2.39
8.95618575,0.63,2.33
8.958292198,0.64,2.27
8.960398646,0.59,2.55
8.962505093,0.57,2.66
8.964611541,0.6,2.58
8.966717989,0.59,2.72
8.968824437,0.58,2.47
8.970930885,0.6,2.77
8.975143781,0.69,2.59
8.979356676,0.61,2.49
8.981463124,0.65,2.34
8.983569572,0.69,2.31
8.98567602,0.6,2.5
8.987782468,0.77,2.42
8.989888916,0.63,2.63
8.991995364,0.71,2.42
8.994101812,0.77,2.6
8.99620826,0.66,2.51
8.998314707,0.72,2.39
9.000421155,0.53,2.26
9.002527603,0.63,2.36
9.004634051,0.32,2.25
9.006740499,0.37,2.2
9.008846947,0.4,2.44
9.010953395,0.34,2.43
9.013059843,0.33,2.61
9.01516629,0.26,2.52
9.017272738,0.32,2.36
9.019379186,0.29,2.37
9.023592082,0.44,2.37
9.02569853,0.38,2.2
9.027804978,0.37,1.87
9.029911426,0.56,2.07
9.032017873,0.43,1.99
9.036233339,0.53,2.11
9.038342773,0.51,2.13
9.042561642,0.66,2.02
9.044671077,0.41,2.29
9.046780511,0.33,2.08
9.048889946,0.36,2.12
9.053108815,0.45,2.24
9.055218249,0.29,2.42
9.057327684,0.38,2.54
9.059437118,0.58,2.44
9.061546553,0.37,2.52
9.063655987,0.21,2.45
9.065765421,0.62,2.46
9.067874856,0.09,2.26
9.06998429,0.52,2.41
9.072093725,0.52,2.27
9.074203159,0.69,2.4
9.076312594,0.57,2.49
9.078422028,0.62,2.46
9.080531463,0.54,2.47
9.082640897,0.49,2.57
9.084750332,0.49,2.52
9.086859766,0.51,2.43
9.088969201,0.67,2.47
9.091078635,0.51,2.45
9.093188069,0.55,2.29
9.095297504,0.67,2.46
9.097406938,0.56,2.27
9.099516373,0.52,2.21
9.101625807,0.58,2.28
9.103735242,0.6,2.27
9.105844676,0.39,2.31
9.107954111,0.4,2.13
9.110063545,0.56,2.25
9.11217298,0.63,2.34
9.114282414,0.61,2.35
9.116391849,0.69,2.29
9.118501283,0.65,2.13
9.120610717,0.59,2.16
9.122567222,0.61,2.13
9.124441349,0.59,2.12
9.126315475,0.28,2.51
9.128189602,0.6,2.39
9.130063729,0.53,2.4
9.131937856,0.49,2.31
9.133811983,0.47,2.19
9.135686109,0.77,2.26
9.137560236,0.64,2.31
9.139434363,0.7,2.23
9.14130849,0.57,2.14
9.143182617,0.3,2.11
9.145056743,0.59,2.15
9.14693087,0.4,2.4
9.148804997,0.64,2.27
9.150679124,0.68,2.26
9.152553251,0.68,2.29
9.154427377,0.69,2.32
9.156301504,0.66,2.11
9.158607331,0.76,2.19
9.161265911,0.6,2.3
9.163924492,0.65,2.1
9.166583072,0.59,1.97
9.169241652,0.56,2.2
9.171900232,0.6,2.32
9.174558813,0.75,2.32
9.177217393,0.54,2.61
9.179875973,0.57,2.46
9.182534553,0.49,2.53
9.185193133,0.54,2.34
9.187851714,0.44,2.39
9.190510294,0.62,2.43
9.193168874,0.63,2.41
9.195827454,0.78,2.42
9.198486034,0.58,2.32
9.201144615,0.54,2.33
9.203803195,0.59,2.36
9.211778936,0.43,2.64
9.214437516,0.44,2.67
9.217096096,0.58,2.55
9.219754676,0.43,2.57
9.222413256,0.59,2.63
9.225071837,0.42,2.58
9.227730417,0.54,2.48
9.230388997,0.51,2.44
9.233047577,0.67,2.39
9.235706157,0.64,2.38
9.238364738,0.7,2.36
9.240924109,0.6,2.32
9.243245997,0.62,2.42
9.245567886,0.68,2.34
9.247889774,0.6,2.34
9.250211663,0.5,2.24
9.252533551,0.5,2.42
9.254855439,0.38,2.53
9.257177328,0.37,2.51
9.259499216,0.33,2.64
9.261821105,0.41,2.57
9.264142993,0.51,2.56
9.266464881,0.46,2.63
9.26878677,0.25,2.65
9.271108658,0.41,2.44
9.273430547,0.37,2.6
9.275752435,0.42,2.52
9.278074324,0.64,2.44
9.280396212,0.59,2.3
9.2827181,0.51,2.39
9.285039989,0.39,2.3
9.287361877,0.55,2.31
9.289683766,0.43,2.35
9.292005654,0.57,2.25
9.294327542,0.37,2.28
9.296649431,0.49,2.44
9.298971319,0.5,2.58
9.301293208,0.24,2.19
9.303615096,0.31,2.39
9.305936985,0.5,2.38
9.308258873,0.51,2.39
9.310580761,0.45,2.33
9.31290265,0.42,2.45
9.315224538,0.48,2.26
9.317546427,0.52,2.28
9.319868315,0.53,2.21
9.322190203,0.41,2.25
9.324512092,0.31,2.14
9.32683398,0.3,2.1
9.329155869,0.26,2.31
9.331477757,0.22,2.36
9.333799646,0.4,2.31
9.336121534,0.33,2.39
9.338443422,0.2,2.39
9.340765311,0.16,2.52
9.343087199,0.43,2.59
9.345409088,0.48,2.51
9.347730976,0.42,2.39
9.350052865,0.39,2.44
9.352374753,0.43,2.27
9.354696641,0.37,2.39
9.35701853,0.48,2.35
9.359340418,0.5,2.3
9.361662307,0.5,2.2
9.363984195,0.5,2.18
9.366306083,0.2,2.18
9.368627972,0.31,2.27
9.37094986,0.37,2.14
9.373271749,0.31,2.39
9.375593637,0.32,2.34
9.377915526,0.43,2.32
9.380237414,0.41,2.42
9.382559302,0.36,2.49
9.384881191,0.32,2.28
9.387203079,0.4,2.5
9.389524968,0.39,2.21
9.391846856,0.38,2.31
9.394168744,0.44,2.32
9.396490633,0.52,2.17
9.398812521,0.47,2.23
9.40113441,0.43,2.15
9.403296333,0.33,2.03
9.405186422,0.37,2.17
9.407076512,0.4,2.25
9.408966601,0.32,2.32
9.410856691,0.27,2.41
9.41274678,0.34,2.46
9.41463687,0.16,2.51
9.416526959,0.22,2.35
9.418417049,0.12,2.46
9.420307138,0.11,2.39
9.422197228,0.19,2.44
9.424087317,0.08,2.54
9.425977406,0.05,2.42
9.427867496,-0.05,2.46
9.429757585,0.23,2.58
9.431647675,0.32,2.51
9.433537764,0.38,2.42
9.435427854,0.37,2.34
9.437317943,0.37,2.45
9.439208033,0.37,2.01
9.441098122,0.35,2.24
9.442988212,0.37,2.17
9.444878301,0.33,2.27
9.446768391,0.29,2.22
9.44865848,0.23,2.47
9.45054857,0.28,2.3
9.452438659,0.31,2.51
9.454328749,0.06,2.39
9.456218838,0.24,2.51
9.458108927,0.27,2.59
9.459999017,0.12,2.38
9.461889106,0.18,2.44
9.463779196,0.29,2.36
9.465669285,0.35,2.38
9.467559375,0.37,2.36
9.469449464,0.21,2.51
9.471339554,0.39,2.38
9.473229643,0.29,2.47
9.475119733,0.37,2.26
9.477009822,0.19,2.26
9.478899912,0.39,2.21
9.480790001,0.41,2.22
9.482680091,0.18,2.29
9.48457018,0.2,2.15
9.486460269,0.3,2.26
9.488350359,0.22,2.28
9.490240448,0.27,2.08
9.492130538,0.11,2.43
9.494020627,0.28,2.39
9.495910717,0.22,2.52
9.499690896,0.29,2.44
9.501580985,0.35,2.52
9.503471075,0.33,2.38
9.505361164,0.24,2.44
9.507251254,0.37,2.4
9.509141343,0.52,2.34
9.511031433,0.46,2.31
9.512921522,0.41,2.37
9.514811612,0.49,2.15
9.51859179,0.34,2.19
9.520897867,0.16,1.98
9.523008653,0.29,2.13
9.525119439,0.21,2.48
9.527230225,0.18,2.41
9.529341011,0.19,2.51
9.531451797,0.2,2.45
9.533562583,0.16,2.5
9.535673369,0.2,2.52
9.537784156,0.15,2.47
9.539894942,0.3,2.4
9.542005728,0.22,2.41
9.544116514,0.36,2.31
9.5462273,0.37,2.38
9.548338086,0.47,2.38
9.550448872,0.46,2.21
9.552559658,0.46,2.3
9.554670444,0.52,2.18
9.55678123,0.36,2.07
9.558892016,0.49,2.15
9.561002802,0.22,2.13
9.563113588,0.4,2.26
9.565224374,0.39,2.19
9.567335161,0.39,2.39
9.569023789,0.42,2.48
9.571134576,0.35,2.4
9.573245362,0.34,2.4
9.575356148,0.43,2.26
9.577466934,0.43,2.38
9.57957772,0.41,2.36
9.581688506,0.44,2.26
9.583799292,0.47,2.32
9.585910078,0.53,2.23
9.588020864,0.51,2.14
9.59013165,0.45,2.23
9.592242436,0.53,2.07
9.594353222,0.38,2.2
9.596464008,0.41,2.03
9.598574794,0.5,1.88
9.600685581,0.29,1.98
9.602796367,0.34,1.96
9.604907153,0.49,2.19
9.607017939,0.28,2.37
9.609128725,0.51,2.44
9.613350297,0.35,2.47
9.615461083,0.44,2.52
9.617571869,0.33,2.5
9.619682655,0.34,2.59
9.621793441,0.36,2.24
9.623904227,0.51,2.42
9.626015013,0.42,2.32
9.6281258,0.6,2.22
9.630236586,0.53,2.17
9.632347372,0.46,2.17
9.634458158,0.52,2.13
9.636568944,0.37,2.13
9.63867973,0.47,2.23
9.640790516,0.41,2.37
9.642901302,0.46,2.17
9.645012088,0.33,2.22
9.647122874,0.36,2.39
9.64923366,0.36,2.17
9.651344446,0.44,2.23
9.653455232,0.26,2.12
9.655566019,0.28,2.29
9.657676805,0.33,2.2
9.659787591,0.22,2.26
9.664009163,0.31,2.33
9.666119949,0.17,2.21
9.668230735,0.32,2.18
9.670341521,0.3,2.12
9.672452307,0.47,2.22
9.674563093,0.33,2.15
9.676673879,0.43,2.16
9.678784665,0.18,1.93
9.680895451,0.24,2.03
9.683006237,0.41,2.12
9.685117024,0.57,2.07
9.68722781,0.57,2.2
9.689338596,0.3,2.39
9.691449382,0.26,2.26
9.693560168,0.34,2.51
9.695670954,0.25,2.53
9.69778174,0.36,2.41
9.699892526,0.36,2.38
9.702003312,0.29,2.5
9.704114098,0.46,2.34
9.706224884,0.49,2.37
9.70833567,0.42,2.33
9.710446456,0.45,2.2
9.712557243,0.52,2.18
9.714668029,0.44,2.29
9.716778815,0.45,2.26
9.718889601,0.44,2.12
9.721000387,0.25,2.3
9.723111173,0.21,2.21
9.724799802,0.3,2.11
9.727332745,0.29,2.34
9.729443531,0.13,2.34
9.731554317,0.23,2.52
9.733665103,0.12,2.43
9.735775889,0.15,2.48
9.737886675,0.07,2.54
9.739997461,0.28,2.55
9.742108248,0.26,2.49
9.744219034,0.4,2.3
9.74632982,0.2,2.14
9.748440606,0.37,2.38
9.750551392,0.23,2.23
9.752662178,0.26,2.22
9.754772964,0.34,2.17
9.75688375,0.35,2.23
9.758994536,0.4,2.18
9.761105322,0.28,2.02
9.763308273,0.35,2.09
9.76503489,0.31,2.06
9.766761506,0.23,2.04
9.768488122,0.01,2.12
9.770214738,0.01,2.07
9.771941354,0.04,2.13
9.77366797,-0.19,2.24
9.775394586,0.13,2.57
9.777121202,0.18,2.37
9.778847818,0.12,2.37
9.780574434,0.02,2.45
9.78230105,0.26,2.27
9.784027667,0.37,2.35
9.785754283,0.26,2.16
9.787480899,0.21,2.09
9.789207515,0.19,2.14
9.790934131,0.22,2
9.792660747,0.33,2.13
9.794387363,0.54,2.35
9.796113979,0.41,2.21
9.797840595,0.56,2.12
9.799567211,0.43,2.1
9.801293828,0.43,2.23
9.803020444,0.34,2.14
9.80474706,0.18,2.33
9.806473676,0.1,2.3
9.808200292,0.15,2.49
9.809926908,-0.11,2.18
9.811653524,0.33,2.68
9.81338014,0.3,2.48
9.815106756,0.31,2.53
9.816833372,0.3,2.83
9.818559988,0.27,2.64
9.819941281,0.38,2.32
9.830300978,0.19,2.3
9.832027594,0.31,2.04
9.83375421,0.21,2.17
9.835480826,0.12,2.12
9.837207442,0.2,2.11
9.838934058,0.2,2.17
9.840660674,0.24,2.2
9.842387291,-0.03,2.21
9.844113907,0.16,2.13
9.845840523,0.26,2.26
9.847567139,0.49,2.02
9.849293755,0.25,2.38
9.851020371,0.27,2.55
9.852746987,0.33,2.42
9.854473603,0.28,2.49
9.856200219,0.23,2.43
9.857926835,0.2,2.41
9.859653452,0.23,2.36
9.861380068,0.23,2.32
9.863106684,0.25,2.29
9.8648333,0.33,2.2
9.866559916,0.23,2.33
9.868286532,-0.28,2.29
9.870013148,0.38,2.21
9.871739764,0.26,2.25
9.87346638,0.37,2.44
9.875192996,0.21,2.32
9.876919612,0.23,2.32
9.878646229,0.1,2.01
9.880372845,0.14,2.2
9.882112065,-0.12,1.7
9.884045617,0.06,1.95
9.88597917,-0.13,2.22
9.887912722,-0.03,1.98
9.889846275,0.03,2.27
9.891779827,-0.02,2.25
9.89371338,0.12,2.34
9.895646932,0.23,2.42
9.897580485,-0.02,2.46
9.899514037,-0.17,2.45
9.901447589,0.06,2.36
9.903381142,0.03,2.4
9.905314694,0.2,2.36
9.907248247,0.13,2.12
9.909181799,0.14,2.14
9.911115352,0.32,2.24
9.913048904,0.17,2.26
9.914982457,0.42,2.26
9.916916009,0.46,2.24
9.918849562,0.4,2.23
9.920783114,0.46,2.23
9.922716667,0.39,2.09
9.924650219,0.45,2.19
9.926583772,0.41,2.18
9.928517324,0.23,2.28
9.930450877,0.19,2.18
9.932384429,0.27,2.31
9.934317981,0.41,2.41
9.936251534,0.33,2.32
9.938185086,0.54,2.31
9.940118639,0.28,2.4
9.942052191,0.25,2.22
9.943985744,0.45,2.3
9.945919296,0.36,2.54
9.947852849,0.41,2.32
9.949786401,0.35,2.45
9.951719954,0.24,2.17
9.953653506,0.31,2.3
9.955587059,0.43,2.29
9.957520611,0.45,2.23
9.959454164,0.44,2.21
9.961387716,0.45,2.11
9.963321269,0.39,2.1
9.965254821,0.41,2.06
9.967188373,0.43,2.08
9.969121926,0.47,2.22
9.971055478,0.44,2.19
9.972989031,0.41,2.01
9.974922583,0.55,2.11
9.976856136,0.5,2.1
9.978789688,0.57,2.03
9.980723241,0.53,2.05
9.982656793,0.42,2
9.984590346,0.37,2.01
9.986523898,0.59,2.1
9.988457451,0.52,1.92
9.990391003,0.39,2.04
9.992324556,0.54,2.26
9.994258108,0.57,2.11
9.996191661,0.65,2.21
10.00005877,0.52,1.92
10.00199232,0.58,2.03
10.00392587,0.66,1.9
10.00585942,0.71,2.08
10.00779298,0.67,2.07
10.00972653,0.62,1.92
10.01166008,0.56,1.91
10.01359363,0.61,2.15
10.01552719,0.46,1.99
10.01746074,0.51,2.38
10.01939429,0.34,2.24
10.02132784,0.48,2.23
10.0232614,0.54,2.33
10.02559634,0.42,2.32
10.02812747,0.51,2.31
10.03065859,0.58,2.29
10.03318971,0.64,2.26
10.03572083,0.59,2.22
10.03825195,0.53,2.21
10.04078308,0.69,2.13
10.04584532,0.53,2.03
10.04837644,0.56,2.1
10.05090757,0.68,2.1
10.05343869,0.58,2.15
10.05596981,0.55,1.97
10.05850093,0.51,2.23
10.06103206,0.47,2.08
10.06356318,0.47,2.23
10.0660943,0.51,2.13
10.06862542,0.45,2.13
10.07166277,0.37,2.09
10.07419389,0.52,2.31
10.07925614,0.66,2.11
10.08178726,0.67,2.13
10.08431838,0.59,1.89
10.0868495,0.73,2.02
10.08938063,0.82,2.03
10.09191175,0.69,2.18
10.09444287,0.68,2.22
10.09697399,0.38,2.08
10.09950511,0.65,2.34
10.10203624,0.69,2.4
10.10456736,0.73,2.34
10.10710733,0.63,2.34
10.10984844,0.73,2.32
10.11258956,0.69,2.34
10.11533067,0.78,2.23
10.11752357,0.68,2.01
10.12026468,0.7,2.24
10.12300579,0.59,1.98
10.12574691,0.68,2.19
10.12848802,0.69,2.21
10.13122914,0.72,2.27
10.13397025,0.63,2.12
10.13671137,0.55,2.08
10.13945248,0.56,1.96
10.1421936,0.51,2.12
10.14493471,0.68,2.26
10.14767583,0.66,2.22
10.15041694,0.63,2.26
10.15315806,0.52,2.16
10.15589917,0.61,2.2
10.15864029,0.52,2.03
10.1613814,0.62,2.15
10.16412251,0.5,2.01
10.16686363,0.57,2.02
10.16960474,0.55,2.1
10.17234586,0.54,2.11
10.17508697,0.67,2.19
10.17782809,0.57,2.1
10.1805692,0.68,2.16
10.18331032,0.78,2.45
10.18605143,0.56,1.98
10.18879255,0.66,2.15
10.19153366,0.49,1.93
10.19427478,0.58,2.06
10.19701589,0.34,1.94
10.19975701,0.56,2.05
10.20249812,0.77,2.34
10.20523923,0.67,2.28
10.20798035,0.6,2.13
10.21072146,0.68,2.22
10.21346258,0.71,2.14
10.21894481,0.77,2.22
10.22168592,0.69,2.23
10.22442704,0.72,2.07
10.22716815,0.78,2.22
10.22990927,0.82,2.14
10.23265038,0.77,2.2
10.2353915,0.88,2.14
10.23813261,0.79,2.1
10.24087373,0.78,2.08
10.24361484,0.77,2.1
10.24635595,0.76,2.02
10.24909707,0.76,2.1
10.25183818,0.64,2.15
10.2545793,0.66,2.14
10.25732041,0.59,2.17
10.26006153,0.66,2.32
10.26280264,0.63,2.37
10.26554376,0.51,2.33
10.26828487,0.51,2.33
10.27099768,0.67,2.5
10.27354458,0.58,2.4
10.27609148,0.69,2.35
10.27863838,0.71,2.29
10.28118528,0.58,2.15
10.28373218,0.69,2.02
10.28627908,0.67,2.05
10.28882599,0.75,2.05
10.29137289,0.74,2.15
10.29391979,0.78,2.19
10.29646669,0.67,2
10.29901359,0.77,2.17
10.30156049,0.83,2.1
10.3041074,0.68,2.04
10.3066543,0.59,1.9
10.3092012,0.56,1.94
10.3117481,0.52,1.99
10.314295,0.65,2.11
10.3168419,0.61,2.19
10.3193888,0.77,2.25
10.32193571,0.75,2.17
10.32448261,0.87,2.09
10.32702951,0.8,2.05
10.32957641,0.75,2.02
10.33212331,0.58,2.04
10.33467021,0.72,2.05
10.33721711,0.78,2.21
10.34231092,0.66,2.31
10.34485782,0.69,2.29
10.34740472,0.47,2.32
10.3503323,0.74,2.37
10.35360108,0.76,2.36
10.35686986,0.67,2.31
10.36013864,0.7,2.1
10.36340742,0.75,2.3
10.3666762,0.72,2.22
10.36994498,0.84,2.28
10.37386752,0.55,2
10.3771363,0.88,2.42
10.38040508,0.86,2.21
10.38367386,0.69,2.2
10.38694264,0.62,2.23
10.39021142,0.82,2.15
10.3934802,0.71,2.17
10.39674898,0.67,2.11
10.40001776,0.74,2.12
10.40328654,0.75,2.17
10.40655532,0.68,2.17
10.4098241,0.73,2.13
10.41309288,0.62,2.31
10.41636166,0.76,2.28
10.41963044,0.7,2.23
10.42289922,0.6,2.24
10.426168,0.62,2.2
10.42943678,0.63,2.16
10.43270556,0.71,2.14
10.43597434,0.62,2.12
10.43924312,0.95,2.52
10.4425119,0.78,2.15
10.44578068,0.62,1.94
10.4483957,0.74,2.12
10.45166448,0.5,1.83
10.45493326,0.53,1.97
10.4577756,0.62,1.95
10.45954544,0.57,1.89
10.46131527,0.57,2.01
10.4630851,0.57,2.06
10.46485494,0.72,2.23
10.46662477,0.68,2.24
10.4683946,0.62,2.3
10.47016444,0.57,2.1
10.47193427,0.62,2.17
10.4737041,0.66,2.21
10.47547394,0.57,2.09
10.47724377,0.57,2.1
10.4790136,0.63,2.06
10.48078344,0.6,2.08
10.48255327,0.64,2.17
10.4843231,0.67,2.11
10.48609294,0.69,2.13
10.48786277,0.68,2.08
10.4896326,0.58,2.08
10.49140244,0.54,2.05
10.49317227,0.4,1.99
10.4949421,0.45,2.05
10.49671194,0.46,2.09
10.49848177,0.47,2.12
10.5002516,0.61,2.14
10.50202144,0.58,2.3
10.50379127,0.54,2.19
10.50910077,0.48,2.19
10.5108706,0.45,2.14
10.51264044,0.4,2.08
10.51441027,0.43,1.95
10.5161801,0.42,2.14
10.51794994,0.56,2
10.51971977,0.7,2.17
10.5214896,0.64,2.06
10.52325944,0.64,2.07
10.52502927,0.59,2.01
10.5267991,0.59,2.03
10.52856894,0.42,1.97
10.53033877,0.48,1.93
10.5321086,0.48,1.98
10.53387844,0.58,2.13
10.53564827,0.51,2.06
10.5374181,0.57,2.19
10.53918794,0.55,2.26
10.54095777,0.48,2.16
10.5427276,0.56,2.21
10.54449744,0.53,2.18
10.54626727,0.42,2.27
10.5480371,0.58,2.29
10.54980694,0.54,2.29
10.55157677,0.49,2.31
10.5533466,0.47,2.29
10.55511644,0.59,2.33
10.55688627,0.52,2.1
10.5586561,0.51,2.17
10.56042593,0.46,2.25
10.56219577,0.61,2.27
10.5639656,0.57,2.06
10.56573543,0.52,2.03
10.56750527,0.44,2.02
10.5692751,0.61,2.1
10.57104493,0.5,2.05
10.57281477,0.53,2.01
10.5745846,0.51,2
10.57635443,0.54,2.06
10.57812427,0.26,2.1
10.5798941,0.35,2.03
10.58166393,0.28,2.07
10.58343377,0.25,2.07
10.5852036,0.32,2.02
10.58697343,0.27,2.08
10.58874327,0.21,2.19
10.5905131,0.37,2.23
10.59228293,0.36,2.25
10.59405277,0.4,2.3
10.5958226,0.37,2.27
10.59759243,0.34,2.25
10.59936227,0.36,2.13
10.6011321,0.37,1.94
10.60290193,0.38,2.04
10.60467177,0.17,1.95
10.6064416,0.11,1.86
10.60821143,0.12,1.82
10.60998127,0.12,1.71
10.6117511,0.38,1.91
10.61352093,0.39,1.89
10.61529077,0.43,1.96
10.6170606,0.47,2.06
10.61883043,0.46,2.02
10.62060027,0.35,1.92
10.6223701,0.35,1.84
10.62413993,0.14,1.88
10.62590977,0.04,1.81
10.6276796,0.06,1.88
10.62944943,0.11,1.86
10.63121927,0.14,1.93
10.6329891,0.21,2
10.63475893,0.36,2.14
10.63652877,0.35,2.18
10.6382986,0.47,2.47
10.64006843,0.33,2.18
10.64183827,0.45,2.2
10.6436081,0.48,2.13
10.64537793,0.53,2.14
10.64714777,0.35,2.06
10.6489176,0.25,2.02
10.65068743,0.28,1.93
10.65245727,0.1,1.73
10.6542271,0.46,2.02
10.65599693,0.54,2.03
10.65776676,0.39,2.04
10.6595366,0.55,2.13
10.66130643,0.47,2.12
10.66307626,0.53,2.12
10.6648461,0.43,2.13
10.66661593,0.48,2.15
10.66838576,0.38,2.19
10.6701556,0.36,2.17
10.67192543,0.47,2.38
10.67369526,0.41,2.28
10.6754651,0.28,2.14
10.67723493,0.37,2.31
10.67900476,0.42,2.25
10.6807746,0.36,2.25
10.68254443,0.37,2.17
10.68431426,0.37,2.22
10.6860841,0.34,2.16
10.68785393,0.28,2.02
10.68962376,0.3,2.12
10.6913936,0.44,1.94
10.69316343,0.24,2.11
10.69493326,0.21,1.85
10.6967031,0.25,1.77
10.69847293,0.19,1.78
10.70029372,0.07,1.72
10.7032567,0.09,1.78
10.71214562,0.17,2.14
10.71510859,0.12,2.15
10.71807157,0.19,2.17
10.72103454,0.19,2.15
10.72399751,0.2,2.24
10.72696049,0.11,2.14
10.72992346,0.15,2.19
10.73288644,-0.08,1.86
10.73584941,0.09,2
10.73881238,-0.15,1.84
10.74177536,-0.54,1.77
10.74473833,-1.2,1.77
10.74770131,-1.1,2
10.75066428,-0.07,1.98
10.75362725,0.06,2.02
10.75659023,-0.29,2.05
10.7595532,-0.09,1.88
10.76251618,0.02,1.97
10.76547915,-0.06,1.77
10.76844212,-0.31,1.9
10.7714051,0.11,1.83
10.77436807,-0.47,1.64
10.77733105,-0.2,1.85
10.78029402,-0.69,1.66
10.78325699,-0.83,1.76
10.78621997,-0.74,1.53
10.78918294,-0.67,1.85
10.79214591,-0.17,2
10.79510889,0.03,2.19
10.79807186,0.12,2.26
10.80103484,-0.04,2.33
10.80308915,0.05,2.37
10.80510325,0.21,2.47
10.80711735,0.26,2.36
10.81315965,0.1,2.22
10.81517376,0.16,2.18
10.81718786,0.11,2.21
10.81920196,0.26,2.23
10.82121606,0.42,2.24
10.82323016,0.41,2.14
10.82524426,0.12,2.18
10.82725837,0.42,2.05
10.82927247,0.37,2.17
10.83128657,0.31,2.19
10.83330067,0.29,2.17
10.83531477,0.41,2.21
10.83732887,0.3,2.23
10.83934298,0.19,2.18
10.84135708,0.29,2.17
10.84337118,0.23,2.22
10.84538528,0.29,2.25
10.84739938,0.08,2.25
10.84941349,0.17,2.12
10.85142759,0.28,2.28
10.85344169,0.36,2.27
10.85545579,0.45,2.29
10.85746989,0.28,2.26
10.85948399,0.32,2.11
10.8635122,0.13,2.11
10.8655263,0.23,2
10.8695545,0.47,2.06
10.8715686,0.57,2.12
10.87358271,0.44,2.09
10.87559681,0.55,1.95
10.87761091,0.41,2.02
10.87962501,0.46,2.18
10.88163911,0.51,2.15
10.88365321,0.43,2.04
10.88566732,0.55,2.25
10.88768142,0.37,2.17
10.88969552,0.5,2.16
10.89170962,0.38,2.13
10.89372372,0.32,2.2
10.89573782,0.45,2.23
10.89775193,0.23,2.09
10.89976603,0.42,2.29
10.90178013,0.35,2.27
10.90379423,0.31,2.17
10.90580833,0.36,2.2
10.90782243,0.33,2.2
10.90983654,0.36,2.09
10.91185064,0.34,2.31
10.91386474,0.42,2.27
10.91587884,0.44,2.28
10.91789294,0.36,2.26
10.91990705,0.39,2.27
10.92192115,0.43,2.28
10.92393525,0.36,2.23
10.92594935,0.38,2.17
10.92796345,0.46,2.16
10.92997755,0.35,1.96
10.93199166,0.4,2.01
10.93400576,0.33,1.97
10.93601986,0.2,1.94
10.93803396,0.15,2.02
10.94004806,0.14,1.92
10.94216125,0.04,1.91
10.94489241,0.1,1.95
10.94762357,0.12,1.94
10.95035474,0.23,2.1
10.9530859,0.29,2.02
10.95581706,0.54,2.11
10.95854823,0.54,2.13
10.96127939,0.46,2.18
10.96401055,0.45,2.16
10.96674171,0.49,2.22
10.96947288,0.44,2.17
10.97220404,0.43,2.15
10.9749352,0.26,2.12
10.97766637,0.21,2.13
10.98039753,-0.04,2.07
10.98312869,0.02,2.13
10.98585985,0.18,2.11
10.98859102,0.07,2.09
10.99132218,0.22,2.16
10.99405334,0.42,2.11
10.99678451,0.52,2.21
10.99951567,0.48,2.17
11.00224683,0.6,2.19
11.00497799,0.58,2.11
11.00770916,0.6,2.02
11.01044032,0.56,2.03
11.01317148,0.48,1.95
11.01590265,0.38,1.85
11.01863381,0.38,1.93
11.02136497,0.3,1.8
11.02367826,0.4,1.82
11.02576586,0.44,1.96
11.02785347,0.37,2.09
11.02994107,0.5,2.12
11.03202867,0.48,2.09
11.03411628,0.46,2.26
11.03620388,0.51,2.25
11.03829148,0.54,2.28
11.04037909,0.54,2.24
11.04246669,0.59,2.31
11.04455429,0.41,2.32
11.0466419,0.47,2.32
11.0487295,0.44,2.36
11.0508171,0.39,2.29
11.05290471,0.37,2.32
11.05499231,0.42,2.28
11.05707991,0.4,2.22
11.05916752,0.45,2.18
11.06125512,0.51,2.38
11.06334272,0.49,2.2
11.06543033,0.61,2.33
11.06751793,0.54,2.22
11.06960553,0.53,2.37
11.07169314,0.5,2.3
11.07378074,0.53,2.28
11.07586834,0.49,2.07
11.07795595,0.49,2.09
11.08004355,0.73,2.12
11.08213115,0.54,2.22
11.08421876,0.63,2.14
11.08630636,0.44,2.17
11.08839396,0.52,2.16
11.09048157,0.62,2.21
11.09256917,0.52,2.21
11.09465677,0.59,2.25
11.09674438,0.6,2.36
11.09883198,0.31,2.32
11.10091958,0.49,2.31
11.10300719,0.48,2.26
11.10509479,0.5,2.33
11.10718239,0.49,2.43
11.10927,0.47,2.47
11.1113576,0.66,2.36
11.1134452,0.56,2.36
11.11553281,0.36,2.34
11.11762041,0.52,2.22
11.11970801,0.24,2.12
11.12179562,0.54,2.24
11.12388322,0.55,2.15
11.12597082,0.59,2.19
11.12805843,0.53,2.16
11.13014603,0.48,2.09
11.13223363,0.48,2.17
11.13432124,0.42,2
11.13640884,0.49,2.04
11.13849644,0.41,2.11
11.14058405,0.4,2.1
11.14267165,0.29,2.12
11.14475925,0.24,1.98
11.14684686,0.37,2.12
11.14893446,0.34,2.23
11.15102206,0.59,2.34
11.15310967,0.37,2.11
11.15519727,0.41,2.29
11.15728487,0.41,2.26
11.15937248,0.48,2.26
11.16146008,0.35,2.14
11.16354768,0.39,2.06
11.16563529,0.27,2.12
11.16772289,0.32,2.03
11.16981049,0.22,1.73
11.1718981,0.23,1.9
11.1739857,0.3,1.96
11.1760733,0.45,2.05
11.17816091,0.54,2.02
11.18024851,0.63,2.13
11.18233611,0.5,2.1
11.18442372,0.4,2.05
11.18651132,0.24,2.05
11.18859892,0.28,1.92
11.19068653,0.33,2.1
11.19277413,0.12,2.03
11.19486173,0.52,2.12
11.19694934,0.39,2.35
11.19903694,0.36,2.42
11.20112454,0.48,2.43
11.20321215,0.56,2.37
11.20529975,0.6,2.43
11.20738735,0.53,2.3
11.20947496,0.59,2.21
11.21156256,0.45,2.23
11.21365016,0.61,2.1
11.21573777,0.63,2.29
11.21782537,0.59,2.18
11.21991297,0.55,2.19
11.22200058,0.67,2.24
11.22408818,0.66,2.27
11.22617578,0.53,2.15
11.22826339,0.63,2.29
11.23035099,0.37,2.32
11.23243859,0.48,2.25
11.2345262,0.34,2.23
11.2366138,0.43,2.32
11.2387014,0.49,2.3
11.24078901,0.52,2.37
11.24287661,0.5,2.32
11.24496421,0.58,2.31
11.24705182,0.33,2.25
11.24913942,0.64,2.2
11.25122702,0.29,1.98
11.25331463,0.42,2.19
11.25540223,0.34,2.23
11.25748983,0.39,2.28
11.25957744,0.21,2.01
11.26166504,0.11,1.89
11.26375264,0.05,1.97
11.26584025,0.13,1.85
11.26792785,0.25,2.06
11.27001545,0.51,2.22
11.27210306,0.45,2.24
11.27419066,0.58,2.32
11.27627826,0.45,2.22
11.27836587,0.42,2.15
11.28045347,0.18,2.08
11.28254107,0.25,2.12
11.28462868,0.2,2.26
11.28671628,0.14,2.05
11.28880388,0.02,1.87
11.29089149,0.16,1.89
11.29297909,0.29,2.14
11.29506669,0.14,2.18
11.2971543,0.17,2.17
11.2992419,0.26,2.1
11.3013295,0.51,2.22
11.30341711,0.51,2.1
11.30550471,0.32,2.08
11.30759231,0.21,2.01
11.30967992,0.2,1.81
11.31184916,0.34,1.89
11.31403113,0.48,2.12
11.31621311,0.6,2.1
11.31839508,0.66,2.14
11.32057706,0.5,2.33
11.32275904,0.58,2.33
11.32494101,0.55,2.51
11.32712299,0.5,2.27
11.32930496,0.51,2.28
11.33148694,0.65,2.37
11.33366892,0.69,2.42
11.33585089,0.65,2.29
11.33803287,0.62,2.21
11.34021484,0.55,2.26
11.34239682,0.64,2.19
11.3445788,0.62,2.2
11.34676077,0.6,2.26
11.34894275,0.46,2.15
11.35112472,0.53,2.25
11.3533067,0.56,2.2
11.35548867,0.48,2.22
11.35767065,0.48,2.18
11.35985263,0.26,2.21
11.3620346,0.23,2.09
11.36421658,0.43,2.2
11.36639855,0.4,2.13
11.36858053,0.47,2.23
11.37076251,0.56,2.29
11.37294448,0.4,2.16
11.37512646,0.35,2.13
11.37730843,0.44,2.24
11.37949041,0.16,1.89
11.38167239,0.12,1.69
11.38385436,0.27,2
11.38603634,0.6,2.14
11.38821831,0.4,2.03
11.39040029,0.54,2.13
11.39258227,0.57,2.25
11.39476424,0.46,1.98
11.39694622,0.51,2.12
11.39912819,0.17,2
11.40131017,0.3,2.07
11.40349215,0.21,2.06
11.40567412,0.56,2.22
11.4078561,0.6,2.29
11.41003807,0.49,2.42
11.4125617,0.64,2.31
11.4153329,0.59,2.31
11.41810411,0.7,2.24
11.42087531,0.6,2.15
11.42364651,0.53,2.17
11.42641771,0.51,2.06
11.42918891,0.67,2.05
11.43196011,0.73,2.05
11.43473131,0.54,1.97
11.43750252,0.48,1.86
11.44027372,0.68,2.02
11.44304492,0.67,1.95
11.44581612,0.69,2.15
11.44858732,0.67,2.1
11.45135852,0.62,2.03
11.45412972,0.53,1.95
11.45690093,0.49,2.14
11.45967213,0.6,2.08
11.46244333,0.84,2.41
11.46521453,0.71,2.21
11.46798573,0.69,2.07
11.47075693,0.78,2.02
11.47352814,0.79,2.23
11.47629934,0.77,2.3
11.47907054,0.56,2.07
11.48184174,0.41,2.16
11.48461294,0.64,2.02
11.48738414,0.69,2.12
11.49015534,0.75,2.07
11.49292655,0.77,2.17
11.49569775,0.81,2.33
11.49846895,0.87,2.27
11.50124015,0.63,2.11
11.50401135,0.62,2.05
11.50678255,0.72,2.21
11.50955375,0.77,2.16
11.51232496,0.86,2.14
11.51509616,0.94,2.24
11.51786736,0.97,2.24
11.52063856,0.75,1.92
11.52340976,0.85,2.19
11.52618096,0.84,2.13
11.52895216,0.81,2.25
11.53172337,0.79,2.27
11.53449457,0.85,2.26
11.53726577,0.79,2.2
11.54003697,0.79,2.22
11.54280817,0.6,2.06
11.54557937,0.71,2.05
11.54835058,0.84,2.17
11.55112178,0.77,2.13
11.55389298,0.93,2.16
11.55666418,0.61,2.1
11.55943538,0.82,1.94
11.56220658,0.7,1.87
11.56497778,0.76,2.01
11.56774899,0.84,2.14
11.57052019,1,2.19
11.57329139,0.93,2.37
11.5760672,0.79,2.33
11.57890394,0.67,2.35
11.58174068,0.8,2.22
11.58457742,0.75,1.97
11.58741416,0.75,1.82
11.5902509,0.93,2.08
11.59308764,1.1,2.19
11.59592438,0.94,2.13
11.59876112,0.79,1.96
11.60159786,1,2.11
11.6044346,1,2.1
11.60727134,0.96,2.07
11.61010808,1,2.14
11.61294482,0.82,1.95
11.61578156,0.85,2.27
11.6186183,0.86,2.35
11.62145504,0.75,2.32
11.62429178,0.84,2.28
11.62712852,0.59,1.95
11.62996526,0.77,2.04
11.632802,0.6,1.95
11.63563874,0.79,2.06
11.63847548,0.68,1.94
11.64131222,0.7,2.07
11.64414896,0.59,2.08
11.6469857,0.51,1.82
11.64982245,0.62,1.9
11.65265919,0.59,2.06
11.65549593,0.6,2.3
11.65807426,0.41,2.34
11.66053039,0.81,2.23
11.66298652,0.66,2.2
11.66544265,0.56,2.3
11.66789878,0.61,2.12
11.67035491,0.47,2.12
11.67281104,0.59,2.17
11.67526717,0.55,2.1
11.6777233,0.62,2.25
11.68017942,0.62,2.28
11.68263555,0.72,2.4
11.68509168,0.71,2.22
11.68754781,0.56,2.29
11.69000394,0.36,2.37
11.69246007,0.63,2.43
11.6949162,0.56,2.18
11.69737233,0.89,2.33
11.69982846,0.68,2.36
11.70474072,0.51,1.96
11.70719685,0.67,2.14
11.70965298,0.75,2.06
11.71456524,0.82,2.03
11.71702137,0.75,2.09
11.71937423,0.68,1.81
11.72123969,0.53,2.18
11.72310514,0.44,2.11
11.7249706,0.39,2.08
11.72683606,0.64,2.07
11.72870152,0.49,1.99
11.73056697,0.5,2.05
11.73616335,0.58,2.15
11.7380288,0.6,2.35
11.73989426,0.43,2.23
11.74175972,0.53,2.32
11.74362518,0.61,2.32
11.74549064,0.66,2.21
11.74735609,0.5,2.32
11.74922155,0.46,2.13
11.75108701,0.53,2.19
11.75295247,0.58,2.19
11.75481792,0.57,2.09
11.75668338,0.55,2.13
11.75854884,0.52,2.13
11.7604143,0.75,2.14
11.76227975,0.68,2.09
11.76787613,0.61,2.22
11.76974159,0.65,2.16
11.77160704,0.63,2.17
11.7734725,0.68,2.18
11.77533796,0.64,2.24
11.77720342,0.6,2.09
11.77906887,0.49,2.17
11.78093433,0.71,2.1
11.78279979,0.69,2.07
11.78466525,0.51,2.1
11.7865307,0.65,2.08
11.78839616,0.71,2.05
11.79026162,0.54,1.9
11.79212708,0.57,2
11.79399253,0.7,1.99
11.79585799,0.53,1.92
11.7980368,0.48,1.85
11.80074544,0.69,2.02
11.80345407,0.78,2.03
11.80616271,0.73,2.09
11.81157998,0.75,1.97
11.81428862,0.74,2.2
11.81699725,0.53,2.3
11.81970589,0.5,2.03
11.82241453,0.57,1.99
11.82512316,0.67,2.26
11.8278318,0.59,2.19
11.83324907,0.62,1.98
11.83595771,0.66,2.26
11.83866634,0.67,2.3
11.84191671,0.78,2.13
11.84462534,0.74,2.04
11.84733398,0.77,2.13
11.85004261,0.67,2.06
11.85275125,0.75,2.2
11.85545989,0.59,2.04
11.85816852,0.68,2.25
11.86087716,0.7,2.04
11.8635858,0.56,2.11
11.86629443,0.56,2.06
11.86900307,0.75,2.2
11.8717117,0.74,2.22
11.87442034,0.62,2.13
11.87712898,0.68,2.17
11.87983761,0.77,2.17
11.88254625,0.77,2.28
11.88525488,0.79,2.27
11.88796352,0.58,2.34
11.89067216,0.64,2.34
11.89229734,0.52,2.3
11.89500597,0.37,2.39
11.89771461,0.59,2.41
11.90008258,0.63,2.33
11.90240672,0.41,2.37
11.90473086,0.64,2.3
11.90705499,0.73,2.19
11.90937913,0.71,2.08
11.91170327,0.83,2.2
11.9140274,0.78,2.16
11.91635154,0.73,2.24
11.91867568,0.75,2.13
11.92099982,0.78,2.17
11.92332395,0.57,2.01
11.92564809,0.76,2.03
11.92797223,0.77,2.15
11.93029637,0.56,2.16
11.9326205,0.69,2.19
11.93494464,0.59,2.44
11.93726878,0.51,2.25
11.93959291,0.48,2.38
11.94191705,0.58,2.35
11.94424119,0.72,2.44
11.94656533,0.71,2.23
11.94888946,0.73,2.23
11.9512136,0.56,2.07
11.95353774,0.64,2.14
11.95586187,0.73,2.14
11.95818601,0.53,2.22
11.96051015,0.51,2.25
11.96283429,0.58,2.36
11.96515842,0.52,2.37
11.96748256,0.5,2.42
11.9698067,0.47,2.24
11.97677911,0.38,2.26
11.97910325,0.5,2
11.98142738,0.48,2.15
11.98375152,0.61,2.15
11.98839979,0.57,2.04
11.99072393,0.61,1.99
11.99304807,0.41,1.94
11.99537221,0.32,1.85
11.99769634,0.36,1.8
12.00007518,0.22,1.9
12.00245503,0.45,1.91
12.00483487,0.34,2.04
12.00721472,0.46,2.07
12.00959457,0.56,2.07
12.01197441,0.42,1.99
12.01435426,0.5,2.1
12.0167341,0.45,2.14
12.01911395,0.55,2.18
12.02149379,0.51,2.22
12.02387364,0.55,2.15
12.02625348,0.52,2
12.02863333,0.48,1.88
12.03101317,0.59,2
12.03339302,0.44,1.9
12.03577287,0.43,2.01
12.03815271,0.26,2.21
12.04053256,0.33,2.05
12.0429124,0.24,2.01
12.04529225,0.27,2.07
12.04767209,0.18,1.86
12.05005194,0.25,2.02
12.05243178,0.33,2.07
12.05481163,0.08,2.23
12.05719147,0.21,2.27
12.05957132,0.24,2.31
12.06195116,0.31,2.2
12.06433101,0.39,2.07
12.06671086,0.34,1.85
12.0690907,0.43,1.97
12.07147055,0.27,1.89
12.07385039,0.46,1.92
12.07623024,0.45,2.18
12.07861008,0.41,1.91
12.08098993,0.46,1.89
12.08336977,0.45,2.08
12.08574962,0.15,2.12
12.08812946,0.04,2
12.09050931,0.18,2.01
12.09288916,0.06,1.84
12.095269,0.12,1.78
12.09764885,0.13,1.83
12.10002869,0.24,2.08
12.10240854,0.21,2.14
12.10478838,0.25,2.17
12.10716823,0.5,2.14
12.10954807,0.39,1.96
12.11192792,0.35,1.93
12.11430776,0.42,1.88
12.11668761,0.35,1.83
12.11906745,0.55,1.91
12.1214473,0.49,2
12.12430311,0.61,2.02
12.12668296,0.57,2.07
12.12906281,0.59,2.07
12.13144265,0.37,2.09
12.1338225,0.53,2.1
12.13620234,0.43,2.13
12.13858219,0.47,2.2
12.14152466,0.47,2.16
12.14491738,0.57,2.11
12.1483101,0.61,2.19
12.15170282,0.57,2.05
12.15509553,0.52,1.98
12.15848825,0.53,2.06
12.16188097,0.56,2.11
12.16527369,0.41,1.91
12.16866641,0.5,1.94
12.17205913,0.33,2
12.17545185,0.52,1.89
12.17884456,0.29,2.04
12.18223728,0.39,2.31
12.18563,0.34,2.27
12.18902272,0.39,2.21
12.19037981,0.37,1.88
12.19377252,0.59,1.97
12.19716524,0.59,2.04
12.20055796,0.44,2.07
12.20395068,0.59,1.97
12.21073612,0.53,2.1
12.21412884,0.53,2.25
12.21752155,0.5,2.25
12.22088567,0.4,2.2
12.22419908,0.43,2.18
12.22751249,0.45,2.15
12.2308259,0.48,2.07
12.23413931,0.43,2.18
12.23745272,0.57,2.13
12.24076613,0.56,2.32
12.24407954,0.54,2.17
12.24739295,0.65,2.16
12.25070636,0.52,2.2
12.25401977,0.69,2.28
12.25733318,0.49,2.12
12.26064659,0.56,2
12.26396,0.64,2.03
12.26727341,0.49,1.91
12.27058682,0.44,1.78
12.27390023,0.38,1.96
12.27721364,0.39,1.93
12.28052705,0.34,2.08
12.28384046,0.35,2.19
12.28715387,0.32,2.07
12.29046729,0.29,2.31
12.2937807,0.32,2.23
12.29709411,0.36,2.23
12.29937352,0.42,2.35
12.30116181,0.45,2.14
12.30295011,0.31,2.23
12.30473841,0.41,2.16
12.30652671,0.46,2.09
12.30831501,0.47,2.15
12.31010331,0.5,2.18
12.31189161,0.48,1.91
12.3136799,0.57,1.99
12.3154682,0.61,1.87
12.3172565,0.54,2.01
12.3190448,0.4,1.97
12.3208331,0.5,1.8
12.3226214,0.37,1.92
12.3244097,0.37,1.97
12.326198,0.38,1.81
12.32798629,0.47,2.04
12.32977459,0.42,1.85
12.33156289,0.52,2.04
12.33335119,0.37,1.91
12.33513949,0.48,2.09
12.33692779,0.35,2.11
12.33871609,0.39,2.38
12.34050438,0.35,2.24
12.34229268,0.57,2.22
12.34408098,0.62,2.14
12.34586928,0.64,2.16
12.34765758,0.42,2.08
12.34944588,0.61,2.1
12.35302248,0.73,1.89
12.35481077,0.66,1.99
12.35659907,0.75,1.99
12.35838737,0.53,2.05
12.36017567,0.7,1.95
12.36196397,0.17,1.86
12.36375227,0.52,2.01
12.36554057,0.64,1.98
12.36732886,0.63,2.09
12.36911716,0.62,2.09
12.37090546,0.47,1.99
12.37269376,0.68,2.21
12.37448206,0.75,2.29
12.37627036,0.65,2.3
12.37805866,0.64,2.27
12.37984695,0.67,2.37
12.38234732,0.71,2.3
12.38490417,0.82,2.19
12.38746102,0.68,2.27
12.39001786,0.65,2.16
12.39257471,0.73,2.08
12.39513155,0.62,2.06
12.3976884,0.56,2.12
12.40024524,0.59,2.07
12.40280209,0.61,2.3
12.40535893,0.49,2.22
12.41047262,0.57,2.08
12.41302947,0.56,2.07
12.41558631,0.48,2.05
12.41814316,0.32,1.88
12.42070001,0.51,2.21
12.42325685,0.55,2.16
12.4258137,0.58,2.23
12.42837054,0.63,2.15
12.43092739,0.51,2.21
12.43348423,0.46,2.07
12.43604108,0.49,2.15
12.43859792,0.59,2.09
12.44115477,0.55,2.21
12.44371161,0.6,2.22
12.44626846,0.6,2.32
12.4488253,0.54,2.31
12.45138215,0.67,2.24
12.453939,0.53,2.06
12.45649584,0.56,2.12
12.45905269,0.56,2.06
12.46160953,0.57,2.09
12.46416638,0.42,2.07
12.46672322,0.73,2.06
12.46928007,0.78,1.92
12.47183691,0.5,2.09
12.47439376,0.45,1.89
12.4769506,0.44,1.93
12.47950745,0.51,1.84
12.4818591,0.5,2.07
12.48419468,0.69,2.23
12.48653026,0.7,2.18
12.48886584,0.75,2.17
12.49120143,0.82,2.07
12.49353701,0.83,2.17
12.49587259,0.82,2.2
12.49820817,0.84,2.08
12.50054375,0.77,1.99
12.50287933,0.79,2.25
12.50521491,0.73,2.21
12.50755049,0.69,2.21
12.50988607,0.7,2.18
12.51222165,0.69,2.23
12.51455723,0.7,2.16
12.51689281,0.76,2.19
12.51922839,0.83,2.2
12.52156397,0.75,2.22
12.52389955,0.65,2.29
12.52623513,0.7,2.23
12.52857072,0.79,2.18
12.5309063,0.81,2.18
12.53324188,0.67,2.1
12.53557746,0.77,2.1
12.53791304,0.66,2.1
12.54024862,0.89,2.09
12.5425842,0.88,2.1
12.54491978,0.84,2.13
12.54725536,0.82,2.3
12.54959094,0.75,2.21
12.55192652,0.73,2.23
12.5542621,0.8,2.21
12.55753192,0.81,2.08
12.5598675,0.8,2.28
12.56267019,0.88,2.29
12.56500577,0.84,2.32
12.56734135,0.73,2.08
12.56967693,0.75,2.2
12.57201252,0.82,2.17
12.5743481,0.73,2.09
12.57668368,0.75,2.3
12.57901926,0.79,2.23
12.58135484,0.67,2.12
12.58369042,0.75,2.18
12.586026,0.69,2.07
12.58836158,0.57,2.01
12.59069716,0.71,2.35
12.59303274,0.76,2.07
12.59536832,0.59,2.06
12.5977039,0.75,1.98
12.60003948,0.71,2.06
12.60237506,0.67,2.01
12.60471064,0.7,2.24
12.60564488,0.75,2.3
12.60798046,0.66,2.17
12.61031604,0.73,2.15
12.61265162,0.62,2.08
12.6149872,0.76,2.07
12.61732278,0.73,2.18
12.61965836,0.78,2.23
12.62199394,0.9,2.08
12.62432952,0.76,2.1
12.6266651,0.82,2.12
12.62900068,0.67,2.15
12.63133626,0.75,2.18
12.63367184,0.72,2.12
12.63600743,0.66,2.21
12.63834301,0.68,2.25
12.64067859,0.71,2.18
12.64301417,0.58,2.16
12.64534975,0.59,2.21
12.64768533,0.57,2.05
12.65002091,0.81,2.26
12.65235649,0.78,2.14
12.65469207,0.62,1.98
12.65702765,0.58,2.05
12.65936323,0.72,2.29
12.66169881,0.76,2.22
12.66403439,0.8,2.22
12.66636997,0.64,2.05
12.66870555,0.77,2.12
12.67104114,0.83,2.23
12.67337672,0.85,2.15
12.6757123,0.47,2.03
12.67804788,0.86,2.1
12.68038346,0.78,2.12
12.68271904,0.74,2.01
12.68505462,0.86,1.73
12.69234868,0.75,2.12
12.69478676,0.81,2.19
12.69722485,0.72,2.2
12.69966293,0.8,2.26
12.70210101,0.73,2.32
12.7045391,0.69,2.25
12.70697718,0.78,2.24
12.70941527,0.65,2.03
12.71185335,0.74,2.15
12.71429144,0.77,2.07
12.71672952,0.88,2.3
12.71916761,0.88,2.31
12.72160569,0.95,2.39
12.72404378,0.87,2.24
12.72648186,0.9,2.13
12.72891995,0.87,2.15
12.73135803,0.84,2.26
12.73379612,0.91,2.17
12.7362342,0.85,2.15
12.73867228,0.82,2.14
12.74598654,0.81,2.16
12.74842462,0.75,2.14
12.75086271,0.77,2.31
12.75330079,0.62,2.21
12.75573888,0.61,2.22
12.75817696,0.77,2.13
12.76061505,0.74,2.3
12.76305313,0.79,2.19
12.76549122,0.8,2.19
12.7679293,0.68,2.11
12.77036738,0.76,2.22
12.77280547,0.58,2.23
12.77524355,0.78,2.15
12.77768164,0.7,2.33
12.78011972,0.7,2.12
12.78255781,0.81,2.07
12.78499589,0.79,2.08
12.78743398,0.81,2.1
12.78987206,0.78,2.07
12.79231015,0.76,2.07
12.79474823,0.76,2.13
12.79718632,0.73,1.89
12.7996244,0.69,2.07
12.80206248,0.63,2
12.80450057,0.56,2.04
12.80693865,0.52,2.05
12.80937674,0.61,2.08
12.81181482,0.6,2.03
12.81425291,0.56,2.1
12.81669099,0.4,2.02
12.81912908,0.38,2.05
12.82156716,0.56,2.07
12.82400525,0.53,2.18
12.82644333,0.55,2.14
12.82888142,0.55,2.28
12.8313195,0.48,2.29
12.83375759,0.46,2.36
12.83619567,0.43,2.23
12.83863375,0.56,2.34
12.84107184,0.5,2.16
12.84350992,0.68,2.31
12.84594801,0.71,2.3
12.84838609,0.65,2.18
12.85082418,0.65,2.21
12.85326226,0.59,2.1
12.85570035,0.79,2.1
12.85813843,0.62,1.98
12.86078179,0.54,1.81
12.86379101,0.88,1.92
12.86680023,0.65,2.04
12.86980944,0.87,1.95
12.87281866,0.84,1.98
12.87582788,0.71,2.1
12.8788371,0.74,2.23
12.88184631,0.75,2.36
12.88485553,0.54,2.37
12.88786475,0.81,2.23
12.89087396,0.62,2.2
12.89388318,0.79,2.15
12.8968924,0.8,2.19
12.89990162,0.76,2.14
12.90291083,0.69,2.15
12.90592005,0.69,2.15
12.90892927,0.74,2.2
12.91193849,0.71,2.22
12.9149477,0.7,2.08
12.91795692,0.75,2.07
12.92096614,0.67,2.03
12.92397535,0.83,2.08
12.92999379,0.76,2.06
12.93300301,0.77,2.04
12.93601222,0.81,2.05
12.93902144,0.64,1.97
12.94203066,0.56,1.99
12.94503987,0.64,2.08
12.94804909,0.71,2.04
12.952262,0.66,2.08
12.95527121,0.73,2.1
12.95828043,0.74,2.3
12.96128965,0.7,1.99
12.96429887,0.72,2.17
12.96730808,0.69,2.12
12.9703173,0.4,1.94