Depth [mbsf],NewAgeModel (Ma),_13C [per mil PDB],_18O [per mil PDB]
298.21,12.69437788,0.67,2.19
298.31,12.69904271,0.5,2.36
298.41,12.70370754,0.67,2.14
298.51,12.70930533,0.62,2.1
298.61,12.71397016,0.47,2.01
298.71,12.71863499,0.51,2.24
298.81,12.72329981,0.74,2.31
298.91,12.72889761,0.6,2.37
299.01,12.73356243,0.71,2.13
299.11,12.73822726,0.67,2.07
299.21,12.74289209,0.68,2.36
299.31,12.74848988,0.76,2.16
299.41,12.75315471,0.8,2.11
299.51,12.75595361,0.71,2.38
299.61,12.7587525,0.75,2.37
299.71,12.76061844,0.75,2.52
299.81,12.76341733,0.66,2.51
299.91,12.76621623,0.72,2.47
300.01,12.76901513,0.52,2.43
300.11,12.77088106,0.66,2.24
300.21,12.77367995,0.55,2.28
300.31,12.77647885,0.56,2.25
300.41,12.77927775,0.64,2.35
300.51,12.78114368,0.58,2.29
300.61,12.78394258,0.66,2.51
300.71,12.78674147,0.53,2.35
302.61,12.78674147,0.68,2.54
302.71,12.78954037,0.71,2.43
302.81,12.79337984,0.59,2.51
302.91,12.79612565,0.54,2.23
303.01,12.80024437,0.57,2.18
303.11,12.80436308,0.56,2.05
303.21,12.80848179,0.63,2.11
303.31,12.81260051,0.64,2.13
303.52,12.82221084,0.56,2.26
303.62,12.82632956,0.53,2.14
303.72,12.83044827,0.29,2
303.82,12.83456699,0.17,2.28
303.92,12.8386857,0.58,2.3
304.02,12.84280442,0.51,2.35
304.12,12.84829604,0.66,2.31
304.22,12.85241475,0.7,2.34
304.32,12.85653346,0.66,2.08
304.42,12.86065218,0.62,2.01
304.52,12.8661438,0.79,2.24
304.62,12.87163542,0.8,2.38
304.72,12.87849994,0.86,2.24
304.82,12.88399156,0.66,2.51
304.92,12.88948318,0.67,2.45
305.02,12.8949748,0.71,2.33
305.12,12.90046642,0.69,2.31
305.22,12.90595804,0.69,2.48
305.32,12.9112679,0.82,2.57
305.42,12.91504712,0.65,2.49
305.52,12.91807049,0.86,2.46
305.62,12.92109386,0.91,2.33
305.72,12.92411723,0.8,2.31
305.82,12.92714061,0.68,2.29
305.92,12.93016398,0.54,2.32
306.02,12.93394319,0.58,2.21
306.12,12.93696656,0.72,2.19
306.22,12.93998994,0.58,2.09
306.32,12.94225747,0.61,2.26
306.43,12.94528084,0.64,2.36
306.53,12.94754837,0.68,2.35
306.63,12.9498159,0.68,2.47
306.73,12.95208342,0.72,2.18
306.83,12.95435095,0.66,2.12
306.93,12.95661848,0.72,2.21
307.03,12.95888601,0.8,2.34
307.13,12.96190938,0.7,2.32
307.23,12.96417691,0.53,2.21
307.33,12.96644444,0.58,2.24
307.43,12.96871197,0.42,2.05
307.53,12.97173534,0.48,2.2
307.63,12.97400287,0.74,2.39
307.73,12.97702624,0.62,2.48
307.11,12.97778208,0.62,2.32
307.21,12.98004961,0.56,2.32
307.31,12.98307299,0.59,2.56
307.41,12.98534051,0.56,2.49
307.51,12.98836389,0.71,2.66
307.61,12.99136356,0.78,2.57
307.71,12.99618146,0.78,2.43
307.81,12.99979488,1.02,2.43
307.91,13.00461277,0.76,2.2
308.01,13.00702172,0.78,2.24
308.11,13.00943066,0.82,2.34
308.21,13.01304408,0.74,2.29
308.31,13.01545303,0.8,2.34
308.41,13.01786198,0.75,2.3
308.51,13.02027092,0.78,2.36
308.61,13.02267987,0.73,2.33
308.71,13.02508882,0.8,2.43
308.81,13.02870224,0.71,2.41
308.91,13.03111118,0.59,2.27
309.01,13.03352013,0.74,2.19
309.11,13.03592908,0.8,2.29
309.21,13.03833802,0.84,2.34
309.31,13.04074697,0.75,2.33
309.41,13.04436039,0.9,2.24
309.51,13.04676934,0.88,2.13
309.61,13.04917828,0.71,1.92
309.71,13.05158723,0.68,1.86
309.81,13.05399618,0.77,1.93
309.92,13.05640512,0.87,2.18
310.02,13.05881407,0.83,2.17
310.12,13.06122302,0.73,2.34
310.22,13.06363196,0.66,2.39
310.32,13.06604091,0.7,2.36
310.42,13.06844986,0.75,2.3
310.52,13.0708588,0.8,2.42
310.62,13.07276958,0.84,2.41
310.72,13.07440698,0.91,2.33
310.82,13.07604438,0.94,2.43
310.92,13.07768178,0.93,2.31
311.02,13.07931918,0.69,2.07
311.12,13.08095659,0.86,2.23
311.22,13.08259399,0.74,2.16
311.32,13.08423139,0.92,2.27
311.44,13.08668749,0.84,2.19
311.54,13.0883249,0.67,2.05
311.64,13.0899623,0.83,2.3
311.74,13.0915997,0.54,1.89
311.84,13.0932371,0.83,2.3
311.94,13.0948745,0.75,2.23
312.04,13.09651191,0.73,2.11
312.14,13.09814931,0.72,2.1
312.24,13.09978671,0.75,2.02
312.34,13.10142411,0.66,1.78
312.44,13.10388022,0.78,1.91
312.54,13.10633632,0.8,2.05
312.64,13.10879242,0.87,2
312.74,13.11124853,0.81,2.08
312.84,13.11370463,0.75,2.04
312.94,13.11616073,0.58,1.85
313.04,13.11861683,0.72,2.08
313.14,13.12107294,0.61,2.04
313.24,13.12352904,0.68,2.05
313.34,13.12598514,0.66,2.08
313.44,13.12844125,0.82,2.08
313.44,13.12844125,0.82,2.1
313.54,13.13089735,0.76,1.83
313.64,13.13346721,0.68,1.66
313.74,13.13761216,0.76,1.74
313.84,13.14175712,0.81,1.74
313.94,13.14590207,0.89,1.99
314.04,13.14901079,0.9,2.15
313.41,13.1521195,0.92,2.32
313.51,13.15626446,0.86,2.25
313.61,13.16040941,0.81,2.25
313.71,13.16455437,0.82,2.29
313.81,13.16869932,0.81,2.29
313.91,13.17180804,0.73,2.13
314.01,13.17595299,0.8,2.13
314.11,13.18009794,0.94,2.07
314.21,13.1842429,1.08,2.16
314.31,13.18838785,0.92,1.98
314.41,13.19253281,0.94,2.09
314.51,13.19667776,0.98,1.94
314.61,13.19978648,0.95,2.05
314.71,13.20393143,1.01,1.92
314.81,13.20807638,0.94,1.91
314.91,13.21222134,0.84,1.73
315.01,13.21533005,0.86,1.95
315.11,13.21843877,0.85,2.03
315.21,13.22258372,0.84,2.03
315.31,13.22569244,0.8,2
315.31,13.22569244,0.71,2.04
315.41,13.22880115,0.95,2.3
315.51,13.23294611,0.8,1.89
315.61,13.23605482,0.99,1.97
315.61,13.23605482,0.99,1.76
315.71,13.23916354,0.82,1.75
315.81,13.24227226,0.75,1.9
315.91,13.24641721,0.72,1.86
316.01,13.24952593,0.64,1.77
316.11,13.25263464,0.66,1.71
316.21,13.25574336,0.85,1.94
316.31,13.25781583,1.02,2.22
316.41,13.26092455,0.98,2.27
316.51,13.26403326,1.08,2.06
316.61,13.26610574,0.95,1.93
316.71,13.26921446,0.91,1.94
316.91,13.27439565,1.15,2
317.01,13.27750437,1.18,2.2
317.11,13.27957684,1.23,2.01
317.21,13.28268556,1.11,2.03
317.31,13.28579427,0.94,1.97
317.41,13.28786675,0.97,2.04
317.51,13.29097547,0.86,2.09
317.61,13.29304794,0.99,2.14
317.71,13.29615666,0.96,2.22
317.81,13.29926537,0.91,2.32
317.91,13.30133785,0.97,2.34
318.01,13.30444657,1.07,2.31
318.11,13.30755528,1.01,2.23
318.21,13.30962776,0.96,2.18
317.61,13.31273648,1.05,2.26
317.71,13.31480895,1.04,2.19
317.81,13.31791767,1.03,2.26
317.91,13.31999014,1.2,2.29
318.01,13.32309886,0.92,2.01
318.11,13.32620758,0.97,2.18
318.21,13.32828005,0.85,2.15
318.31,13.33138877,0.64,1.65
318.41,13.33449748,0.79,1.97
318.51,13.3376062,1.01,2.04
318.61,13.34071492,1.13,2.32
318.71,13.34382363,1.1,2.38
318.81,13.34693235,1.02,2.27
318.91,13.35,1.01,2.36
319.01,13.353,0.92,2.15
319.11,13.356,0.84,2.03
319.21,13.359,1.05,2.25
319.31,13.362,1.06,2
319.41,13.365,1.16,1.98
319.51,13.368,0.9,1.89
319.61,13.371,0.98,1.78
319.71,13.373,0.93,1.95
319.81,13.376,0.97,1.87
319.91,13.378,1.03,1.93
320.01,13.381,1.05,2.05
320.11,13.383,1.04,2.14
320.21,13.386,1.11,2.1
320.31,13.388,1,2.06
320.41,13.39,0.84,2.18
320.51,13.393,0.83,2.15
320.61,13.395,0.92,2.21
320.71,13.398,1.05,2.13
320.81,13.4,0.95,2.12
320.91,13.403,0.93,2.06
321.01,13.405,0.95,2.09
321.11,13.407,1.06,2.02
321.21,13.41,1.03,1.81
321.31,13.412,1,1.77
321.41,13.415,0.83,1.63
321.51,13.417,1.19,1.83
322.01,13.419,1.15,1.9
322.06,13.42,1.05,1.77
322.11,13.421,1.03,1.74
322.16,13.423,1,1.81
322.21,13.424,1.01,1.98
322.26,13.425,1.02,1.63
322.31,13.426,0.99,1.77
322.36,13.428,0.84,1.64
322.41,13.429,0.85,1.76
322.46,13.43,0.82,2.21
322.51,13.431,0.73,1.76
322.56,13.433,0.74,1.83
322.61,13.434,0.99,2.08
322.66,13.435,0.77,2.07
322.71,13.436,1.12,2.18
322.76,13.438,1.16,2.28
322.81,13.439,1.14,2.16
322.86,13.44,1.04,2.24
322.91,13.441,1.05,2.03
322.96,13.443,1.08,2.38
323.01,13.444,1.09,2.02
323.06,13.445,0.95,2.21
323.11,13.447,0.98,1.97
323.16,13.448,1.04,2.01
323.21,13.449,1.16,2.06
323.26,13.45,1.25,2.34
323.31,13.452,1.2,2.05
323.36,13.453,1.18,2.22
323.41,13.454,1.19,2.05
323.46,13.455,1.18,2.23
323.51,13.457,1.11,2.24
323.56,13.458,1.11,2.32
323.61,13.459,1.18,2.26
323.66,13.46,1.03,2.15
323.71,13.462,1.1,2.16
323.76,13.463,1.1,2.32
323.81,13.464,1.09,2.22
323.86,13.466,0.99,2.2
323.91,13.467,1.15,2.24
323.96,13.468,1.11,2.17
324.01,13.469,1.07,2.15
324.06,13.471,1.1,2.08
324.11,13.472,1.13,2.2
324.16,13.473,1.09,2.09
324.21,13.474,1.13,2
324.26,13.476,1.13,2.01
324.31,13.477,1.13,2.08
324.36,13.478,1.09,1.94
324.46,13.481,1.06,1.98
324.51,13.482,0.97,1.99
324.56,13.483,1.11,1.93
324.61,13.485,1.11,1.96
324.66,13.486,0.99,2.03
324.71,13.487,1.16,1.98
324.76,13.488,1.1,1.93
324.81,13.49,1.06,1.96
324.86,13.491,1.04,1.87
324.91,13.492,0.92,1.97
324.96,13.493,0.79,1.88
325.01,13.495,0.99,1.98
325.06,13.496,0.94,1.9
325.11,13.497,1,1.92
325.16,13.498,0.79,1.84
325.21,13.5,0.86,1.91
325.26,13.501,0.84,1.77
325.31,13.503,0.86,1.87
325.41,13.506,0.78,1.79
325.46,13.507,0.74,1.9
325.51,13.509,0.86,1.88
325.56,13.51,0.93,2.08
325.61,13.512,0.87,2.02
325.66,13.513,0.81,2
325.71,13.515,0.84,1.94
325.76,13.516,0.95,2.3
325.81,13.518,0.87,2.11
325.86,13.519,0.88,1.9
325.91,13.521,0.88,1.79
325.91,13.521,0.87,1.88
325.96,13.523,0.95,2.04
326.01,13.524,0.96,1.71
326.06,13.526,0.85,1.66
326.11,13.527,1.09,1.81
326.16,13.529,0.91,1.52
326.21,13.53,0.87,1.43
326.26,13.532,1.11,1.89
326.31,13.533,1.27,2.02
326.36,13.535,1.03,1.68
326.41,13.536,0.7,1.57
326.46,13.538,0.79,1.57
326.51,13.539,0.67,1.6
326.56,13.541,0.62,1.48
326.61,13.542,0.71,1.65
326.66,13.544,0.6,1.54
326.66,13.544,0.67,1.62
326.71,13.545,0.59,1.56
326.76,13.546,0.79,1.69
326.81,13.548,0.91,2
326.86,13.549,1.03,2.02
326.91,13.551,1.1,2.09
326.96,13.552,1.24,2.08
327.01,13.553,1.18,2.2
327.06,13.555,1.11,1.91
327.11,13.556,1.14,1.97
327.16,13.557,1.31,2.12
327.21,13.559,1.32,2
327.26,13.56,1.22,1.93
327.31,13.561,1.48,2.28
327.36,13.563,,
327.41,13.564,1.42,1.99
327.46,13.565,1.26,1.88
327.51,13.567,1.26,2.2
327.56,13.568,1.3,2.13
327.61,13.57,1.32,2.33
327.66,13.571,1.17,2.11
327.71,13.572,1.21,1.93
327.76,13.574,1.3,2.37
327.81,13.575,1.58,
327.86,13.576,1.14,2.15
327.91,13.578,1.17,2.27
327.96,13.579,1.15,2.24
328.01,13.58,1.27,2.29
328.06,13.582,1.14,1.99
328.11,13.583,1.23,2.15
328.16,13.584,1.17,2.19
328.21,13.586,1.23,1.91
328.26,13.587,1.17,1.88
328.31,13.589,1.21,1.98
328.36,13.59,1.07,1.89
328.41,13.591,1.03,1.73
328.46,13.593,1.03,1.78
328.51,13.594,0.96,1.6
328.56,13.596,1.04,1.91
328.61,13.598,1.29,2
328.66,13.6,1.23,2.13
328.71,13.602,1.18,2.25
328.76,13.604,1.26,2.02
326.76,13.605,1.26,1.99
326.81,13.607,1.22,2.1
326.86,13.609,1.14,1.82
326.91,13.611,0.93,1.73
326.96,13.613,1.07,1.77
327.01,13.615,1.3,1.9
327.06,13.617,1.15,1.79
327.11,13.619,1.32,2.1
327.16,13.621,1.33,1.91
327.21,13.623,1.42,2.15
327.26,13.625,1.35,1.91
327.31,13.627,1.27,1.85
327.36,13.629,1.25,1.73
327.41,13.631,1.36,1.93
327.46,13.633,1.11,1.69
327.51,13.635,1.1,1.64
327.56,13.636,1.2,1.77
327.61,13.638,1.25,1.99
327.66,13.639,1.5,2.21
327.71,13.641,1.42,2.19
327.76,13.642,1.43,2.17
327.81,13.644,1.65,2.37
327.86,13.645,1.47,2.19
327.91,13.647,1.49,2.25
327.96,13.648,1.48,2.09
328.01,13.65,1.56,2.26
328.06,13.651,1.48,2.1
328.11,13.653,1.48,2.18
328.16,13.654,1.55,2.1
328.21,13.655,1.64,2.1
328.26,13.657,1.61,2.21
328.31,13.658,1.41,2.2
328.36,13.66,1.46,2.22
328.41,13.661,1.59,2.25
328.46,13.663,1.64,2.32
328.51,13.664,1.52,2.22
328.56,13.666,1.68,2.24
328.61,13.667,1.6,2.15
328.66,13.669,1.65,2.27
328.71,13.67,1.65,2.15
328.76,13.672,1.51,2.18
328.81,13.673,1.53,2.15
328.86,13.674,1.49,2.18
328.91,13.676,1.54,2.07
328.96,13.677,1.58,2.26
329.01,13.679,1.46,2.03
329.06,13.68,1.56,2
329.11,13.682,1.55,2.09
329.16,13.683,1.66,2.23
329.21,13.685,1.48,2.04
329.26,13.686,1.53,2.2
329.31,13.688,1.41,1.93
329.36,13.689,1.75,2.41
329.41,13.69,1.78,2.32
329.46,13.692,1.54,2.38
329.51,13.693,1.53,2.15
329.56,13.695,1.51,2.24
329.61,13.696,1.57,2
329.66,13.698,1.42,1.8
329.71,13.699,1.57,1.92
329.76,13.701,1.66,1.84
329.81,13.702,1.64,1.96
329.86,13.704,1.69,2.02
329.91,13.705,1.65,1.95
329.96,13.707,1.65,1.92
330.01,13.708,1.57,1.82
330.06,13.709,1.44,2
330.11,13.71,1.55,2
330.16,13.711,1.25,1.97
330.21,13.712,1.5,1.96
330.26,13.713,1.41,1.88
330.31,13.714,1.46,2.03
330.36,13.715,1.65,2.1
330.42,13.716,1.67,2.17
330.47,13.717,1.71,2.33
330.52,13.718,1.79,2.21
330.57,13.719,1.5,2.17
330.62,13.72,1.71,2.11
330.67,13.721,1.64,2.1
330.72,13.722,1.57,2.03
330.72,13.722,1.39,2
330.77,13.723,1.73,2.21
330.82,13.724,1.73,2.07
330.87,13.725,1.73,2.24
330.92,13.725,1.66,2.17
330.92,13.725,1.66,2.29
330.97,13.726,1.74,2.25
331.02,13.727,1.75,2.19
331.07,13.728,1.78,2.21
331.12,13.729,1.5,2
331.17,13.73,1.74,2.28
331.22,13.731,1.62,2.11
331.27,13.732,1.67,2.41
331.32,13.733,1.56,2.18
331.37,13.734,1.69,2.16
331.42,13.735,1.59,2.15
331.47,13.736,1.52,2.27
331.52,13.737,1.6,2.16
331.57,13.738,1.6,2.17
331.62,13.739,1.7,2.17
331.67,13.74,1.58,2.18
331.72,13.741,1.57,2.24
331.77,13.742,1.53,2.06
331.82,13.743,1.51,2.19
331.87,13.744,1.61,2.16
331.92,13.745,1.62,2.13
331.97,13.746,1.58,2.11
333.06,13.746,1.64,2.21
333.11,13.747,1.78,2.4
333.16,13.748,1.58,2.18
333.21,13.749,1.66,2.15
333.26,13.749,1.59,2.12
333.31,13.75,1.62,2.13
333.36,13.751,1.49,1.96
333.41,13.752,1.68,2.21
333.46,13.753,1.56,2.17
333.51,13.754,1.51,1.98
333.56,13.755,1.64,2.21
333.61,13.756,1.65,2.29
333.66,13.757,1.68,2.14
333.76,13.759,1.53,2.23
333.81,13.76,1.64,2.39
333.86,13.761,1.55,2.4
333.91,13.762,1.59,2.14
333.96,13.763,1.44,2.23
334.01,13.764,1.54,2.11
334.06,13.765,1.58,2.17
334.11,13.766,1.57,2.26
334.16,13.767,1.66,2.34
334.21,13.768,1.59,2.16
334.21,13.768,1.42,2.13
334.26,13.769,1.73,2.38
334.31,13.77,1.54,2.09
334.36,13.771,1.58,2.19
334.41,13.772,1.51,2.2
334.46,13.773,1.49,2.14
334.51,13.774,1.51,2.14
334.56,13.775,1.55,2.21
334.61,13.776,1.49,1.96
334.66,13.777,1.44,2.28
334.71,13.778,1.6,2.28
334.76,13.779,1.52,2.33
334.81,13.78,1.38,2.14
334.86,13.782,1.42,2.23
334.91,13.783,1.33,1.94
334.96,13.784,1.36,2.16
335.01,13.785,1.45,2.25
335.06,13.786,1.39,2.08
335.11,13.787,1.34,2.01
335.16,13.788,1.26,2.06
335.21,13.789,1.39,2.01
335.26,13.79,1.24,1.97
335.31,13.791,1.22,1.92
335.36,13.792,1.35,2.03
335.41,13.793,1.47,2.12
335.46,13.794,1.43,2.31
335.51,13.795,1.44,2.07
335.56,13.796,1.31,1.96
335.61,13.797,1.27,1.99
335.66,13.798,1.31,1.93
335.71,13.799,1.19,2.07
335.76,13.8,1.21,1.91
335.81,13.801,1.24,1.65
335.86,13.802,1.22,1.99
335.91,13.803,1.34,1.89
335.96,13.804,1.31,2.13
336.01,13.805,1.29,1.87
336.06,13.806,1.17,1.99
336.11,13.807,1.2,1.84
336.16,13.808,1.21,2.18
336.21,13.809,1.05,1.79
336.26,13.81,0.82,1.96
336.31,13.811,,
336.36,13.812,0.83,1.77
336.41,13.813,0.95,1.57
336.46,13.814,0.71,1.81
336.51,13.815,0.73,1.84
336.56,13.816,0.79,1.7
336.61,13.817,0.95,1.75
336.66,13.818,1.04,1.75
336.71,13.819,1.23,2.02
336.76,13.82,0.92,1.74
336.81,13.821,1.4,1.73
336.86,13.823,1.23,1.65
336.91,13.824,1.36,1.5
336.96,13.825,1.04,1.6
337.01,13.826,1.33,1.63
337.06,13.827,1.12,1.46
337.11,13.828,1.02,1.43
337.16,13.829,1.11,1.7
337.21,13.83,1,1.47
337.26,13.831,1.15,1.88
337.31,13.832,1.09,1.68
337.36,13.833,1.08,1.81
337.41,13.834,1.18,1.83
337.46,13.835,1.11,1.67
337.51,13.836,1.15,1.88
337.56,13.837,1.1,2.04
337.61,13.838,1.08,1.96
337.66,13.839,1.09,1.96
337.71,13.84,1.13,1.91
337.76,13.841,0.97,2.08
337.81,13.842,1.01,1.85
337.86,13.843,1.15,2.16
337.96,13.848,1.06,1.77
338.01,13.85,1.09,1.73
338.06,13.852,1.13,1.85
338.11,13.855,1.07,1.68
338.16,13.857,1.13,1.85
336.61,13.86,1.04,1.61
336.66,13.862,0.96,1.6
336.71,13.865,1.1,1.65
336.76,13.867,1.08,1.37
336.81,13.869,1.03,1.52
336.86,13.872,0.93,1.47
336.91,13.874,0.81,1.26
336.96,13.876,0.8,1.29
337.01,13.879,0.74,1.32
337.06,13.881,0.74,1.37
337.11,13.883,0.92,1.64
337.16,13.886,0.83,1.62
337.21,13.888,1.1,1.68
337.26,13.891,1.05,1.65
337.31,13.893,1.13,1.41
337.36,13.896,0.96,1.29
337.41,13.898,0.95,1.2
337.46,13.901,0.88,1.08
337.51,13.903,1.14,1.25
337.56,13.905,1.1,1.1
337.61,13.906,0.97,1.06
337.66,13.908,1.24,1.19
337.71,13.91,1.2,1.27
337.76,13.912,1.03,1.34
337.81,13.914,0.72,1.18
337.86,13.916,0.73,1.14
337.91,13.917,0.78,1.53
337.96,13.919,0.63,1.07
338.01,13.921,1.06,1.89
338.06,13.923,0.92,1.7
338.11,13.925,1.05,1.87
338.16,13.926,0.89,1.78
338.21,13.928,0.92,1.56
338.26,13.93,0.81,1.73
338.31,13.932,1.21,1.82
338.36,13.934,1.08,1.42
338.41,13.936,1.18,1.5
338.46,13.937,1.04,1.28
338.51,13.939,1.21,1.41
338.56,13.941,1.1,1.32
338.61,13.943,1.32,1.6
338.66,13.945,1.17,1.38
338.71,13.947,1.12,1.4
338.76,13.948,1.15,1.5
338.81,13.95,1.11,1.58
338.86,13.952,0.98,1.54
338.91,13.954,0.91,1.56
338.96,13.956,0.95,1.56
339.01,13.957,1.05,1.55
339.06,13.959,0.97,1.82
339.11,13.961,0.96,1.64
339.16,13.963,0.97,1.88
339.21,13.965,1.05,1.67
339.26,13.967,1.04,1.94
339.31,13.968,0.96,1.68
339.36,13.97,1.06,1.62
339.41,13.972,0.99,1.6
339.46,13.974,0.92,1.56
339.51,13.976,1.04,1.57
339.56,13.977,1.15,1.65
339.61,13.979,1.17,1.6
339.66,13.981,1.21,1.56
339.71,13.983,1.15,1.51
339.76,13.985,1.28,1.43
339.81,13.987,1.34,1.53
339.86,13.988,1.3,1.38
339.91,13.99,1.29,1.32
339.96,13.992,1.21,1.06
340.01,13.993,1.19,1.23
340.06,13.995,1.02,1.31
340.11,13.996,1.16,1.3
340.16,13.997,1.07,1.18
340.21,13.998,1.17,1.58
340.26,14,1.01,1.38
340.31,14.001,1.11,1.58
340.36,14.002,1.1,1.39
340.41,14.003,1.24,1.82
340.46,14.005,1.02,1.78
340.51,14.006,0.98,1.56
340.56,14.007,1.13,1.76
340.61,14.008,1.13,1.76
340.66,14.01,1.15,1.83
340.71,14.011,1.14,1.74
340.76,14.012,1.16,1.87
340.81,14.013,1.25,1.7
340.86,14.015,1.21,1.77
340.91,14.016,1.09,1.59
340.96,14.017,1.17,1.8
341.01,14.018,1.39,1.68
341.06,14.02,1.35,1.72
341.11,14.021,1.34,1.48
341.16,14.022,1.49,1.74
341.21,14.023,1.47,1.37
341.26,14.025,1.48,1.82
341.31,14.026,1.28,1.41
341.36,14.027,1.13,1.29
341.41,14.028,1.17,1.55
341.46,14.03,1.12,1.55
341.51,14.031,0.94,1.48
341.56,14.033,1.13,1.69
341.61,14.035,1.09,1.66
341.66,14.036,1.3,2.14
341.71,14.038,1.18,1.75
341.71,14.038,1.18,1.84
341.76,14.04,1.25,2.16
341.81,14.042,1.12,2.02
341.86,14.043,1.16,1.97
341.91,14.045,1.14,1.86
341.96,14.047,1.27,2.02
342.01,14.049,1.41,1.99
342.06,14.05,1.26,1.78
342.11,14.052,1.37,1.8
342.16,14.054,1.21,1.69
342.21,14.056,1.5,1.84
342.26,14.057,1.33,1.55
342.31,14.059,1.46,1.72
342.36,14.061,1.42,1.57
342.11,14.062,1.36,1.57
342.16,14.064,1.54,1.81
342.21,14.066,1.51,1.51
342.26,14.068,1.34,1.63
342.31,14.069,1.33,1.56
342.36,14.071,1.34,1.68
342.41,14.073,1.32,1.48
342.46,14.075,1.26,1.61
342.51,14.076,1.22,1.64
342.56,14.078,1.12,1.68
342.61,14.08,1.27,1.7
342.66,14.082,1.25,1.68
342.71,14.083,1.32,1.7
342.76,14.085,1.22,1.74
342.81,14.087,1.3,1.62
342.86,14.089,1.22,1.89
342.91,14.09,1.19,1.72
342.96,14.092,1.33,1.71
343.01,14.094,1.37,1.69
343.06,14.096,1.33,1.73
343.11,14.097,1.34,1.47
343.16,14.099,1.32,1.55
343.21,14.101,1.41,1.41
343.26,14.103,1.38,1.45
343.31,14.104,1.45,1.55
343.36,14.106,1.29,1.41
343.41,14.108,1.31,1.27
343.46,14.11,1.38,1.49
343.51,14.112,1.35,1.39
343.56,14.114,1.25,1.4
343.61,14.116,1.28,1.37
343.66,14.118,1.13,1.58
343.71,14.12,1.16,1.44
343.76,14.122,1.15,1.57
343.81,14.123,1.19,1.75
343.86,14.125,1.2,1.64
343.91,14.127,1.16,1.84
343.96,14.129,1.18,1.85
344.01,14.131,1.16,1.78
344.06,14.133,1.28,2.17
344.11,14.135,1.17,1.8
344.16,14.137,1.21,1.95
344.21,14.139,1.26,1.85
344.26,14.141,1.3,2.14
344.31,14.143,1.27,2.04
344.36,14.145,1.39,2.26
344.41,14.147,1.37,1.82
344.46,14.149,1.3,1.62
344.51,14.151,1.35,1.7
344.56,14.152,1.26,1.59
344.61,14.154,1.35,1.37
344.66,14.156,1.29,1.37
344.71,14.158,1.4,1.48
344.76,14.16,1.28,1.74
344.81,14.162,1.29,1.43
344.86,14.164,1.19,1.65
344.91,14.166,1.2,1.88
344.96,14.168,1.2,1.92
345.01,14.17,1.07,1.66
345.06,14.172,1.07,1.65
345.11,14.174,0.94,1.6
345.11,14.174,1.01,1.79
345.16,14.176,0.99,1.58
345.21,14.178,0.9,1.67
345.26,14.18,0.92,1.74
345.31,14.181,0.8,1.67
345.36,14.183,1.04,1.99
345.41,14.185,1.13,1.83
345.46,14.187,1.14,1.86
345.51,14.189,1.12,1.8
345.56,14.191,1.16,1.83
345.61,14.193,1.16,1.73
345.66,14.195,1.3,1.8
345.71,14.197,1.26,1.57
345.76,14.199,1.23,1.67
345.81,14.201,1.21,1.53
345.86,14.203,1.28,1.52
345.91,14.205,1.16,1.48
345.96,14.207,1.23,1.74
346.01,14.209,1.16,1.52
346.01,14.209,1.14,1.55
346.06,14.21,1.28,1.3
346.11,14.212,1.27,1.53
346.16,14.214,1.19,1.52
346.21,14.216,1.22,1.56
346.26,14.218,1.17,1.56
346.31,14.22,1.38,1.68
346.36,14.222,1.29,1.84
346.41,14.224,1.14,1.65
346.46,14.226,1.3,1.64
346.51,14.228,1.26,1.71
346.56,14.23,1.14,1.57
346.41,14.232,1.17,1.62
346.61,14.232,1.18,1.67
346.46,14.234,1.1,1.62
346.51,14.236,1.14,1.67
346.56,14.238,1.07,1.58
346.61,14.24,1.01,1.6
346.66,14.242,1.15,1.57
346.71,14.244,1.2,1.69
346.76,14.246,1.12,1.59
346.81,14.248,1.17,1.56
346.86,14.25,1.23,1.6
346.91,14.252,1.44,1.82
346.96,14.254,1.36,1.71
347.01,14.256,1.43,1.77
347.06,14.258,1.35,1.68
347.11,14.26,1.61,1.74
347.16,14.261,1.37,1.57
347.21,14.263,1.54,1.27
347.26,14.265,1.47,1.64
347.31,14.267,1.35,1.4
347.36,14.269,1.37,1.49
347.41,14.271,1.16,1.3
347.46,14.273,1.3,1.53
347.51,14.275,1.11,1.16
347.56,14.276,1.18,1.58
347.61,14.278,1.07,1.25
347.66,14.279,0.95,1.32
347.71,14.281,0.96,1.21
347.76,14.282,1.13,1.5
347.81,14.283,1.16,1.52
347.86,14.285,1.36,1.86
347.91,14.286,1.19,1.67
347.91,14.286,1.27,1.6
347.96,14.287,1.19,1.83
348.01,14.289,1.25,1.79
348.06,14.29,1.29,1.81
348.11,14.292,1.28,1.76
348.16,14.293,1.37,1.83
348.21,14.294,1.27,1.68
348.26,14.296,1.29,1.49
348.31,14.297,1.29,1.65
348.36,14.298,1.2,1.42
348.41,14.3,1.27,1.51
348.46,14.301,1.13,1.24
348.51,14.303,1.21,1.3
348.56,14.304,1.32,1.13
348.61,14.306,1.47,1.34
348.66,14.308,1.38,1.14
348.71,14.31,1.5,1.31
348.76,14.312,1.53,1.32
348.81,14.314,1.36,1.29
348.86,14.315,1.45,1.24
348.91,14.317,1.28,1.35
348.96,14.319,1.12,1.22
349.01,14.321,1.04,1.32
349.06,14.323,1,1.37
349.11,14.325,1.01,1.41
349.16,14.327,0.96,1.61
349.21,14.329,1.19,1.64
349.26,14.331,1.15,1.73
349.31,14.333,1.2,1.8
349.36,14.335,1.35,1.8
349.41,14.336,1.29,1.66
349.46,14.338,1.39,1.45
349.51,14.34,1.28,1.49
349.56,14.342,1.14,1.18
349.61,14.344,1.23,1.23
349.66,14.346,1.21,1.3
349.71,14.348,1.32,1.2
349.76,14.35,1.44,1.62
349.81,14.352,1.33,1.41
349.86,14.354,1.3,1.52
349.91,14.356,1.17,1.32
349.96,14.358,1.26,1.51
350.01,14.359,1.11,1.31
350.06,14.361,1.06,1.47
350.11,14.363,0.88,1.29
350.11,14.363,0.92,1.18
350.16,14.365,0.84,1.28
350.21,14.367,1.03,1.45
350.26,14.369,0.95,1.38
350.31,14.371,1.24,1.66
350.36,14.373,1.19,1.69
350.41,14.375,1.36,1.6
350.46,14.377,1.47,1.68
350.51,14.379,1.46,1.59
350.56,14.38,1.54,1.49
350.61,14.382,1.3,1.23
350.66,14.384,1.34,1.37
350.71,14.386,1.17,1.1
350.76,14.388,1.12,1.29
350.81,14.39,1.18,1.05
350.86,14.392,1.31,1.48
350.91,14.394,1.31,1.36
350.96,14.396,1.39,1.77
351.01,14.398,1.53,1.68
351.06,14.4,1.5,1.81
351.11,14.402,1.37,1.68
351.16,14.403,1.29,1.77
351.21,14.405,1.38,1.55
351.26,14.407,1.27,1.7
351.31,14.409,1.17,1.4
351.36,14.411,1.26,1.68
351.41,14.413,1.27,1.45
351.46,14.415,1.25,1.61
351.51,14.417,1.22,1.55
351.56,14.419,1.57,1.62
351.61,14.421,1.62,1.65
351.66,14.423,1.59,1.71
351.71,14.424,1.61,1.71
351.76,14.426,1.53,1.31
351.81,14.428,1.51,1.5
351.86,14.43,1.58,1.16
351.91,14.432,1.5,1.22
351.96,14.434,1.3,1.3
352.01,14.436,1.39,1.11
352.06,14.437,1.25,1.21
352.11,14.438,1.33,1.41
352.16,14.439,1.09,1.43
352.21,14.441,1.37,1.61
352.26,14.442,1.26,1.81
352.31,14.443,1.31,1.49
352.36,14.444,1.3,2.03
352.41,14.445,1.51,1.87
352.46,14.446,1.33,2.11
352.51,14.447,1.4,1.85
352.61,14.45,1.53,1.89
352.66,14.451,1.4,1.88
352.71,14.452,1.46,1.82
352.76,14.453,1.25,1.8
352.81,14.454,1.36,1.73
352.86,14.455,1.36,1.58
352.91,14.456,1.54,1.56
352.96,14.458,1.44,1.54
353.01,14.459,1.63,1.57
353.06,14.46,1.38,1.57
353.11,14.461,1.6,1.31
353.21,14.463,1.6,1.26
353.26,14.464,1.38,1.49
353.31,14.466,1.54,1.37
353.36,14.467,1.35,1.42
353.41,14.468,1.49,1.35
353.46,14.469,1.12,1.54
353.51,14.47,1.32,1.27
353.56,14.471,1.1,1.51
353.61,14.472,1.35,1.45
353.66,14.473,1.24,1.57
353.71,14.475,1.35,1.41
353.76,14.476,1.15,1.53
353.81,14.477,1.37,1.68
353.86,14.478,1.19,1.65
353.91,14.479,1.34,1.7
353.96,14.48,1.32,1.71
354.01,14.481,1.52,1.72
354.06,14.483,1.4,1.94
354.11,14.484,1.61,1.57
354.16,14.485,1.45,1.65
354.21,14.486,1.79,1.41
354.26,14.487,1.18,1.36
354.31,14.488,1.38,1.55
354.36,14.489,1.41,1.51
354.41,14.491,1.36,1.43
354.46,14.492,0.97,1.34
354.51,14.493,1.4,1.23
354.56,14.494,0.91,1.19
354.61,14.495,1.47,1.36
354.46,14.5,1.53,1.3
354.51,14.501,1.2,1.15
354.56,14.503,1.37,1.24
354.61,14.504,1.14,1.1
354.66,14.505,1.13,1.16
354.71,14.506,1,1.03
354.76,14.507,1.09,1.13
354.81,14.509,1.12,1.31
354.86,14.51,1.02,1.35
354.91,14.511,1.15,1.42
354.96,14.513,1.02,1.55
355.01,14.514,1.19,1.73
355.06,14.515,1.15,1.79
355.11,14.517,1.12,1.79
355.16,14.518,1.25,1.76
355.21,14.519,1.23,1.73
355.26,14.521,1.22,1.71
355.31,14.522,1.41,1.83
355.36,14.523,1.06,1.75
355.41,14.525,1.26,1.85
355.46,14.526,1.28,1.77
355.51,14.527,1.11,1.83
355.56,14.529,1.12,1.72
355.61,14.53,1.4,1.93
355.66,14.531,1.1,1.66
355.71,14.533,1.16,1.46
355.76,14.534,1.13,1.72
355.81,14.535,1.22,1.67
355.86,14.537,1.21,1.73
355.91,14.538,1.08,1.53
355.96,14.539,1,1.54
356.01,14.541,1.23,1.45
356.06,14.542,1.19,1.67
356.11,14.543,1.2,1.52
356.16,14.545,1.69,1.34
356.21,14.546,1.66,1.27
356.26,14.547,1.56,1.33
356.31,14.549,1.7,1.34
356.36,14.55,1.5,1.11
356.41,14.551,1.51,1.18
356.46,14.553,1.73,1.37
356.51,14.554,1.74,1.3
356.56,14.555,1.62,1.4
356.61,14.556,1.63,1.29
356.66,14.558,1.55,1.34
356.71,14.559,1.55,1.45
356.76,14.56,1.46,1.31
356.81,14.561,1.51,1.33
356.86,14.563,1.48,1.37
356.91,14.564,1.45,1.35
356.96,14.565,1.33,1.29
357.01,14.566,1.35,1.29
357.06,14.568,1.35,1.48
357.11,14.569,1.38,1.57
357.16,14.57,1.35,1.56
357.21,14.571,1.43,1.67
357.26,14.573,1.53,1.63
357.31,14.574,1.61,1.8
357.36,14.575,1.53,1.53
357.41,14.576,1.58,1.59
357.46,14.578,1.67,1.4
357.51,14.579,1.68,1.4
357.56,14.58,1.7,1.45
357.61,14.581,1.61,1.34
357.66,14.583,1.71,1.42
357.71,14.584,1.61,1.27
357.76,14.585,1.6,1.29
357.81,14.586,1.67,1.15
357.86,14.588,1.62,1.11
357.91,14.589,1.41,1.1
357.96,14.591,1.44,1.2
358.01,14.592,1.5,1.07
358.06,14.594,1.37,1.18
358.11,14.596,1.38,1.19
358.16,14.598,1.39,1.33
358.21,14.599,1.38,1.35
358.26,14.601,1.46,1.68
358.31,14.603,1.44,1.55
358.36,14.605,1.52,1.68
358.41,14.606,1.51,1.64
358.46,14.608,1.58,1.82
358.51,14.61,1.56,1.66
358.56,14.612,1.6,1.92
358.61,14.613,1.64,1.73
358.66,14.615,1.67,1.86
358.71,14.617,1.48,1.34
358.76,14.619,1.64,1.63
358.81,14.62,1.53,1.34
358.86,14.622,1.66,1.52
358.91,14.624,1.67,1.46
358.96,14.626,1.66,1.57
359.01,14.627,1.54,1.28
359.06,14.629,1.62,1.32
359.11,14.631,1.56,1.38
359.16,14.633,1.71,1.48
359.21,14.634,1.69,1.52
359.26,14.636,1.66,1.48
359.31,14.638,1.63,1.4
359.36,14.639,1.62,1.41
359.41,14.641,1.7,1.53
359.46,14.643,1.52,1.39
359.51,14.645,1.63,1.54
359.56,14.646,1.39,1.37
359.61,14.648,1.44,1.42
359.66,14.65,1.4,1.41
359.71,14.652,1.35,1.49
359.76,14.653,1.31,1.43
359.81,14.655,1.44,1.55
359.86,14.657,1.34,1.49
359.91,14.659,1.27,1.51
359.96,14.66,1.35,1.61
360.01,14.662,1.51,1.59
360.06,14.664,1.4,1.63
360.11,14.666,1.45,1.72
360.16,14.667,1.4,1.55
360.21,14.669,1.38,1.49
360.26,14.671,1.43,1.55
360.31,14.673,1.44,1.63
360.36,14.674,1.38,1.43
360.41,14.676,1.17,1.42
360.46,14.678,1.37,1.22
360.51,14.68,1.37,1.35
360.56,14.681,1.32,1.26
360.61,14.683,1.29,1.28
360.66,14.685,1.2,1.03
360.71,14.686,1.25,1.41
360.76,14.688,1.23,1.12
360.81,14.69,1.18,1.22
360.86,14.692,1.25,1.27
360.91,14.693,1.1,1.36
360.96,14.695,1.22,1.37
361.01,14.697,1.17,1.48
361.06,14.699,1.32,1.51
361.11,14.7,1.35,1.55
361.16,14.702,1.25,1.34
361.21,14.704,1.29,1.53
361.26,14.706,1.09,1.44
361.31,14.707,1.26,1.47
361.36,14.709,1.2,1.35
361.41,14.711,1.24,1.55
361.46,14.713,1.22,1.49
361.51,14.714,1.14,1.32
361.56,14.716,1.17,1.09
361.61,14.718,0.95,1.12
361.66,14.72,1.14,1.29
361.71,14.721,1.24,1.18
361.76,14.723,1.38,1.09
361.81,14.725,1.4,1.12
361.86,14.727,1.45,1.08
361.91,14.728,1.22,1.07
361.96,14.73,1.24,1.15
362.01,14.732,1.05,0.92
362.06,14.733,1.13,1.14
362.11,14.735,0.84,0.8
362.16,14.737,0.86,1.08
362.21,14.739,1.17,1.14
362.26,14.74,1.27,1.44
362.31,14.742,1.4,1.47
362.36,14.744,1.43,1.51
362.41,14.746,1.36,1.28
362.46,14.747,1.32,1.1
362.51,14.749,1.2,1.05
362.56,14.751,1.23,1.11
362.61,14.753,1.53,1.31
362.66,14.754,1.51,1.49
362.71,14.756,1.55,1.33
362.76,14.758,1.6,1.5
362.81,14.76,1.44,1.28
362.86,14.761,1.42,1.36
362.91,14.763,1.34,1.47
362.96,14.765,1.11,1.22
363.01,14.767,1.12,1.22
363.06,14.768,1,1.21
363.11,14.77,1.13,1.5
363.16,14.772,1.09,1.46
363.21,14.774,1.19,1.64
363.26,14.775,1.22,1.77
363.31,14.777,1.29,1.88
363.36,14.779,1.15,1.62
363.41,14.781,1.17,1.8
363.46,14.783,1.29,1.89
363.51,14.785,1.29,1.84
363.56,14.787,1.25,1.83
359.01,14.793,1.13,1.39
359.11,14.797,1.14,1.46
359.21,14.801,1.19,1.47
359.31,14.804,1.28,1.32
359.41,14.808,1.3,1.34
359.51,14.812,1.07,1.22
359.61,14.816,0.97,1.13
359.71,14.82,0.91,1.05
359.81,14.824,1.51,1.6
359.91,14.827,1.29,1.23
360.01,14.831,1.13,0.88
360.11,14.835,0.93,0.86
360.21,14.837,0.85,0.91
360.31,14.839,1.04,1.08
360.41,14.842,1.34,1.3
360.51,14.844,1.37,1.56
360.61,14.846,1.48,1.57
360.71,14.848,1.41,1.4
360.81,14.85,1.22,1.44
364.71,14.852,1.46,1.56
360.91,14.853,0.94,1.11
361.01,14.855,1.01,1.2
364.81,14.855,1.39,1.46
364.91,14.857,1.27,1.36
365.01,14.859,1.07,1.22
365.11,14.861,1.03,1.34
365.21,14.864,1.05,1.34
365.31,14.866,1.16,1.59
365.41,14.868,1.31,1.71
365.51,14.87,1.39,1.55
365.61,14.872,1.38,1.52
365.71,14.875,1.36,1.42
365.81,14.877,1.34,1.46
365.91,14.879,1.27,1.36
366.01,14.881,1.26,1.38
366.11,14.883,1.24,1.21
366.21,14.886,1.2,1.2
366.31,14.888,1.23,1.36
366.41,14.89,1.2,1.35
366.51,14.892,1.27,1.62
366.61,14.895,1.25,1.57
366.71,14.897,1.35,1.54
366.81,14.899,1.32,1.67
366.91,14.901,1.24,1.65
367.01,14.903,1.23,1.51
367.11,14.906,1.28,1.42
367.21,14.908,1.13,1.34
367.31,14.91,1.13,1.06
367.41,14.914,1.2,1.19
367.51,14.918,1.39,1.25
367.61,14.922,1.41,1.24
367.71,14.926,1.21,1.22
367.81,14.93,0.95,0.9
367.91,14.933,1,1.06
368.01,14.937,1.01,0.88
368.11,14.941,1.42,1.53
368.21,14.945,1.43,1.35
368.31,14.949,1.24,1.05
368.41,14.953,1.27,1.27
368.51,14.957,1.52,1.48
368.61,14.961,1.42,1.37
368.71,14.964,1.39,1.36
368.81,14.968,1.32,1.29
368.91,14.972,1.3,1.37
369.01,14.976,1.44,1.53
369.11,14.98,1.48,1.6
369.21,14.984,1.48,1.71
369.31,14.987,1.38,1.51
369.41,14.991,1.29,1.4
369.51,14.995,1.36,1.45
369.61,14.999,1.39,1.46
369.71,15.003,1.36,1.39
369.81,15.007,1.46,1.51
369.91,15.01,1.25,1.39
370.01,15.014,1.23,1.36
370.11,15.018,1.25,1.42
370.21,15.022,1.28,1.48
370.31,15.026,1.25,1.49
370.41,15.03,1.21,1.36
370.51,15.034,1.25,1.66
370.61,15.037,1.18,1.42
370.71,15.041,1.22,1.31
370.81,15.045,1.11,1.27
370.91,15.049,1.12,1.24
371.01,15.053,1.03,1.11
371.11,15.057,1.14,1.28
371.21,15.06,1.22,1.45
371.31,15.064,1.18,1.34
371.42,15.068,1.19,1.52
371.52,15.072,1.23,1.39
371.62,15.076,1.21,1.03
371.72,15.08,0.94,0.69
371.82,15.084,1.3,1.18
371.92,15.088,1.38,1.27
372.02,15.092,1.01,0.96
372.12,15.096,0.86,1.06
372.22,15.1,0.99,1.05
372.32,15.103,1.14,1.42
372.42,15.107,1.3,1.58
372.52,15.111,1.36,1.57
372.62,15.115,1.37,1.74
372.72,15.119,1.15,1.2
372.82,15.122,1.32,1.28
372.93,15.126,1.5,1.61
373.03,15.129,1.44,1.47
373.13,15.133,1.41,1.55
373.23,15.136,1.34,1.66
373.33,15.139,1.19,1.48
373.43,15.142,1.24,1.47
373.53,15.146,1.38,1.71
368.51,15.148,1.31,1.47
368.61,15.151,1.17,1.31
368.71,15.154,1.4,1.6
368.81,15.158,1.29,1.55
368.91,15.161,1.33,1.54
369.01,15.164,1.4,1.51
369.11,15.168,1.33,1.47
369.21,15.171,1.24,1.34
369.31,15.174,1.28,1.29
369.41,15.177,1.18,1.21
369.51,15.181,1.39,1.62
369.61,15.184,1.45,1.51
369.71,15.187,1.42,1.36
369.81,15.191,1.21,1.14
369.91,15.194,0.79,0.76
370.01,15.2,1.04,0.97
370.11,15.205,1.52,1.26
370.21,15.211,1.38,1.09
370.31,15.217,1,1.05
370.41,15.223,0.96,1.28
370.51,15.228,1.17,1.46
370.61,15.234,1.22,1.44
370.71,15.24,1.36,1.75
370.81,15.246,1.52,1.69
370.91,15.251,1.36,1.59
371.01,15.257,1.33,1.61
371.11,15.263,1.36,1.49
371.21,15.269,1.51,1.68
371.31,15.274,1.67,1.74
371.41,15.28,1.51,1.45
371.51,15.286,1.42,1.25
371.61,15.29,1.68,1.5
371.71,15.295,1.63,1.26
371.81,15.299,1.37,1.35
371.91,15.303,1.1,1.03
372.01,15.308,1.25,1.33
372.11,15.312,1.52,1.56
372.11,15.312,1.59,1.6
372.21,15.316,1.71,1.7
372.31,15.321,1.58,1.25
372.41,15.325,1.44,1.21
372.51,15.328,1.43,1.32
372.61,15.33,1.56,1.64
372.71,15.333,1.59,1.7
372.81,15.336,1.57,1.66
372.91,15.339,1.44,1.66
373.01,15.341,1.53,1.8
373.11,15.344,1.62,1.81
373.21,15.347,1.64,1.77
373.31,15.35,1.69,1.6
373.41,15.352,1.65,1.54
373.51,15.355,1.61,1.58
373.61,15.358,1.56,1.26
373.71,15.361,1.67,1.71
373.81,15.363,1.6,1.8
373.91,15.366,1.51,1.51
374.01,15.369,1.48,1.56
374.11,15.372,1.42,1.51
374.11,15.372,1.39,1.47
374.21,15.374,1.49,1.64
374.31,15.377,1.58,1.72
374.41,15.38,1.63,1.68
374.51,15.383,1.69,1.63
374.61,15.385,1.66,1.55
374.71,15.388,1.49,1.41
374.81,15.391,1.56,1.55
374.91,15.393,1.64,1.77
375.01,15.396,1.62,1.59
375.11,15.399,1.65,1.65
375.21,15.402,1.55,1.68
375.31,15.404,1.41,1.45
375.41,15.407,1.45,1.82
375.51,15.41,,
375.61,15.413,1.58,1.82
375.71,15.415,1.59,1.84
375.81,15.418,1.61,1.78
375.91,15.421,1.67,1.79
376.01,15.424,1.5,1.64
376.11,15.426,1.58,1.53
376.21,15.429,1.7,1.47
376.31,15.432,1.62,1.42
376.51,15.437,1.44,1.27
376.61,15.44,1.31,1.15
379.41,15.443,1.6,1.47
379.51,15.447,1.62,1.58
379.61,15.452,1.67,1.59
379.71,15.456,1.65,1.46
379.81,15.46,1.67,1.46
379.91,15.464,1.55,1.36
380.01,15.468,1.37,1.2
380.11,15.472,1.27,1.22
380.21,15.476,1.2,1.14
380.31,15.48,1.31,1.45
380.41,15.485,1.53,1.59
380.51,15.489,1.5,1.52
380.61,15.493,1.46,1.2
380.71,15.497,1.37,1.24
380.81,15.501,1.3,1.06
380.92,15.506,1.72,1.39
381.02,15.51,1.59,1.37
381.12,15.514,1.41,1.27
381.22,15.518,1.02,1.02
381.32,15.52,1.26,1.28
381.42,15.521,1.36,1.45
381.52,15.523,1.43,1.63
381.62,15.525,1.45,1.75
381.72,15.527,1.53,1.72
381.82,15.528,1.51,1.77
381.92,15.53,1.52,1.63
382.02,15.532,1.31,1.58
382.12,15.534,1.34,1.45
382.22,15.535,1.34,1.49
382.32,15.537,1.57,1.67
382.43,15.539,1.56,1.65
382.53,15.541,1.53,1.64
382.63,15.543,1.57,1.63
382.73,15.544,1.49,1.57
382.83,15.546,1.54,1.64
382.93,15.548,1.41,1.52
383.03,15.55,1.41,1.61
383.13,15.551,1.39,1.5
383.23,15.553,1.37,1.48
383.33,15.555,1.35,1.54
379.91,15.556,1.3,1.41
380.01,15.558,1.34,1.39
380.11,15.56,1.34,1.27
380.21,15.561,1.38,1.59
380.31,15.563,1.41,1.49
380.41,15.565,1.38,1.18
380.51,15.567,1.27,1.08
380.61,15.568,1.16,1.14
380.71,15.57,0.84,0.67
380.81,15.575,0.93,0.77
380.91,15.58,1.39,1.16
381.01,15.585,0.98,1
381.11,15.59,0.84,0.67
381.21,15.595,,
381.31,15.6,1.57,1.3
381.41,15.605,1.5,1.24
381.51,15.61,0.76,0.67
381.61,15.613,0.87,0.86
381.71,15.617,1.43,1.34
381.81,15.62,,
381.91,15.624,1.45,1.93
382.01,15.627,1.29,1.68
382.11,15.63,1.36,1.65
382.21,15.634,1.49,1.89
382.31,15.637,1.58,1.65
382.43,15.641,1.56,1.66
382.53,15.644,1.59,1.65
382.63,15.648,1.53,1.59
382.73,15.651,1.5,1.49
382.83,15.655,1.44,1.49
382.93,15.658,1.38,1.46
383.03,15.661,1.25,1.35
383.13,15.665,1.3,1.49
383.23,15.668,1.34,1.6
383.33,15.671,1.37,1.59
383.43,15.675,1.5,1.66
383.53,15.678,1.6,1.69
383.63,15.682,1.51,1.41
383.73,15.685,1.3,1.06
383.83,15.689,1.55,1.26
383.94,15.694,1.62,1.46
384.04,15.698,1.37,1.16
384.14,15.703,1.19,1.14
384.24,15.707,1.58,1.5
384.34,15.711,1.75,1.46
384.44,15.715,1.67,1.57
384.54,15.72,1.5,1.39
384.64,15.724,1.59,1.38
384.74,15.727,1.85,1.9
384.84,15.73,1.79,1.8
384.94,15.734,1.75,1.71
387.91,15.735,1.69,1.66
388.01,15.738,1.72,1.78
388.11,15.741,1.73,1.64
388.21,15.745,1.79,1.74
388.31,15.748,1.74,1.57
388.41,15.751,1.85,1.6
388.51,15.754,1.86,1.64
388.71,15.761,1.59,1.54
388.81,15.764,1.41,1.38
388.92,15.768,1.36,1.46
389.02,15.771,1.46,1.48
389.12,15.774,1.49,1.65
389.22,15.777,1.58,1.81
389.32,15.781,1.76,1.89
389.42,15.784,1.72,1.63
389.52,15.787,1.66,1.36
389.62,15.79,1.96,1.6
389.72,15.794,1.9,1.7
389.82,15.797,1.79,1.49
389.92,15.8,1.75,1.35
390.02,15.804,1.59,1.42
390.12,15.808,1.87,1.64
390.22,15.812,1.83,1.64
390.32,15.815,1.88,1.61
390.44,15.82,1.87,1.7
390.54,15.824,1.78,1.69
390.64,15.828,1.83,1.6
390.74,15.832,1.83,1.64
390.84,15.836,1.75,1.8
390.94,15.84,1.79,1.69
391.04,15.843,1.76,1.61
391.14,15.847,1.79,1.69
391.24,15.851,1.68,1.43
391.34,15.855,1.68,1.41
391.44,15.859,1.77,1.79
391.54,15.863,1.66,1.7
391.64,15.868,1.62,1.58
391.74,15.872,1.61,1.48
391.84,15.876,1.6,1.55
391.96,15.881,1.92,1.72
392.06,15.886,1.76,1.42
392.16,15.89,1.68,1.63
392.26,15.894,1.56,1.21
392.36,15.897,1.63,1.51
392.46,15.899,1.79,1.77
392.56,15.902,1.96,1.89
392.66,15.904,1.98,1.93
392.76,15.907,1.77,1.84
392.86,15.909,1.94,1.83
392.96,15.912,1.91,1.72
393.06,15.914,1.92,1.85
393.16,15.917,1.84,1.66
393.26,15.919,2,1.76
393.36,15.922,1.91,1.74
393.48,15.925,1.88,1.57
393.58,15.927,1.65,1.66
393.78,15.932,1.63,1.57
393.88,15.935,1.69,1.58
393.98,15.937,1.66,1.44
394.08,15.94,1.7,1.47
394.18,15.942,1.78,1.76
394.28,15.945,1.66,1.81
394.38,15.947,1.67,1.65
394.48,15.95,1.7,1.68
394.58,15.952,1.46,1.35
394.68,15.955,1.72,1.6
394.7,15.955,1.59,1.41
394.8,15.958,1.66,1.33
394.9,15.96,1.96,1.56
395,15.963,1.64,1.47
395.1,15.965,1.49,1.37
395.2,15.968,1.33,1.23
395.3,15.971,1.4,1.73
395.4,15.973,1.96,1.47